<?xml version = '1.0' encoding = 'UTF-8'?>
<SynonymOraclev10g class="oracle.dbtools.crest.model.design.storage.oracle.v10g.SynonymOraclev10g" name="OBRIGATORIO_CAMPO_LAYOUT" directorySegmentName="seg_0" id="4409EAF2-00B7-7D54-AD73-9AC195B46430">
<sourceConnName>HIGIA_DEV.IMPORTACAO_VIDA</sourceConnName>
<sourceObjSchema>PUBLIC</sourceObjSchema>
<sourceObjName>OBRIGATORIO_CAMPO_LAYOUT</sourceObjName>
<createdBy>labbe</createdBy>
<createdTime>2017-06-28 18:53:54 UTC</createdTime>
<ownerDesignName>higia</ownerDesignName>
<object>OBRIGATORIO_CAMPO_LAYOUT</object>
<objectUser>ADF79B2D-067D-4D84-11B3-7DAEE603E4CC</objectUser>
<public>YES</public>
<referredObjectID>2F1C1DC7-BB7C-A72C-FB89-3C5D68AF60AD</referredObjectID>
</SynonymOraclev10g>