<?xml version = '1.0' encoding = 'UTF-8'?>
<SynonymOraclev10g class="oracle.dbtools.crest.model.design.storage.oracle.v10g.SynonymOraclev10g" name="LAYOUT_PADRAO" directorySegmentName="seg_0" id="9FA238F1-D243-22D9-9C87-9D4094CF5631">
<sourceConnName>HIGIA_DEV.IMPORTACAO_VIDA</sourceConnName>
<sourceObjSchema>PUBLIC</sourceObjSchema>
<sourceObjName>LAYOUT_PADRAO</sourceObjName>
<createdBy>labbe</createdBy>
<createdTime>2017-06-28 18:53:54 UTC</createdTime>
<ownerDesignName>higia</ownerDesignName>
<object>LAYOUT_PADRAO</object>
<objectUser>ADF79B2D-067D-4D84-11B3-7DAEE603E4CC</objectUser>
<public>YES</public>
<referredObjectID>1F8DCE19-DABB-9F00-27B1-62A830562BA3</referredObjectID>
</SynonymOraclev10g>