<?xml version = '1.0' encoding = 'UTF-8'?>
<SynonymOraclev10g class="oracle.dbtools.crest.model.design.storage.oracle.v10g.SynonymOraclev10g" name="CAMPO_LAYOUT_PADRAO" directorySegmentName="seg_0" id="FF15E9EC-117F-E32A-7080-B280A51A9E8B">
<sourceConnName>HIGIA_DEV.IMPORTACAO_VIDA</sourceConnName>
<sourceObjSchema>PUBLIC</sourceObjSchema>
<sourceObjName>CAMPO_LAYOUT_PADRAO</sourceObjName>
<createdBy>labbe</createdBy>
<createdTime>2017-06-28 18:53:54 UTC</createdTime>
<ownerDesignName>higia</ownerDesignName>
<object>CAMPO_LAYOUT_PADRAO</object>
<objectUser>ADF79B2D-067D-4D84-11B3-7DAEE603E4CC</objectUser>
<public>YES</public>
<referredObjectID>D4C2BA6C-13D7-14AA-64BC-BD1F97035D69</referredObjectID>
</SynonymOraclev10g>