<?xml version = '1.0' encoding = 'UTF-8'?>
<UserOraclev10g class="oracle.dbtools.crest.model.design.storage.oracle.v10g.UserOraclev10g" name="FATURAMENTO" directorySegmentName="seg_0" id="A5D8CB42-4695-E689-5AE6-33D1309388DF">
<sourceConnName>HIGIA_DEV.FATURAMENTO</sourceConnName>
<sourceObjName>FATURAMENTO</sourceObjName>
<createdBy>labbe</createdBy>
<createdTime>2017-06-28 18:04:48 UTC</createdTime>
<ownerDesignName>higia</ownerDesignName>
<schemaObject>72384F93-8CCD-F9D8-FFD6-CFA26CE5980E</schemaObject>
</UserOraclev10g>