<?xml version = '1.0' encoding = 'UTF-8'?>
<relationalModel class="oracle.dbtools.crest.model.design.relational.RelationalDesign" name="03. FATURAMENTO" id="0419937F-19C8-FBC6-656E-E069906D7074" mainViewID="44DA800E-FB79-08D2-E5AF-4BC5CA7B49C1">
<createdBy>labbe</createdBy>
<createdTime>2017-06-28 18:04:48 UTC</createdTime>
<ownerDesignName>higia</ownerDesignName>
<shouldBeOpen>true</shouldBeOpen>
<selectedRDBMSSite>3FD120B5-9F4E-6278-D5E2-746D192C8319</selectedRDBMSSite>
<redirectConnectionStamp class="oracle.dbtools.crest.imports.DBConnectionStamp">
<connName>HIGIA_DEV.FATURAMENTO</connName>
<connUrl>jdbc:oracle:thin:@sf-dsv.chapsiz2x54b.us-west-2.rds.amazonaws.com:1521:ORCL</connUrl>
<connUser>FATURAMENTO</connUser>
<connType>1</connType>
<syncSelected>-1</syncSelected>
</redirectConnectionStamp>
<importConnectionStamps>
<importConnectionStamp class="oracle.dbtools.crest.imports.DBConnectionStamp">
<connName>HIGIA_DEV.FATURAMENTO</connName>
<connUrl>jdbc:oracle:thin:@sf-dsv.chapsiz2x54b.us-west-2.rds.amazonaws.com:1521:ORCL</connUrl>
<connUser>FATURAMENTO</connUser>
<connType>1</connType>
<syncSelected>1</syncSelected>
</importConnectionStamp>
</importConnectionStamps>
</relationalModel>