<?xml version = '1.0' encoding = 'UTF-8'?>
<relationalModel class="oracle.dbtools.crest.model.design.relational.RelationalDesign" name="12. IMPORTACAO_VIDA" id="1E1D5F79-1007-3523-F499-EFB5E3510A39" mainViewID="82A0EFE0-534C-0BEA-01CD-1EB7C64F9F5B">
<createdBy>labbe</createdBy>
<createdTime>2017-06-28 18:53:34 UTC</createdTime>
<ownerDesignName>higia</ownerDesignName>
<shouldBeOpen>false</shouldBeOpen>
<selectedRDBMSSite>3FD120B5-9F4E-6278-D5E2-746D192C8319</selectedRDBMSSite>
<importConnectionStamps>
<importConnectionStamp class="oracle.dbtools.crest.imports.DBConnectionStamp">
<connName>HIGIA_DEV.IMPORTACAO_VIDA</connName>
<connUrl>jdbc:oracle:thin:@sf-dsv.chapsiz2x54b.us-west-2.rds.amazonaws.com:1521:ORCL</connUrl>
<connUser>IMPORTACAO_VIDA</connUser>
<connType>1</connType>
</importConnectionStamp>
</importConnectionStamps>
</relationalModel>