<?xml version = '1.0' encoding = 'UTF-8'?>
<relationalModel class="oracle.dbtools.crest.model.design.relational.RelationalDesign" name="07. ENDERECO" id="2722FA9F-7CAD-7792-D0FD-0C7896F217B5" mainViewID="33F482F9-5F86-95CF-D7C3-886C98F2BE7F">
<createdBy>labbe</createdBy>
<createdTime>2017-06-28 18:27:03 UTC</createdTime>
<ownerDesignName>higia</ownerDesignName>
<shouldBeOpen>true</shouldBeOpen>
<selectedRDBMSSite>3FD120B5-9F4E-6278-D5E2-746D192C8319</selectedRDBMSSite>
<redirectConnectionStamp class="oracle.dbtools.crest.imports.DBConnectionStamp">
<connName>HIGIA_HML.ENDERECO</connName>
<connUrl>jdbc:oracle:thin:@10.10.0.70:1521:higiadsv</connUrl>
<connUser>ENDERECO</connUser>
<connType>1</connType>
<syncSelected>-1</syncSelected>
</redirectConnectionStamp>
<importConnectionStamps>
<importConnectionStamp class="oracle.dbtools.crest.imports.DBConnectionStamp">
<connName>HIGIA_DEV.ENDERECO</connName>
<connUrl>jdbc:oracle:thin:@sf-dsv.chapsiz2x54b.us-west-2.rds.amazonaws.com:1521:ORCL</connUrl>
<connUser>ENDERECO</connUser>
<connType>1</connType>
<syncSelected>1</syncSelected>
</importConnectionStamp>
</importConnectionStamps>
</relationalModel>