<?xml version = '1.0' encoding = 'UTF-8'?>
<relationalModel class="oracle.dbtools.crest.model.design.relational.RelationalDesign" name="02. CONTRATO" id="31BE3791-67A6-81C3-A647-8AE51C351C5B" mainViewID="B9868587-CA94-5E6E-1776-CCA000190FF9">
<createdBy>labbe</createdBy>
<createdTime>2017-06-28 17:48:58 UTC</createdTime>
<ownerDesignName>higia</ownerDesignName>
<shouldBeOpen>true</shouldBeOpen>
<selectedRDBMSSite>3FD120B5-9F4E-6278-D5E2-746D192C8319</selectedRDBMSSite>
<redirectConnectionStamp class="oracle.dbtools.crest.imports.DBConnectionStamp">
<connName>HIGIA_DEV.CONTRATO</connName>
<connUrl>jdbc:oracle:thin:@sf-dsv.chapsiz2x54b.us-west-2.rds.amazonaws.com:1521:ORCL</connUrl>
<connUser>CONTRATO</connUser>
<connType>1</connType>
<syncSelected>-1</syncSelected>
</redirectConnectionStamp>
<importConnectionStamps>
<importConnectionStamp class="oracle.dbtools.crest.imports.DBConnectionStamp">
<connName>HIGIA_DEV.CONTRATO</connName>
<connUrl>jdbc:oracle:thin:@sf-dsv.chapsiz2x54b.us-west-2.rds.amazonaws.com:1521:ORCL</connUrl>
<connUser>CONTRATO</connUser>
<connType>1</connType>
<syncSelected>1</syncSelected>
</importConnectionStamp>
</importConnectionStamps>
</relationalModel>