<?xml version = '1.0' encoding = 'UTF-8'?>
<FKIndexAssociation class="oracle.dbtools.crest.model.design.relational.FKIndexAssociation" directorySegmentName="seg_0" id="1426B92D-D07D-5AF2-7373-77BE67F34C3F" containerWithKeyObject="CFB0DE67-8B27-8F91-6BCC-402CBF5C0F37" localFKIndex="408B7517-F5C2-B56B-9E8F-73AF669C298E" name="FK_FATURAMENTO_2">
<sourceConnName>HIGIA_DEV.FATURAMENTO</sourceConnName>
<sourceObjSchema>FATURAMENTO</sourceObjSchema>
<sourceObjName>FK_FATURAMENTO_2</sourceObjName>
<createdBy>labbe</createdBy>
<createdTime>2017-06-28 18:05:47 UTC</createdTime>
<ownerDesignName>higia</ownerDesignName>
<deleteRule>NO ACTION</deleteRule>
<referredTableID>258A0F7F-BACC-1702-A6FC-29546666851F</referredTableID>
<keyObject>7147758A-44F3-472B-E971-F5E8F0584AA8</keyObject>
<referredKeyID>7147758A-44F3-472B-E971-F5E8F0584AA8</referredKeyID>
<mandatory>true</mandatory>
<transferable>true</transferable>
<rely>false</rely>
<columnDependencyConstraintGenerateInDDL>true</columnDependencyConstraintGenerateInDDL>
</FKIndexAssociation>