<?xml version = '1.0' encoding = 'UTF-8'?>
<FKIndexAssociation class="oracle.dbtools.crest.model.design.relational.FKIndexAssociation" directorySegmentName="seg_0" id="1BECE2CD-1FF2-3706-484F-E025EC663A55" containerWithKeyObject="CFB0DE67-8B27-8F91-6BCC-402CBF5C0F37" localFKIndex="5373376F-9C9E-99EC-8B7A-251F63E0907C" name="FK_FATURAMENTO_3">
<sourceConnName>HIGIA_DEV.FATURAMENTO</sourceConnName>
<sourceObjSchema>FATURAMENTO</sourceObjSchema>
<sourceObjName>FK_FATURAMENTO_3</sourceObjName>
<createdBy>labbe</createdBy>
<createdTime>2017-06-28 18:05:47 UTC</createdTime>
<ownerDesignName>higia</ownerDesignName>
<deleteRule>NO ACTION</deleteRule>
<referredTableID>F994E307-28D9-3FFB-7D7A-1967FF2B4BC3</referredTableID>
<keyObject>7D2EB111-9F96-3E28-1BD9-8E7B00A0A1EA</keyObject>
<referredKeyID>7D2EB111-9F96-3E28-1BD9-8E7B00A0A1EA</referredKeyID>
<mandatory>true</mandatory>
<transferable>true</transferable>
<rely>false</rely>
<columnDependencyConstraintGenerateInDDL>true</columnDependencyConstraintGenerateInDDL>
</FKIndexAssociation>