<?xml version = '1.0' encoding = 'UTF-8'?>
<FKIndexAssociation class="oracle.dbtools.crest.model.design.relational.FKIndexAssociation" directorySegmentName="seg_0" id="1F9BA12B-D8EC-1EF8-AFA3-86B1A6490127" containerWithKeyObject="972A3150-7071-4E80-ACBE-09AC3A3DBC5B" localFKIndex="82C9E0C1-8EC7-55AE-7131-8DEC22DA2A31" name="FK_TIPO_PAGAMENTO_1">
<sourceConnName>HIGIA_DEV.FATURAMENTO</sourceConnName>
<sourceObjSchema>FATURAMENTO</sourceObjSchema>
<sourceObjName>FK_TIPO_PAGAMENTO_1</sourceObjName>
<createdBy>labbe</createdBy>
<createdTime>2017-06-28 18:05:47 UTC</createdTime>
<ownerDesignName>higia</ownerDesignName>
<deleteRule>NO ACTION</deleteRule>
<referredTableID>CFB0DE67-8B27-8F91-6BCC-402CBF5C0F37</referredTableID>
<keyObject>26755402-A12D-D51F-58AE-524962F37250</keyObject>
<referredKeyID>26755402-A12D-D51F-58AE-524962F37250</referredKeyID>
<mandatory>true</mandatory>
<transferable>true</transferable>
<rely>false</rely>
<columnDependencyConstraintGenerateInDDL>true</columnDependencyConstraintGenerateInDDL>
</FKIndexAssociation>