<?xml version = '1.0' encoding = 'UTF-8'?>
<FKIndexAssociation class="oracle.dbtools.crest.model.design.relational.FKIndexAssociation" directorySegmentName="seg_0" id="3D090D63-D1D5-D0C3-9EC7-C8639A1CEE98" containerWithKeyObject="4CCB1D67-A436-9DAC-4FCA-3552610A3192" localFKIndex="0D02817A-B7EF-5062-A1D5-9ADDEB65413C" name="FK_ACRESCIMO_DESCONTO_1">
<sourceConnName>HIGIA_DEV.FATURAMENTO</sourceConnName>
<sourceObjSchema>FATURAMENTO</sourceObjSchema>
<sourceObjName>FK_ACRESCIMO_DESCONTO_1</sourceObjName>
<createdBy>labbe</createdBy>
<createdTime>2017-06-28 18:05:47 UTC</createdTime>
<ownerDesignName>higia</ownerDesignName>
<deleteRule>NO ACTION</deleteRule>
<referredTableID>CFB0DE67-8B27-8F91-6BCC-402CBF5C0F37</referredTableID>
<keyObject>26755402-A12D-D51F-58AE-524962F37250</keyObject>
<referredKeyID>26755402-A12D-D51F-58AE-524962F37250</referredKeyID>
<mandatory>true</mandatory>
<transferable>true</transferable>
<rely>false</rely>
<columnDependencyConstraintGenerateInDDL>true</columnDependencyConstraintGenerateInDDL>
</FKIndexAssociation>