<?xml version = '1.0' encoding = 'UTF-8'?>
<FKIndexAssociation class="oracle.dbtools.crest.model.design.relational.FKIndexAssociation" directorySegmentName="seg_0" id="661EA984-16BD-8FFE-A982-469F8E1841F4" containerWithKeyObject="2471C8B6-AA1D-EDDA-F354-2C0BF3CF8B14" localFKIndex="15F1C7B6-5CC2-E0D4-52C5-45B3EFA30212" name="FK_DADO_BANCARIO_1">
<sourceConnName>HIGIA_DEV.FATURAMENTO</sourceConnName>
<sourceObjSchema>FATURAMENTO</sourceObjSchema>
<sourceObjName>FK_DADO_BANCARIO_1</sourceObjName>
<createdBy>labbe</createdBy>
<createdTime>2017-06-28 18:05:47 UTC</createdTime>
<ownerDesignName>higia</ownerDesignName>
<deleteRule>NO ACTION</deleteRule>
<referredTableID>FA03346F-138C-6C0A-C462-ECD355643B31</referredTableID>
<keyObject>7FA79368-9581-05F1-266D-8F4D426E8CF5</keyObject>
<referredKeyID>7FA79368-9581-05F1-266D-8F4D426E8CF5</referredKeyID>
<mandatory>true</mandatory>
<transferable>true</transferable>
<rely>false</rely>
<columnDependencyConstraintGenerateInDDL>true</columnDependencyConstraintGenerateInDDL>
</FKIndexAssociation>