<?xml version = '1.0' encoding = 'UTF-8'?>
<FKIndexAssociation class="oracle.dbtools.crest.model.design.relational.FKIndexAssociation" directorySegmentName="seg_0" id="709CE723-6C82-E005-29E6-5D2C33B0FFD4" containerWithKeyObject="884185AB-3C54-0800-484D-329E857FB742" localFKIndex="69C03C8D-56A4-01B4-42D5-685F13970F76" name="FK_RESPONSAVEL_FINANCEIRO_1">
<sourceConnName>HIGIA_DEV.FATURAMENTO</sourceConnName>
<sourceObjSchema>FATURAMENTO</sourceObjSchema>
<sourceObjName>FK_RESPONSAVEL_FINANCEIRO_1</sourceObjName>
<createdBy>labbe</createdBy>
<createdTime>2017-06-28 18:05:47 UTC</createdTime>
<ownerDesignName>higia</ownerDesignName>
<deleteRule>NO ACTION</deleteRule>
<referredTableID>CFB0DE67-8B27-8F91-6BCC-402CBF5C0F37</referredTableID>
<keyObject>26755402-A12D-D51F-58AE-524962F37250</keyObject>
<referredKeyID>26755402-A12D-D51F-58AE-524962F37250</referredKeyID>
<mandatory>true</mandatory>
<transferable>true</transferable>
<rely>false</rely>
<columnDependencyConstraintGenerateInDDL>true</columnDependencyConstraintGenerateInDDL>
</FKIndexAssociation>