<?xml version = '1.0' encoding = 'UTF-8'?>
<FKIndexAssociation class="oracle.dbtools.crest.model.design.relational.FKIndexAssociation" directorySegmentName="seg_0" id="7130E485-6FE9-6A69-B3A2-BC73722037A4" containerWithKeyObject="4CCB1D67-A436-9DAC-4FCA-3552610A3192" localFKIndex="C3E51874-D222-A695-FC0C-323504F024C9" name="FK_ACRESCIMO_DESCONTO_2">
<createdBy>labbe</createdBy>
<createdTime>2017-08-10 18:13:02 UTC</createdTime>
<ownerDesignName>higia</ownerDesignName>
<deleteRule>NO ACTION</deleteRule>
<referredTableID>DE9AE131-F1E5-F605-85B7-AF2B302EA6EC</referredTableID>
<keyObject>170B18B8-6D4B-B92F-F242-58DBAF88045E</keyObject>
<referredKeyID>170B18B8-6D4B-B92F-F242-58DBAF88045E</referredKeyID>
<mandatory>false</mandatory>
<transferable>true</transferable>
<rely>false</rely>
<columnDependencyConstraintGenerateInDDL>true</columnDependencyConstraintGenerateInDDL>
</FKIndexAssociation>