<?xml version = '1.0' encoding = 'UTF-8'?>
<FKIndexAssociation class="oracle.dbtools.crest.model.design.relational.FKIndexAssociation" directorySegmentName="seg_0" id="9A402DFD-256D-2C1C-C269-110E3F4127B4" containerWithKeyObject="FA03346F-138C-6C0A-C462-ECD355643B31" localFKIndex="51948D0D-F66D-A786-4DAC-31F9068BDA67" name="FK_CONTA_CORRENTE_1">
<sourceConnName>HIGIA_DEV.FATURAMENTO</sourceConnName>
<sourceObjSchema>FATURAMENTO</sourceObjSchema>
<sourceObjName>FK_CONTA_CORRENTE_1</sourceObjName>
<createdBy>labbe</createdBy>
<createdTime>2017-06-28 18:05:47 UTC</createdTime>
<ownerDesignName>higia</ownerDesignName>
<deleteRule>NO ACTION</deleteRule>
<referredTableID>1419D54F-BB37-4035-1F78-1DA49EEDD6F5</referredTableID>
<keyObject>77A8FFFE-C79C-6F4F-E1B4-C1FBCF87B82D</keyObject>
<referredKeyID>77A8FFFE-C79C-6F4F-E1B4-C1FBCF87B82D</referredKeyID>
<mandatory>true</mandatory>
<transferable>true</transferable>
<rely>false</rely>
<columnDependencyConstraintGenerateInDDL>true</columnDependencyConstraintGenerateInDDL>
</FKIndexAssociation>