<?xml version = '1.0' encoding = 'UTF-8'?>
<FKIndexAssociation class="oracle.dbtools.crest.model.design.relational.FKIndexAssociation" directorySegmentName="seg_0" id="AB1B2082-1026-5AFF-258E-300A8605A0DB" containerWithKeyObject="CFB0DE67-8B27-8F91-6BCC-402CBF5C0F37" localFKIndex="59006FB8-A203-2277-63EA-442A16D719E2" name="FK_FATURAMENTO_4">
<sourceConnName>HIGIA_DEV.FATURAMENTO</sourceConnName>
<sourceObjSchema>FATURAMENTO</sourceObjSchema>
<sourceObjName>FK_FATURAMENTO_4</sourceObjName>
<createdBy>labbe</createdBy>
<createdTime>2017-06-28 18:05:47 UTC</createdTime>
<ownerDesignName>higia</ownerDesignName>
<deleteRule>NO ACTION</deleteRule>
<referredTableID>706A4C50-EE94-92C8-3A8B-EFA72F43FA88</referredTableID>
<keyObject>E82FF496-596D-444B-5DB7-CCA8F3774172</keyObject>
<referredKeyID>E82FF496-596D-444B-5DB7-CCA8F3774172</referredKeyID>
<mandatory>true</mandatory>
<transferable>true</transferable>
<rely>false</rely>
<columnDependencyConstraintGenerateInDDL>true</columnDependencyConstraintGenerateInDDL>
</FKIndexAssociation>