<?xml version = '1.0' encoding = 'UTF-8'?>
<FKIndexAssociation class="oracle.dbtools.crest.model.design.relational.FKIndexAssociation" directorySegmentName="seg_0" id="D5E0954C-65AC-801E-1C9A-358B62F14F3D" containerWithKeyObject="78A6FDCE-0EE3-E91A-5FCA-78329301EFDD" localFKIndex="BADF158D-561B-4D58-5FE1-B65E28256690" name="FK_FATURAMENTO_HISTORICO_1">
<sourceConnName>HIGIA_DEV.FATURAMENTO</sourceConnName>
<sourceObjSchema>FATURAMENTO</sourceObjSchema>
<sourceObjName>FK_FATURAMENTO_HISTORICO_1</sourceObjName>
<createdBy>labbe</createdBy>
<createdTime>2017-06-28 18:05:47 UTC</createdTime>
<ownerDesignName>higia</ownerDesignName>
<deleteRule>NO ACTION</deleteRule>
<referredTableID>CFB0DE67-8B27-8F91-6BCC-402CBF5C0F37</referredTableID>
<keyObject>26755402-A12D-D51F-58AE-524962F37250</keyObject>
<referredKeyID>26755402-A12D-D51F-58AE-524962F37250</referredKeyID>
<mandatory>true</mandatory>
<transferable>true</transferable>
<rely>false</rely>
<columnDependencyConstraintGenerateInDDL>true</columnDependencyConstraintGenerateInDDL>
</FKIndexAssociation>