<?xml version = '1.0' encoding = 'UTF-8'?>
<FKIndexAssociation class="oracle.dbtools.crest.model.design.relational.FKIndexAssociation" directorySegmentName="seg_0" id="FB1562D4-2A9D-7DEB-89C0-455F7E30C5FF" containerWithKeyObject="2471C8B6-AA1D-EDDA-F354-2C0BF3CF8B14" localFKIndex="948E4CA4-F196-4264-EE51-02E635863458" name="FK_DADO_BANCARIO_2">
<sourceConnName>HIGIA_DEV.FATURAMENTO</sourceConnName>
<sourceObjSchema>FATURAMENTO</sourceObjSchema>
<sourceObjName>FK_DADO_BANCARIO_2</sourceObjName>
<createdBy>labbe</createdBy>
<createdTime>2017-06-28 18:05:47 UTC</createdTime>
<ownerDesignName>higia</ownerDesignName>
<deleteRule>NO ACTION</deleteRule>
<referredTableID>CFB0DE67-8B27-8F91-6BCC-402CBF5C0F37</referredTableID>
<keyObject>26755402-A12D-D51F-58AE-524962F37250</keyObject>
<referredKeyID>26755402-A12D-D51F-58AE-524962F37250</referredKeyID>
<mandatory>true</mandatory>
<transferable>true</transferable>
<rely>false</rely>
<columnDependencyConstraintGenerateInDDL>true</columnDependencyConstraintGenerateInDDL>
</FKIndexAssociation>