<?xml version = '1.0' encoding = 'UTF-8'?>
<UserOraclev10g class="oracle.dbtools.crest.model.design.storage.oracle.v10g.UserOraclev10g" name="ENDERECO" directorySegmentName="seg_0" id="7736E6F4-2849-56D9-71B9-657642C40FBD">
<sourceConnName>HIGIA_DEV.ENDERECO</sourceConnName>
<sourceObjName>ENDERECO</sourceObjName>
<createdBy>labbe</createdBy>
<createdTime>2017-06-28 18:27:03 UTC</createdTime>
<ownerDesignName>higia</ownerDesignName>
<schemaObject>98BF7BAD-6E06-AAA5-C899-4E17FCC779A9</schemaObject>
</UserOraclev10g>