<?xml version = '1.0' encoding = 'UTF-8'?>
<RoleOraclev10g class="oracle.dbtools.crest.model.design.storage.oracle.v10g.RoleOraclev10g" name="SERVICO_IMPORTACAO_VIDA" directorySegmentName="seg_0" id="534B23DE-DE4E-8517-08C8-7E65A0D800E0">
<sourceConnName>HIGIA_DEV.IMPORTACAO_VIDA</sourceConnName>
<sourceObjName>SERVICO_IMPORTACAO_VIDA</sourceObjName>
<createdBy>labbe</createdBy>
<createdTime>2017-06-28 18:53:55 UTC</createdTime>
<ownerDesignName>higia</ownerDesignName>
<permissions>
<Permission class="oracle.dbtools.crest.model.design.storage.oracle.v10g.PermissionsOraclev10g" name="Permissions1" id="D88220FB-36E4-686C-0EE6-1DBFE824600A">
<createdBy>labbe</createdBy>
<createdTime>2017-06-28 18:53:55 UTC</createdTime>
<ownerDesignName>higia</ownerDesignName>
<privileges>DELETE, INSERT, SELECT, UPDATE</privileges>
<table>D4C2BA6C-13D7-14AA-64BC-BD1F97035D69</table>
</Permission>
<Permission class="oracle.dbtools.crest.model.design.storage.oracle.v10g.PermissionsOraclev10g" name="Permissions2" id="3CEBCFFB-CA8E-F331-E37C-5377304BC75C">
<createdBy>labbe</createdBy>
<createdTime>2017-06-28 18:53:55 UTC</createdTime>
<ownerDesignName>higia</ownerDesignName>
<privileges>DELETE, INSERT, SELECT, UPDATE</privileges>
<table>1F8DCE19-DABB-9F00-27B1-62A830562BA3</table>
</Permission>
<Permission class="oracle.dbtools.crest.model.design.storage.oracle.v10g.PermissionsOraclev10g" name="Permissions3" id="333EF0F6-5E4D-FA2E-F02B-245625DBBE9C">
<createdBy>labbe</createdBy>
<createdTime>2017-06-28 18:53:56 UTC</createdTime>
<ownerDesignName>higia</ownerDesignName>
<privileges>DELETE, INSERT, SELECT, UPDATE</privileges>
<table>2F1C1DC7-BB7C-A72C-FB89-3C5D68AF60AD</table>
</Permission>
</permissions>
</RoleOraclev10g>