<?xml version = '1.0' encoding = 'UTF-8'?>
<FKIndexAssociation class="oracle.dbtools.crest.model.design.relational.FKIndexAssociation" directorySegmentName="seg_0" id="4EC9BE2F-8C55-5580-12F2-EC2FD4A3C777" containerWithKeyObject="BA6EDD8B-2AC0-A5FA-C71B-08C0EB21FBF9" localFKIndex="B1806E42-ACD8-D850-E444-C52F00BD2334" name="FK_COBRANCA_ENDERECO_1">
<sourceConnName>HIGIA_DEV.ENDERECO</sourceConnName>
<sourceObjSchema>ENDERECO</sourceObjSchema>
<sourceObjName>FK_COBRANCA_ENDERECO_1</sourceObjName>
<createdBy>labbe</createdBy>
<createdTime>2017-06-28 18:28:27 UTC</createdTime>
<ownerDesignName>higia</ownerDesignName>
<deleteRule>NO ACTION</deleteRule>
<referredTableID>4EC7BAB0-3ABE-DE38-EA04-5CBA5C1863F1</referredTableID>
<keyObject>7A6AF864-3312-F96E-DC55-D1E157E0B0BB</keyObject>
<referredKeyID>7A6AF864-3312-F96E-DC55-D1E157E0B0BB</referredKeyID>
<mandatory>true</mandatory>
<transferable>true</transferable>
<rely>false</rely>
<columnDependencyConstraintGenerateInDDL>true</columnDependencyConstraintGenerateInDDL>
</FKIndexAssociation>