<?xml version = '1.0' encoding = 'UTF-8'?>
<FKIndexAssociation class="oracle.dbtools.crest.model.design.relational.FKIndexAssociation" directorySegmentName="seg_0" id="5CD04652-6B3B-6913-19AB-1D7A72973EF9" containerWithKeyObject="5310728D-2629-1664-AE6E-CE3B3A651FD7" localFKIndex="6E5BA265-204F-CD1B-720C-DA8DC3323375" name="FK_BENEFICIARIO_ENDERECO_1">
<sourceConnName>HIGIA_DEV.ENDERECO</sourceConnName>
<sourceObjSchema>ENDERECO</sourceObjSchema>
<sourceObjName>FK_BENEFICIARIO_ENDERECO_1</sourceObjName>
<createdBy>labbe</createdBy>
<createdTime>2017-06-28 18:28:27 UTC</createdTime>
<ownerDesignName>higia</ownerDesignName>
<deleteRule>NO ACTION</deleteRule>
<referredTableID>4EC7BAB0-3ABE-DE38-EA04-5CBA5C1863F1</referredTableID>
<keyObject>7A6AF864-3312-F96E-DC55-D1E157E0B0BB</keyObject>
<referredKeyID>7A6AF864-3312-F96E-DC55-D1E157E0B0BB</referredKeyID>
<mandatory>true</mandatory>
<transferable>true</transferable>
<rely>false</rely>
<columnDependencyConstraintGenerateInDDL>true</columnDependencyConstraintGenerateInDDL>
</FKIndexAssociation>