<?xml version = '1.0' encoding = 'UTF-8'?>
<FKIndexAssociation class="oracle.dbtools.crest.model.design.relational.FKIndexAssociation" directorySegmentName="seg_0" id="5E851155-8371-52A3-096C-2AEAF67317E1" containerWithKeyObject="DC04A00A-804D-046D-36BE-C816730FB779" localFKIndex="4D4BB901-EDE7-4DE7-5734-B16DDE46F684" name="FK_RESP_FINANCEIRO_1">
<sourceConnName>HIGIA_DEV.ENDERECO</sourceConnName>
<sourceObjSchema>ENDERECO</sourceObjSchema>
<sourceObjName>FK_RESP_FINANCEIRO_1</sourceObjName>
<createdBy>labbe</createdBy>
<createdTime>2017-06-28 18:28:27 UTC</createdTime>
<ownerDesignName>higia</ownerDesignName>
<deleteRule>NO ACTION</deleteRule>
<referredTableID>4EC7BAB0-3ABE-DE38-EA04-5CBA5C1863F1</referredTableID>
<keyObject>7A6AF864-3312-F96E-DC55-D1E157E0B0BB</keyObject>
<referredKeyID>7A6AF864-3312-F96E-DC55-D1E157E0B0BB</referredKeyID>
<mandatory>true</mandatory>
<transferable>true</transferable>
<rely>false</rely>
<columnDependencyConstraintGenerateInDDL>true</columnDependencyConstraintGenerateInDDL>
</FKIndexAssociation>