<?xml version = '1.0' encoding = 'UTF-8'?>
<FKIndexAssociation class="oracle.dbtools.crest.model.design.relational.FKIndexAssociation" directorySegmentName="seg_0" id="6D634595-A8B2-C5BB-0BF5-A440385506A3" containerWithKeyObject="177AB3E1-B95B-8B7C-BBFB-122DF6A3D27B" localFKIndex="2EEB201E-6784-F661-7CDA-2A4578A870B6" name="FK_ENDERECO_EMPRESA_1">
<sourceConnName>HIGIA_DEV.ENDERECO</sourceConnName>
<sourceObjSchema>ENDERECO</sourceObjSchema>
<sourceObjName>FK_ENDERECO_EMPRESA_1</sourceObjName>
<createdBy>labbe</createdBy>
<createdTime>2017-06-28 18:28:27 UTC</createdTime>
<ownerDesignName>higia</ownerDesignName>
<deleteRule>NO ACTION</deleteRule>
<referredTableID>4EC7BAB0-3ABE-DE38-EA04-5CBA5C1863F1</referredTableID>
<keyObject>7A6AF864-3312-F96E-DC55-D1E157E0B0BB</keyObject>
<referredKeyID>7A6AF864-3312-F96E-DC55-D1E157E0B0BB</referredKeyID>
<mandatory>true</mandatory>
<transferable>true</transferable>
<rely>false</rely>
<columnDependencyConstraintGenerateInDDL>true</columnDependencyConstraintGenerateInDDL>
</FKIndexAssociation>