<?xml version = '1.0' encoding = 'UTF-8'?>
<FKIndexAssociation class="oracle.dbtools.crest.model.design.relational.FKIndexAssociation" directorySegmentName="seg_0" id="89A444F7-23FE-8FC9-315E-726742116810" containerWithKeyObject="6F1C9649-B0CE-6E1E-262A-F17080573AC4" localFKIndex="BE3E18EB-46E0-1040-E9DD-42477CAF4494" name="FK_USUARIO_SF_ENDERECO_1">
<sourceConnName>HIGIA_DEV.ENDERECO</sourceConnName>
<sourceObjSchema>ENDERECO</sourceObjSchema>
<sourceObjName>FK_USUARIO_SF_ENDERECO_1</sourceObjName>
<createdBy>labbe</createdBy>
<createdTime>2017-06-28 18:28:27 UTC</createdTime>
<ownerDesignName>higia</ownerDesignName>
<deleteRule>NO ACTION</deleteRule>
<referredTableID>4EC7BAB0-3ABE-DE38-EA04-5CBA5C1863F1</referredTableID>
<keyObject>7A6AF864-3312-F96E-DC55-D1E157E0B0BB</keyObject>
<referredKeyID>7A6AF864-3312-F96E-DC55-D1E157E0B0BB</referredKeyID>
<mandatory>true</mandatory>
<transferable>true</transferable>
<rely>false</rely>
<columnDependencyConstraintGenerateInDDL>true</columnDependencyConstraintGenerateInDDL>
</FKIndexAssociation>