<?xml version = '1.0' encoding = 'UTF-8'?>
<FKIndexAssociation class="oracle.dbtools.crest.model.design.relational.FKIndexAssociation" directorySegmentName="seg_1" id="1D76C66E-916F-0173-C7A1-469528658658" containerWithKeyObject="CECE11A5-FBEC-D89B-98F8-C3232F8015AC" localFKIndex="C3FB7656-5D52-51FE-A7F3-4CAEE9C3F6DA" name="FK_CONTRATO_12">
<createdBy>labbe</createdBy>
<createdTime>2017-07-18 13:42:55 UTC</createdTime>
<ownerDesignName>higia</ownerDesignName>
<deleteRule>NO ACTION</deleteRule>
<referredTableID>83E5ADC5-25AB-3D44-39A7-E3B015F6587D</referredTableID>
<keyObject>FFCD8F93-B513-DC0E-BF59-BACD1C2EBD46</keyObject>
<referredKeyID>FFCD8F93-B513-DC0E-BF59-BACD1C2EBD46</referredKeyID>
<mandatory>false</mandatory>
<transferable>true</transferable>
<rely>false</rely>
<columnDependencyConstraintGenerateInDDL>true</columnDependencyConstraintGenerateInDDL>
</FKIndexAssociation>