<?xml version = '1.0' encoding = 'UTF-8'?>
<FKIndexAssociation class="oracle.dbtools.crest.model.design.relational.FKIndexAssociation" directorySegmentName="seg_1" id="3B85579D-94CD-D09C-B246-9E381C52C971" containerWithKeyObject="17905545-3293-1BA5-D44C-87FF76E1AFB5" localFKIndex="9AE761D8-742C-77A2-C437-5A457DF63771" name="FK_PRECO_CONTRATO_PLANO_2">
<createdBy>labbe</createdBy>
<createdTime>2017-06-29 14:32:00 UTC</createdTime>
<ownerDesignName>higia</ownerDesignName>
<deleteRule>NO ACTION</deleteRule>
<referredTableID>206E9F18-A240-0FD2-2DCE-5DA543B96198</referredTableID>
<keyObject>2EB0582E-83EF-CD11-45D4-CB66B8A0D8A0</keyObject>
<referredKeyID>2EB0582E-83EF-CD11-45D4-CB66B8A0D8A0</referredKeyID>
<mandatory>true</mandatory>
<transferable>true</transferable>
<rely>false</rely>
<columnDependencyConstraintGenerateInDDL>true</columnDependencyConstraintGenerateInDDL>
</FKIndexAssociation>