<?xml version = '1.0' encoding = 'UTF-8'?>
<FKIndexAssociation class="oracle.dbtools.crest.model.design.relational.FKIndexAssociation" directorySegmentName="seg_1" id="571A44B2-058F-85B3-AF00-5864C1F513AA" containerWithKeyObject="18DE934E-D542-736B-4B70-D7149D337D73" localFKIndex="3C4146A7-0ED1-06AF-82C2-68DED85060E1" name="FK_TP_EMP_MODELO_CONTRATO_1">
<sourceConnName>HIGIA_DEV.CONTRATO</sourceConnName>
<sourceObjSchema>CONTRATO</sourceObjSchema>
<sourceObjName>FK_TP_EMP_MODELO_CONTRATO_1</sourceObjName>
<createdBy>labbe</createdBy>
<createdTime>2017-06-28 17:56:23 UTC</createdTime>
<ownerDesignName>higia</ownerDesignName>
<importedID>B72CAA66-F5B4-B75A-B518-298CE63F2DE2</importedID>
<deleteRule>NO ACTION</deleteRule>
<referredTableID>9246C847-B646-71A0-4F06-57EF7B6AE60A</referredTableID>
<keyObject>39CC0C61-E1F3-1279-E437-B2813738C3DA</keyObject>
<referredKeyID>39CC0C61-E1F3-1279-E437-B2813738C3DA</referredKeyID>
<mandatory>true</mandatory>
<transferable>true</transferable>
<rely>false</rely>
<columnDependencyConstraintGenerateInDDL>true</columnDependencyConstraintGenerateInDDL>
</FKIndexAssociation>