<?xml version = '1.0' encoding = 'UTF-8'?>
<FKIndexAssociation class="oracle.dbtools.crest.model.design.relational.FKIndexAssociation" directorySegmentName="seg_1" id="7C5E4D3C-4946-22FF-3618-8E6AF428E9E0" containerWithKeyObject="2959A8B9-0BF7-E296-50B9-7B9877BCCC3D" localFKIndex="1BF43E14-C228-6AA2-9F10-2F7B474E1D97" name="FK_PRECO_PADRAO_1">
<sourceConnName>HIGIA_DEV.CONTRATO</sourceConnName>
<sourceObjSchema>CONTRATO</sourceObjSchema>
<sourceObjName>FK_PRECO_PADRAO_1</sourceObjName>
<createdBy>labbe</createdBy>
<createdTime>2017-07-04 21:07:02 UTC</createdTime>
<ownerDesignName>higia</ownerDesignName>
<importedID>EBD7CCC0-F375-F89C-45C7-9B73476D0BB4</importedID>
<deleteRule>NO ACTION</deleteRule>
<referredTableID>33E9AD91-8BC3-E09D-2233-D00A32D5438A</referredTableID>
<keyObject>2C85A621-8AD1-EBB6-300A-8EEAA0A860DA</keyObject>
<referredKeyID>2C85A621-8AD1-EBB6-300A-8EEAA0A860DA</referredKeyID>
<mandatory>true</mandatory>
<transferable>true</transferable>
<rely>false</rely>
<columnDependencyConstraintGenerateInDDL>true</columnDependencyConstraintGenerateInDDL>
</FKIndexAssociation>