<?xml version = '1.0' encoding = 'UTF-8'?>
<FKIndexAssociation class="oracle.dbtools.crest.model.design.relational.FKIndexAssociation" directorySegmentName="seg_1" id="9EE018C2-DFEF-5D9B-C3A8-02E052E6CCC6" containerWithKeyObject="4639FDA2-0339-FA9C-7180-7DA531192B4F" localFKIndex="DED9CD85-F6A3-8D90-5FC1-EC37A2AC65B8" name="FK_VIGENCIA_CONTRATO_1">
<sourceConnName>HIGIA_DEV.CONTRATO</sourceConnName>
<sourceObjSchema>CONTRATO</sourceObjSchema>
<sourceObjName>FK_VIGENCIA_CONTRATO_1</sourceObjName>
<createdBy>labbe</createdBy>
<createdTime>2017-06-28 17:56:23 UTC</createdTime>
<ownerDesignName>higia</ownerDesignName>
<importedID>61951653-FDF9-20A6-09D5-DAC1B2184EBA</importedID>
<deleteRule>NO ACTION</deleteRule>
<referredTableID>83E5ADC5-25AB-3D44-39A7-E3B015F6587D</referredTableID>
<keyObject>FFCD8F93-B513-DC0E-BF59-BACD1C2EBD46</keyObject>
<referredKeyID>FFCD8F93-B513-DC0E-BF59-BACD1C2EBD46</referredKeyID>
<mandatory>false</mandatory>
<transferable>true</transferable>
<rely>false</rely>
<columnDependencyConstraintGenerateInDDL>true</columnDependencyConstraintGenerateInDDL>
</FKIndexAssociation>