<?xml version = '1.0' encoding = 'UTF-8'?>
<FKIndexAssociation class="oracle.dbtools.crest.model.design.relational.FKIndexAssociation" directorySegmentName="seg_1" id="DC0BCBD2-D5AF-915E-51E2-83FA6CC5682E" containerWithKeyObject="17905545-3293-1BA5-D44C-87FF76E1AFB5" localFKIndex="F6461D57-C2CA-18E1-DCE7-F73838809FAD" name="FK_PRECO_CONTRATO_PLANO_1">
<createdBy>labbe</createdBy>
<createdTime>2017-06-29 14:36:33 UTC</createdTime>
<ownerDesignName>higia</ownerDesignName>
<deleteRule>NO ACTION</deleteRule>
<referredTableID>D1546C43-EAE1-9277-A7F7-3AAA34F51615</referredTableID>
<keyObject>49716D26-E1B3-A417-24FE-D4EA1D76D501</keyObject>
<referredKeyID>49716D26-E1B3-A417-24FE-D4EA1D76D501</referredKeyID>
<mandatory>true</mandatory>
<transferable>true</transferable>
<rely>false</rely>
<columnDependencyConstraintGenerateInDDL>true</columnDependencyConstraintGenerateInDDL>
</FKIndexAssociation>