<?xml version = '1.0' encoding = 'UTF-8'?>
<FKIndexAssociation class="oracle.dbtools.crest.model.design.relational.FKIndexAssociation" directorySegmentName="seg_1" id="E7653B50-E67A-73B3-E2E3-1E4B3B11C2F4" containerWithKeyObject="64E830F7-60FE-85E2-7434-F836A84D8C95" localFKIndex="4A52B9A5-7242-99E4-7640-CF1EE4117544" name="FK_PLANO_HIGIA_1">
<createdBy>labbe</createdBy>
<createdTime>2017-07-18 14:23:14 UTC</createdTime>
<ownerDesignName>higia</ownerDesignName>
<deleteRule>NO ACTION</deleteRule>
<referredTableID>A129B117-87A8-3DF5-288B-C56183945413</referredTableID>
<keyObject>BA079A52-BDFF-6FE8-FAC2-F6F7F2CB0A90</keyObject>
<referredKeyID>BA079A52-BDFF-6FE8-FAC2-F6F7F2CB0A90</referredKeyID>
<mandatory>true</mandatory>
<transferable>true</transferable>
<rely>false</rely>
<columnDependencyConstraintGenerateInDDL>true</columnDependencyConstraintGenerateInDDL>
</FKIndexAssociation>