<?xml version = '1.0' encoding = 'UTF-8'?>
<FKIndexAssociation class="oracle.dbtools.crest.model.design.relational.FKIndexAssociation" directorySegmentName="seg_1" id="F5EFBAF9-2CB1-FB38-935D-064E43CE6B11" containerWithKeyObject="18DE934E-D542-736B-4B70-D7149D337D73" localFKIndex="43812C18-C51D-6CD2-74D1-D9E86FEA9B0B" name="FK_TP_EMP_MODELO_CONTRATO_2">
<sourceConnName>HIGIA_DEV.CONTRATO</sourceConnName>
<sourceObjSchema>CONTRATO</sourceObjSchema>
<sourceObjName>FK_TP_EMP_MODELO_CONTRATO_2</sourceObjName>
<createdBy>labbe</createdBy>
<createdTime>2017-06-28 17:56:23 UTC</createdTime>
<ownerDesignName>higia</ownerDesignName>
<importedID>17F10475-8714-019E-5DFF-51AB91CB05C9</importedID>
<deleteRule>NO ACTION</deleteRule>
<referredTableID>00BDE256-FF03-876C-38D4-6084CCA1D075</referredTableID>
<keyObject>596ABB66-F22C-9B25-29D2-7CFCE246CB52</keyObject>
<referredKeyID>596ABB66-F22C-9B25-29D2-7CFCE246CB52</referredKeyID>
<mandatory>true</mandatory>
<transferable>true</transferable>
<rely>false</rely>
<columnDependencyConstraintGenerateInDDL>true</columnDependencyConstraintGenerateInDDL>
</FKIndexAssociation>