<?xml version = '1.0' encoding = 'UTF-8'?>
<TableSpaceOraclev10g class="oracle.dbtools.crest.model.design.storage.oracle.v10g.TableSpaceOraclev10g" name="USERS" directorySegmentName="seg_0" id="5CB4D491-7494-F252-89EA-CE63F5107A19">
<sourceConnName>HIGIA_DEV.IMPORTACAO_VIDA</sourceConnName>
<sourceObjSchema>IMPORTACAO_VIDA</sourceObjSchema>
<sourceObjName>USERS</sourceObjName>
<createdBy>labbe</createdBy>
<createdTime>2017-06-28 18:53:38 UTC</createdTime>
<ownerDesignName>higia</ownerDesignName>
<emUniformSize>0</emUniformSize>
<extentManagement>LOCAL</extentManagement>
</TableSpaceOraclev10g>