<?xml version = '1.0' encoding = 'UTF-8'?>
<SegmentOraclev10g class="oracle.dbtools.crest.model.design.storage.oracle.v10g.SegmentOraclev10g" name="Storage13" directorySegmentName="seg_0" id="B221C480-2D92-F7EB-78B3-87A44E50199E">
<createdBy>labbe</createdBy>
<createdTime>2017-06-28 18:05:15 UTC</createdTime>
<ownerDesignName>higia</ownerDesignName>
<initrans>2</initrans>
<maxTrans>255</maxTrans>
<scInitialExtent>65536</scInitialExtent>
<scMaxExtents>2147483645</scMaxExtents>
<scNextExtent>1048576</scNextExtent>
</SegmentOraclev10g>