<?xml version = '1.0' encoding = 'UTF-8'?>
<SegmentOraclev10g class="oracle.dbtools.crest.model.design.storage.oracle.v10g.SegmentOraclev10g" name="Storage1" directorySegmentName="seg_0" id="D7A15335-7BB9-C033-CE1E-581CF3CC1FBB">
<createdBy>labbe</createdBy>
<createdTime>2017-06-28 18:04:50 UTC</createdTime>
<ownerDesignName>higia</ownerDesignName>
<maxTrans>255</maxTrans>
<scInitialExtent>65536</scInitialExtent>
<scMaxExtents>2147483645</scMaxExtents>
<scNextExtent>1048576</scNextExtent>
</SegmentOraclev10g>