<?xml version = '1.0' encoding = 'UTF-8'?>
<SequenceOraclev10g class="oracle.dbtools.crest.model.design.storage.oracle.v10g.SequenceOraclev10g" name="SQ_TIPO_CONTRIBUICAO" directorySegmentName="seg_0" id="00F1B085-3877-D0A7-6B52-928D9096F036">
<sourceConnName>HIGIA_DEV.CONTRATO</sourceConnName>
<sourceObjSchema>CONTRATO</sourceObjSchema>
<sourceObjName>SQ_TIPO_CONTRIBUICAO</sourceObjName>
<createdBy>labbe</createdBy>
<createdTime>2017-06-28 17:51:12 UTC</createdTime>
<ownerDesignName>higia</ownerDesignName>
<incrementBy>1</incrementBy>
<maxValue>9999999999999999999999999999</maxValue>
<minValue>1</minValue>
<noCache>YES</noCache>
<order>YES</order>
<user>9A75C46F-9D41-1ABE-9400-4EDA6351DABD</user>
<synonyms>
<Synonym class="oracle.dbtools.crest.model.design.storage.oracle.v10g.SynonymOraclev10g" name="SQ_TIPO_CONTRIBUICAO" directorySegmentName="seg_1" id="C8023494-679D-FF6F-E4C1-0A7BC67B65B9">
<sourceConnName>HIGIA_DEV.CONTRATO</sourceConnName>
<sourceObjSchema>PUBLIC</sourceObjSchema>
<sourceObjName>SQ_TIPO_CONTRIBUICAO</sourceObjName>
<createdBy>labbe</createdBy>
<createdTime>2017-06-28 17:55:25 UTC</createdTime>
<ownerDesignName>higia</ownerDesignName>
<object>SQ_TIPO_CONTRIBUICAO</object>
<objectUser>9A75C46F-9D41-1ABE-9400-4EDA6351DABD</objectUser>
<public>YES</public>
<referredObjectID>00F1B085-3877-D0A7-6B52-928D9096F036</referredObjectID>
</Synonym>
</synonyms>
</SequenceOraclev10g>