<?xml version = '1.0' encoding = 'UTF-8'?>
<SequenceOraclev10g class="oracle.dbtools.crest.model.design.storage.oracle.v10g.SequenceOraclev10g" name="SQ_PLANO_HIGIA" directorySegmentName="seg_0" id="2C75D009-36AA-0DE2-6E6C-3503A75E257F">
<sourceConnName>HIGIA_DEV.CONTRATO</sourceConnName>
<sourceObjSchema>CONTRATO</sourceObjSchema>
<sourceObjName>SQ_PLANO_HIGIA</sourceObjName>
<createdBy>labbe</createdBy>
<createdTime>2017-06-28 17:51:08 UTC</createdTime>
<ownerDesignName>higia</ownerDesignName>
<incrementBy>1</incrementBy>
<maxValue>9999999999999999999999999999</maxValue>
<minValue>1</minValue>
<noCache>YES</noCache>
<order>YES</order>
<user>9A75C46F-9D41-1ABE-9400-4EDA6351DABD</user>
<synonyms>
<Synonym class="oracle.dbtools.crest.model.design.storage.oracle.v10g.SynonymOraclev10g" name="SQ_PLANO_HIGIA" directorySegmentName="seg_1" id="CBD8EE25-DF6D-0B8A-6BCE-C4CF67A9B001">
<sourceConnName>HIGIA_DEV.CONTRATO</sourceConnName>
<sourceObjSchema>PUBLIC</sourceObjSchema>
<sourceObjName>SQ_PLANO_HIGIA</sourceObjName>
<createdBy>labbe</createdBy>
<createdTime>2017-06-28 17:55:25 UTC</createdTime>
<ownerDesignName>higia</ownerDesignName>
<object>SQ_PLANO_HIGIA</object>
<objectUser>9A75C46F-9D41-1ABE-9400-4EDA6351DABD</objectUser>
<public>YES</public>
<referredObjectID>2C75D009-36AA-0DE2-6E6C-3503A75E257F</referredObjectID>
</Synonym>
</synonyms>
</SequenceOraclev10g>