<?xml version = '1.0' encoding = 'UTF-8'?>
<SequenceOraclev10g class="oracle.dbtools.crest.model.design.storage.oracle.v10g.SequenceOraclev10g" name="SQ_PRECO_SV_HIST" directorySegmentName="seg_0" id="2CAAAFB9-0E16-61D9-18DA-D2DDC045F5EB">
<sourceConnName>HIGIA_DEV.CONTRATO</sourceConnName>
<sourceObjSchema>CONTRATO</sourceObjSchema>
<sourceObjName>SQ_PRECO_SV_HIST</sourceObjName>
<createdBy>labbe</createdBy>
<createdTime>2017-06-28 17:51:09 UTC</createdTime>
<ownerDesignName>higia</ownerDesignName>
<incrementBy>1</incrementBy>
<maxValue>9999999999999999999999999999</maxValue>
<minValue>1</minValue>
<noCache>YES</noCache>
<order>YES</order>
<user>9A75C46F-9D41-1ABE-9400-4EDA6351DABD</user>
<synonyms>
<Synonym class="oracle.dbtools.crest.model.design.storage.oracle.v10g.SynonymOraclev10g" name="SQ_PRECO_SV_HIST" directorySegmentName="seg_1" id="2EEBA237-F126-B2FE-3E5F-38B6465D7D1A">
<sourceConnName>HIGIA_DEV.CONTRATO</sourceConnName>
<sourceObjSchema>PUBLIC</sourceObjSchema>
<sourceObjName>SQ_PRECO_SV_HIST</sourceObjName>
<createdBy>labbe</createdBy>
<createdTime>2017-06-28 17:55:25 UTC</createdTime>
<ownerDesignName>higia</ownerDesignName>
<object>SQ_PRECO_SV_HIST</object>
<objectUser>9A75C46F-9D41-1ABE-9400-4EDA6351DABD</objectUser>
<public>YES</public>
<referredObjectID>2CAAAFB9-0E16-61D9-18DA-D2DDC045F5EB</referredObjectID>
</Synonym>
</synonyms>
</SequenceOraclev10g>