<?xml version = '1.0' encoding = 'UTF-8'?>
<SequenceOraclev10g class="oracle.dbtools.crest.model.design.storage.oracle.v10g.SequenceOraclev10g" name="SQ_REPASSE_PARA" directorySegmentName="seg_0" id="2CCFEFAB-D74D-58CE-846A-03F8F2E3ECA9">
<sourceConnName>HIGIA_DEV.CONTRATO</sourceConnName>
<sourceObjSchema>CONTRATO</sourceObjSchema>
<sourceObjName>SQ_REPASSE_PARA</sourceObjName>
<createdBy>labbe</createdBy>
<createdTime>2017-06-28 17:51:10 UTC</createdTime>
<ownerDesignName>higia</ownerDesignName>
<incrementBy>1</incrementBy>
<maxValue>9999999999999999999999999999</maxValue>
<minValue>1</minValue>
<noCache>YES</noCache>
<order>YES</order>
<user>9A75C46F-9D41-1ABE-9400-4EDA6351DABD</user>
<synonyms>
<Synonym class="oracle.dbtools.crest.model.design.storage.oracle.v10g.SynonymOraclev10g" name="SQ_REPASSE_PARA" directorySegmentName="seg_1" id="6BA0C115-9A6A-2E7C-7DB1-010D80BC0B7F">
<sourceConnName>HIGIA_DEV.CONTRATO</sourceConnName>
<sourceObjSchema>PUBLIC</sourceObjSchema>
<sourceObjName>SQ_REPASSE_PARA</sourceObjName>
<createdBy>labbe</createdBy>
<createdTime>2017-06-28 17:55:25 UTC</createdTime>
<ownerDesignName>higia</ownerDesignName>
<object>SQ_REPASSE_PARA</object>
<objectUser>9A75C46F-9D41-1ABE-9400-4EDA6351DABD</objectUser>
<public>YES</public>
<referredObjectID>2CCFEFAB-D74D-58CE-846A-03F8F2E3ECA9</referredObjectID>
</Synonym>
</synonyms>
</SequenceOraclev10g>