<?xml version = '1.0' encoding = 'UTF-8'?>
<SequenceOraclev10g class="oracle.dbtools.crest.model.design.storage.oracle.v10g.SequenceOraclev10g" name="SQ_PRECO_FATOR_MODERADOR" directorySegmentName="seg_0" id="2D2D10AB-F5A2-C282-AFED-E2B49E5F1308">
<sourceConnName>HIGIA_DEV.CONTRATO</sourceConnName>
<sourceObjSchema>CONTRATO</sourceObjSchema>
<sourceObjName>SQ_PRECO_FATOR_MODERADOR</sourceObjName>
<createdBy>labbe</createdBy>
<createdTime>2017-06-28 17:51:09 UTC</createdTime>
<ownerDesignName>higia</ownerDesignName>
<incrementBy>1</incrementBy>
<maxValue>9999999999999999999999999999</maxValue>
<minValue>1</minValue>
<noCache>YES</noCache>
<order>YES</order>
<user>9A75C46F-9D41-1ABE-9400-4EDA6351DABD</user>
<synonyms>
<Synonym class="oracle.dbtools.crest.model.design.storage.oracle.v10g.SynonymOraclev10g" name="SQ_PRECO_FATOR_MODERADOR" directorySegmentName="seg_1" id="17203AE9-D617-5DCC-2F1A-78AFE35D84D1">
<sourceConnName>HIGIA_DEV.CONTRATO</sourceConnName>
<sourceObjSchema>PUBLIC</sourceObjSchema>
<sourceObjName>SQ_PRECO_FATOR_MODERADOR</sourceObjName>
<createdBy>labbe</createdBy>
<createdTime>2017-06-28 17:55:25 UTC</createdTime>
<ownerDesignName>higia</ownerDesignName>
<object>SQ_PRECO_FATOR_MODERADOR</object>
<objectUser>9A75C46F-9D41-1ABE-9400-4EDA6351DABD</objectUser>
<public>YES</public>
<referredObjectID>2D2D10AB-F5A2-C282-AFED-E2B49E5F1308</referredObjectID>
</Synonym>
</synonyms>
</SequenceOraclev10g>