<?xml version = '1.0' encoding = 'UTF-8'?>
<SequenceOraclev10g class="oracle.dbtools.crest.model.design.storage.oracle.v10g.SequenceOraclev10g" name="SQ_CARTEIRA_ORIGEM" directorySegmentName="seg_0" id="2E429F61-45CE-717F-35D4-DE8D8B31A84C">
<sourceConnName>HIGIA_DEV.CONTRATO</sourceConnName>
<sourceObjSchema>CONTRATO</sourceObjSchema>
<sourceObjName>SQ_CARTEIRA_ORIGEM</sourceObjName>
<createdBy>labbe</createdBy>
<createdTime>2017-06-28 17:51:02 UTC</createdTime>
<ownerDesignName>higia</ownerDesignName>
<incrementBy>1</incrementBy>
<maxValue>9999999999999999999999999999</maxValue>
<minValue>1</minValue>
<noCache>YES</noCache>
<order>YES</order>
<user>9A75C46F-9D41-1ABE-9400-4EDA6351DABD</user>
<synonyms>
<Synonym class="oracle.dbtools.crest.model.design.storage.oracle.v10g.SynonymOraclev10g" name="SQ_CARTEIRA_ORIGEM" directorySegmentName="seg_0" id="81DA922A-C226-383F-2F67-311AE05857E2">
<sourceConnName>HIGIA_DEV.CONTRATO</sourceConnName>
<sourceObjSchema>PUBLIC</sourceObjSchema>
<sourceObjName>SQ_CARTEIRA_ORIGEM</sourceObjName>
<createdBy>labbe</createdBy>
<createdTime>2017-06-28 17:55:25 UTC</createdTime>
<ownerDesignName>higia</ownerDesignName>
<object>SQ_CARTEIRA_ORIGEM</object>
<objectUser>9A75C46F-9D41-1ABE-9400-4EDA6351DABD</objectUser>
<public>YES</public>
<referredObjectID>2E429F61-45CE-717F-35D4-DE8D8B31A84C</referredObjectID>
</Synonym>
</synonyms>
</SequenceOraclev10g>