<?xml version = '1.0' encoding = 'UTF-8'?>
<SequenceOraclev10g class="oracle.dbtools.crest.model.design.storage.oracle.v10g.SequenceOraclev10g" name="SQ_PRECO_CONTRATO_PLANO" directorySegmentName="seg_0" id="2F29B6CA-F178-8C9F-A21E-95933E889133">
<sourceConnName>HIGIA_DEV.CONTRATO</sourceConnName>
<sourceObjSchema>CONTRATO</sourceObjSchema>
<sourceObjName>SQ_PRECO_CONTRATO_PLANO</sourceObjName>
<createdBy>labbe</createdBy>
<createdTime>2017-06-28 17:51:08 UTC</createdTime>
<ownerDesignName>higia</ownerDesignName>
<incrementBy>1</incrementBy>
<maxValue>9999999999999999999999999999</maxValue>
<minValue>1</minValue>
<noCache>YES</noCache>
<order>YES</order>
<user>9A75C46F-9D41-1ABE-9400-4EDA6351DABD</user>
<synonyms>
<Synonym class="oracle.dbtools.crest.model.design.storage.oracle.v10g.SynonymOraclev10g" name="SQ_PRECO_CONTRATO_PLANO" directorySegmentName="seg_1" id="DA53FFA5-6BB1-E99A-52A4-7FD2A9BC88CD">
<sourceConnName>HIGIA_DEV.CONTRATO</sourceConnName>
<sourceObjSchema>PUBLIC</sourceObjSchema>
<sourceObjName>SQ_PRECO_CONTRATO_PLANO</sourceObjName>
<createdBy>labbe</createdBy>
<createdTime>2017-06-28 17:55:25 UTC</createdTime>
<ownerDesignName>higia</ownerDesignName>
<object>SQ_PRECO_CONTRATO_PLANO</object>
<objectUser>9A75C46F-9D41-1ABE-9400-4EDA6351DABD</objectUser>
<public>YES</public>
<referredObjectID>2F29B6CA-F178-8C9F-A21E-95933E889133</referredObjectID>
</Synonym>
</synonyms>
</SequenceOraclev10g>