<?xml version = '1.0' encoding = 'UTF-8'?>
<SequenceOraclev10g class="oracle.dbtools.crest.model.design.storage.oracle.v10g.SequenceOraclev10g" name="SQ_CONTRATO_PRODUTO" directorySegmentName="seg_0" id="38133973-0194-9970-638F-0DECF1ED9AA0">
<sourceConnName>HIGIA_DEV.CONTRATO</sourceConnName>
<sourceObjSchema>CONTRATO</sourceObjSchema>
<sourceObjName>SQ_CONTRATO_PRODUTO</sourceObjName>
<createdBy>labbe</createdBy>
<createdTime>2017-06-28 17:51:04 UTC</createdTime>
<ownerDesignName>higia</ownerDesignName>
<incrementBy>1</incrementBy>
<maxValue>9999999999999999999999999999</maxValue>
<minValue>1</minValue>
<noCache>YES</noCache>
<order>YES</order>
<user>9A75C46F-9D41-1ABE-9400-4EDA6351DABD</user>
<synonyms>
<Synonym class="oracle.dbtools.crest.model.design.storage.oracle.v10g.SynonymOraclev10g" name="SQ_CONTRATO_PRODUTO" directorySegmentName="seg_0" id="1F375164-5FDB-C0C2-9F3F-B519A55C7806">
<sourceConnName>HIGIA_DEV.CONTRATO</sourceConnName>
<sourceObjSchema>PUBLIC</sourceObjSchema>
<sourceObjName>SQ_CONTRATO_PRODUTO</sourceObjName>
<createdBy>labbe</createdBy>
<createdTime>2017-06-28 17:55:25 UTC</createdTime>
<ownerDesignName>higia</ownerDesignName>
<object>SQ_CONTRATO_PRODUTO</object>
<objectUser>9A75C46F-9D41-1ABE-9400-4EDA6351DABD</objectUser>
<public>YES</public>
<referredObjectID>38133973-0194-9970-638F-0DECF1ED9AA0</referredObjectID>
</Synonym>
</synonyms>
</SequenceOraclev10g>