<?xml version = '1.0' encoding = 'UTF-8'?>
<SequenceOraclev10g class="oracle.dbtools.crest.model.design.storage.oracle.v10g.SequenceOraclev10g" name="SQ_CONSULTOR_RELACIONAMENTO" directorySegmentName="seg_0" id="455B56AC-3E7E-1C7D-9D5C-F6E623AF4A34">
<sourceConnName>HIGIA_DEV.CONTRATO</sourceConnName>
<sourceObjSchema>CONTRATO</sourceObjSchema>
<sourceObjName>SQ_CONSULTOR_RELACIONAMENTO</sourceObjName>
<createdBy>labbe</createdBy>
<createdTime>2017-06-28 17:51:03 UTC</createdTime>
<ownerDesignName>higia</ownerDesignName>
<incrementBy>1</incrementBy>
<maxValue>9999999999999999999999999999</maxValue>
<minValue>1</minValue>
<noCache>YES</noCache>
<order>YES</order>
<user>9A75C46F-9D41-1ABE-9400-4EDA6351DABD</user>
<synonyms>
<Synonym class="oracle.dbtools.crest.model.design.storage.oracle.v10g.SynonymOraclev10g" name="SQ_CONSULTOR_RELACIONAMENTO" directorySegmentName="seg_0" id="867D72EA-CD2E-D293-4B53-EAF9E6655D49">
<sourceConnName>HIGIA_DEV.CONTRATO</sourceConnName>
<sourceObjSchema>PUBLIC</sourceObjSchema>
<sourceObjName>SQ_CONSULTOR_RELACIONAMENTO</sourceObjName>
<createdBy>labbe</createdBy>
<createdTime>2017-06-28 17:55:25 UTC</createdTime>
<ownerDesignName>higia</ownerDesignName>
<object>SQ_CONSULTOR_RELACIONAMENTO</object>
<objectUser>9A75C46F-9D41-1ABE-9400-4EDA6351DABD</objectUser>
<public>YES</public>
<referredObjectID>455B56AC-3E7E-1C7D-9D5C-F6E623AF4A34</referredObjectID>
</Synonym>
</synonyms>
</SequenceOraclev10g>