<?xml version = '1.0' encoding = 'UTF-8'?>
<SequenceOraclev10g class="oracle.dbtools.crest.model.design.storage.oracle.v10g.SequenceOraclev10g" name="SQ_GRUPO_PROCEDIMENTO" directorySegmentName="seg_0" id="5B46336D-72E9-2C4B-5370-E0F265954841">
<sourceConnName>HIGIA_DEV.CONTRATO</sourceConnName>
<sourceObjSchema>CONTRATO</sourceObjSchema>
<sourceObjName>SQ_GRUPO_PROCEDIMENTO</sourceObjName>
<createdBy>labbe</createdBy>
<createdTime>2017-06-28 17:51:06 UTC</createdTime>
<ownerDesignName>higia</ownerDesignName>
<incrementBy>1</incrementBy>
<maxValue>9999999999999999999999999999</maxValue>
<minValue>1</minValue>
<noCache>YES</noCache>
<order>YES</order>
<user>9A75C46F-9D41-1ABE-9400-4EDA6351DABD</user>
<synonyms>
<Synonym class="oracle.dbtools.crest.model.design.storage.oracle.v10g.SynonymOraclev10g" name="SQ_GRUPO_PROCEDIMENTO" directorySegmentName="seg_1" id="7873DB5A-91B7-6D3D-55B0-6F362974DE04">
<sourceConnName>HIGIA_DEV.CONTRATO</sourceConnName>
<sourceObjSchema>PUBLIC</sourceObjSchema>
<sourceObjName>SQ_GRUPO_PROCEDIMENTO</sourceObjName>
<createdBy>labbe</createdBy>
<createdTime>2017-06-28 17:55:25 UTC</createdTime>
<ownerDesignName>higia</ownerDesignName>
<object>SQ_GRUPO_PROCEDIMENTO</object>
<objectUser>9A75C46F-9D41-1ABE-9400-4EDA6351DABD</objectUser>
<public>YES</public>
<referredObjectID>5B46336D-72E9-2C4B-5370-E0F265954841</referredObjectID>
</Synonym>
</synonyms>
</SequenceOraclev10g>