<?xml version = '1.0' encoding = 'UTF-8'?>
<SequenceOraclev10g class="oracle.dbtools.crest.model.design.storage.oracle.v10g.SequenceOraclev10g" name="SQ_PRODUTO_ANS_HIGIA" directorySegmentName="seg_0" id="6A298DCB-BAB6-91E4-3D25-08FC7062BC55">
<sourceConnName>HIGIA_DEV.CONTRATO</sourceConnName>
<sourceObjSchema>CONTRATO</sourceObjSchema>
<sourceObjName>SQ_PRODUTO_ANS_HIGIA</sourceObjName>
<createdBy>labbe</createdBy>
<createdTime>2017-06-28 17:51:10 UTC</createdTime>
<ownerDesignName>higia</ownerDesignName>
<incrementBy>1</incrementBy>
<maxValue>9999999999999999999999999999</maxValue>
<minValue>1</minValue>
<noCache>YES</noCache>
<order>YES</order>
<user>9A75C46F-9D41-1ABE-9400-4EDA6351DABD</user>
<synonyms>
<Synonym class="oracle.dbtools.crest.model.design.storage.oracle.v10g.SynonymOraclev10g" name="SQ_PRODUTO_ANS_HIGIA" directorySegmentName="seg_1" id="93772274-CE61-341D-7327-6A32878CA1A5">
<sourceConnName>HIGIA_DEV.CONTRATO</sourceConnName>
<sourceObjSchema>PUBLIC</sourceObjSchema>
<sourceObjName>SQ_PRODUTO_ANS_HIGIA</sourceObjName>
<createdBy>labbe</createdBy>
<createdTime>2017-06-28 17:55:25 UTC</createdTime>
<ownerDesignName>higia</ownerDesignName>
<object>SQ_PRODUTO_ANS_HIGIA</object>
<objectUser>9A75C46F-9D41-1ABE-9400-4EDA6351DABD</objectUser>
<public>YES</public>
<referredObjectID>6A298DCB-BAB6-91E4-3D25-08FC7062BC55</referredObjectID>
</Synonym>
</synonyms>
</SequenceOraclev10g>