<?xml version = '1.0' encoding = 'UTF-8'?>
<SequenceOraclev10g class="oracle.dbtools.crest.model.design.storage.oracle.v10g.SequenceOraclev10g" name="SQ_TIPO_CALCULO_MULTA" directorySegmentName="seg_0" id="90A5FA17-4462-EC5B-E7D9-7703BD907E1F">
<sourceConnName>HIGIA_DEV.CONTRATO</sourceConnName>
<sourceObjSchema>CONTRATO</sourceObjSchema>
<sourceObjName>SQ_TIPO_CALCULO_MULTA</sourceObjName>
<createdBy>labbe</createdBy>
<createdTime>2017-06-28 17:51:12 UTC</createdTime>
<ownerDesignName>higia</ownerDesignName>
<incrementBy>1</incrementBy>
<maxValue>9999999999999999999999999999</maxValue>
<minValue>1</minValue>
<noCache>YES</noCache>
<order>YES</order>
<user>9A75C46F-9D41-1ABE-9400-4EDA6351DABD</user>
<synonyms>
<Synonym class="oracle.dbtools.crest.model.design.storage.oracle.v10g.SynonymOraclev10g" name="SQ_TIPO_CALCULO_MULTA" directorySegmentName="seg_1" id="B7590101-2C2F-67BB-7727-A47870AA8CB2">
<sourceConnName>HIGIA_DEV.CONTRATO</sourceConnName>
<sourceObjSchema>PUBLIC</sourceObjSchema>
<sourceObjName>SQ_TIPO_CALCULO_MULTA</sourceObjName>
<createdBy>labbe</createdBy>
<createdTime>2017-06-28 17:55:25 UTC</createdTime>
<ownerDesignName>higia</ownerDesignName>
<object>SQ_TIPO_CALCULO_MULTA</object>
<objectUser>9A75C46F-9D41-1ABE-9400-4EDA6351DABD</objectUser>
<public>YES</public>
<referredObjectID>90A5FA17-4462-EC5B-E7D9-7703BD907E1F</referredObjectID>
</Synonym>
</synonyms>
</SequenceOraclev10g>