<?xml version = '1.0' encoding = 'UTF-8'?>
<SequenceOraclev10g class="oracle.dbtools.crest.model.design.storage.oracle.v10g.SequenceOraclev10g" name="SQ_CONTRATO_GRAU_PARENTESCO_P" directorySegmentName="seg_0" id="9378BA1F-4664-ECD3-1D60-282DBF46CD9D">
<sourceConnName>HIGIA_DEV.CONTRATO</sourceConnName>
<sourceObjSchema>CONTRATO</sourceObjSchema>
<sourceObjName>SQ_CONTRATO_GRAU_PARENTESCO_P</sourceObjName>
<createdBy>labbe</createdBy>
<createdTime>2017-06-28 17:51:04 UTC</createdTime>
<ownerDesignName>higia</ownerDesignName>
<incrementBy>1</incrementBy>
<maxValue>9999999999999999999999999999</maxValue>
<minValue>1</minValue>
<noCache>YES</noCache>
<order>YES</order>
<user>9A75C46F-9D41-1ABE-9400-4EDA6351DABD</user>
<synonyms>
<Synonym class="oracle.dbtools.crest.model.design.storage.oracle.v10g.SynonymOraclev10g" name="SQ_CONTRATO_GRAU_PARENTESCO_P" directorySegmentName="seg_0" id="68A401C9-810A-ED4C-94DF-F2BB5A3ADD74">
<sourceConnName>HIGIA_DEV.CONTRATO</sourceConnName>
<sourceObjSchema>PUBLIC</sourceObjSchema>
<sourceObjName>SQ_CONTRATO_GRAU_PARENTESCO_P</sourceObjName>
<createdBy>labbe</createdBy>
<createdTime>2017-06-28 17:55:25 UTC</createdTime>
<ownerDesignName>higia</ownerDesignName>
<object>SQ_CONTRATO_GRAU_PARENTESCO_P</object>
<objectUser>9A75C46F-9D41-1ABE-9400-4EDA6351DABD</objectUser>
<public>YES</public>
<referredObjectID>9378BA1F-4664-ECD3-1D60-282DBF46CD9D</referredObjectID>
</Synonym>
</synonyms>
</SequenceOraclev10g>