<?xml version = '1.0' encoding = 'UTF-8'?>
<SequenceOraclev10g class="oracle.dbtools.crest.model.design.storage.oracle.v10g.SequenceOraclev10g" name="SQ_INDICE_REAJUSTE" directorySegmentName="seg_0" id="AF41BE4B-45A2-7A93-07E2-52C30C0EE203">
<sourceConnName>HIGIA_DEV.CONTRATO</sourceConnName>
<sourceObjSchema>CONTRATO</sourceObjSchema>
<sourceObjName>SQ_INDICE_REAJUSTE</sourceObjName>
<createdBy>labbe</createdBy>
<createdTime>2017-06-28 17:51:06 UTC</createdTime>
<ownerDesignName>higia</ownerDesignName>
<incrementBy>1</incrementBy>
<maxValue>9999999999999999999999999999</maxValue>
<minValue>1</minValue>
<noCache>YES</noCache>
<order>YES</order>
<user>9A75C46F-9D41-1ABE-9400-4EDA6351DABD</user>
<synonyms>
<Synonym class="oracle.dbtools.crest.model.design.storage.oracle.v10g.SynonymOraclev10g" name="SQ_INDICE_REAJUSTE" directorySegmentName="seg_1" id="07173090-C546-9AD9-F0FB-9EBBD3E27201">
<sourceConnName>HIGIA_DEV.CONTRATO</sourceConnName>
<sourceObjSchema>PUBLIC</sourceObjSchema>
<sourceObjName>SQ_INDICE_REAJUSTE</sourceObjName>
<createdBy>labbe</createdBy>
<createdTime>2017-06-28 17:55:25 UTC</createdTime>
<ownerDesignName>higia</ownerDesignName>
<object>SQ_INDICE_REAJUSTE</object>
<objectUser>9A75C46F-9D41-1ABE-9400-4EDA6351DABD</objectUser>
<public>YES</public>
<referredObjectID>AF41BE4B-45A2-7A93-07E2-52C30C0EE203</referredObjectID>
</Synonym>
</synonyms>
</SequenceOraclev10g>