<?xml version = '1.0' encoding = 'UTF-8'?>
<SequenceOraclev10g class="oracle.dbtools.crest.model.design.storage.oracle.v10g.SequenceOraclev10g" name="SQ_GRAU_PARENTESCO_LISTA" directorySegmentName="seg_0" id="AF865406-CDC7-A9A1-A62F-E1338A49D863">
<sourceConnName>HIGIA_DEV.CONTRATO</sourceConnName>
<sourceObjSchema>CONTRATO</sourceObjSchema>
<sourceObjName>SQ_GRAU_PARENTESCO_LISTA</sourceObjName>
<createdBy>labbe</createdBy>
<createdTime>2017-06-28 17:51:05 UTC</createdTime>
<ownerDesignName>higia</ownerDesignName>
<incrementBy>1</incrementBy>
<maxValue>9999999999999999999999999999</maxValue>
<minValue>1</minValue>
<noCache>YES</noCache>
<order>YES</order>
<user>9A75C46F-9D41-1ABE-9400-4EDA6351DABD</user>
<synonyms>
<Synonym class="oracle.dbtools.crest.model.design.storage.oracle.v10g.SynonymOraclev10g" name="SQ_GRAU_PARENTESCO_LISTA" directorySegmentName="seg_1" id="C52B05E9-484C-B58F-0A43-E313E89BEFFF">
<sourceConnName>HIGIA_DEV.CONTRATO</sourceConnName>
<sourceObjSchema>PUBLIC</sourceObjSchema>
<sourceObjName>SQ_GRAU_PARENTESCO_LISTA</sourceObjName>
<createdBy>labbe</createdBy>
<createdTime>2017-06-28 17:55:25 UTC</createdTime>
<ownerDesignName>higia</ownerDesignName>
<object>SQ_GRAU_PARENTESCO_LISTA</object>
<objectUser>9A75C46F-9D41-1ABE-9400-4EDA6351DABD</objectUser>
<public>YES</public>
<referredObjectID>AF865406-CDC7-A9A1-A62F-E1338A49D863</referredObjectID>
</Synonym>
</synonyms>
</SequenceOraclev10g>