<?xml version = '1.0' encoding = 'UTF-8'?>
<SequenceOraclev10g class="oracle.dbtools.crest.model.design.storage.oracle.v10g.SequenceOraclev10g" name="SQ_CARENCIA_CONTRATO_HIST" directorySegmentName="seg_0" id="B9924C6F-21B0-A286-D951-EB2863118B52">
<sourceConnName>HIGIA_DEV.CONTRATO</sourceConnName>
<sourceObjSchema>CONTRATO</sourceObjSchema>
<sourceObjName>SQ_CARENCIA_CONTRATO_HIST</sourceObjName>
<createdBy>labbe</createdBy>
<createdTime>2017-06-28 17:51:02 UTC</createdTime>
<ownerDesignName>higia</ownerDesignName>
<incrementBy>1</incrementBy>
<maxValue>9999999999999999999999999999</maxValue>
<minValue>1</minValue>
<noCache>YES</noCache>
<order>YES</order>
<user>9A75C46F-9D41-1ABE-9400-4EDA6351DABD</user>
<synonyms>
<Synonym class="oracle.dbtools.crest.model.design.storage.oracle.v10g.SynonymOraclev10g" name="SQ_CARENCIA_CONTRATO_HIST" directorySegmentName="seg_0" id="1B45BEC2-39DD-92DD-4BC4-3BAFB3CCC55B">
<sourceConnName>HIGIA_DEV.CONTRATO</sourceConnName>
<sourceObjSchema>PUBLIC</sourceObjSchema>
<sourceObjName>SQ_CARENCIA_CONTRATO_HIST</sourceObjName>
<createdBy>labbe</createdBy>
<createdTime>2017-06-28 17:55:25 UTC</createdTime>
<ownerDesignName>higia</ownerDesignName>
<object>SQ_CARENCIA_CONTRATO_HIST</object>
<objectUser>9A75C46F-9D41-1ABE-9400-4EDA6351DABD</objectUser>
<public>YES</public>
<referredObjectID>B9924C6F-21B0-A286-D951-EB2863118B52</referredObjectID>
</Synonym>
</synonyms>
</SequenceOraclev10g>