<?xml version = '1.0' encoding = 'UTF-8'?>
<SequenceOraclev10g class="oracle.dbtools.crest.model.design.storage.oracle.v10g.SequenceOraclev10g" name="SQ_ABRANGENCIA_CONTRATO" directorySegmentName="seg_0" id="D6C3E554-AAA9-AC28-B6A6-31682BDBF583">
<sourceConnName>HIGIA_DEV.CONTRATO</sourceConnName>
<sourceObjSchema>CONTRATO</sourceObjSchema>
<sourceObjName>SQ_ABRANGENCIA_CONTRATO</sourceObjName>
<createdBy>labbe</createdBy>
<createdTime>2017-06-28 17:51:01 UTC</createdTime>
<ownerDesignName>higia</ownerDesignName>
<incrementBy>1</incrementBy>
<maxValue>9999999999999999999999999999</maxValue>
<minValue>1</minValue>
<noCache>YES</noCache>
<order>YES</order>
<user>9A75C46F-9D41-1ABE-9400-4EDA6351DABD</user>
<synonyms>
<Synonym class="oracle.dbtools.crest.model.design.storage.oracle.v10g.SynonymOraclev10g" name="SQ_ABRANGENCIA_CONTRATO" directorySegmentName="seg_0" id="7CDDB7CA-0194-0937-2A4B-B5280D5562C1">
<sourceConnName>HIGIA_DEV.CONTRATO</sourceConnName>
<sourceObjSchema>PUBLIC</sourceObjSchema>
<sourceObjName>SQ_ABRANGENCIA_CONTRATO</sourceObjName>
<createdBy>labbe</createdBy>
<createdTime>2017-06-28 17:55:25 UTC</createdTime>
<ownerDesignName>higia</ownerDesignName>
<object>SQ_ABRANGENCIA_CONTRATO</object>
<objectUser>9A75C46F-9D41-1ABE-9400-4EDA6351DABD</objectUser>
<public>YES</public>
<referredObjectID>D6C3E554-AAA9-AC28-B6A6-31682BDBF583</referredObjectID>
</Synonym>
</synonyms>
</SequenceOraclev10g>