<?xml version = '1.0' encoding = 'UTF-8'?>
<SequenceOraclev10g class="oracle.dbtools.crest.model.design.storage.oracle.v10g.SequenceOraclev10g" name="SQ_ISENCAO_CARENCIA" directorySegmentName="seg_0" id="D8B2FAD9-9BDD-BE6E-50FD-37A618DA4B4C">
<sourceConnName>HIGIA_DEV.CONTRATO</sourceConnName>
<sourceObjSchema>CONTRATO</sourceObjSchema>
<sourceObjName>SQ_ISENCAO_CARENCIA</sourceObjName>
<createdBy>labbe</createdBy>
<createdTime>2017-06-28 17:51:07 UTC</createdTime>
<ownerDesignName>higia</ownerDesignName>
<incrementBy>1</incrementBy>
<maxValue>9999999999999999999999999999</maxValue>
<minValue>1</minValue>
<noCache>YES</noCache>
<order>YES</order>
<user>9A75C46F-9D41-1ABE-9400-4EDA6351DABD</user>
<synonyms>
<Synonym class="oracle.dbtools.crest.model.design.storage.oracle.v10g.SynonymOraclev10g" name="SQ_ISENCAO_CARENCIA" directorySegmentName="seg_1" id="BEAFF095-D9A9-12A6-F0EF-974E76318A19">
<sourceConnName>HIGIA_DEV.CONTRATO</sourceConnName>
<sourceObjSchema>PUBLIC</sourceObjSchema>
<sourceObjName>SQ_ISENCAO_CARENCIA</sourceObjName>
<createdBy>labbe</createdBy>
<createdTime>2017-06-28 17:55:25 UTC</createdTime>
<ownerDesignName>higia</ownerDesignName>
<object>SQ_ISENCAO_CARENCIA</object>
<objectUser>9A75C46F-9D41-1ABE-9400-4EDA6351DABD</objectUser>
<public>YES</public>
<referredObjectID>D8B2FAD9-9BDD-BE6E-50FD-37A618DA4B4C</referredObjectID>
</Synonym>
</synonyms>
</SequenceOraclev10g>