<?xml version = '1.0' encoding = 'UTF-8'?>
<SequenceOraclev10g class="oracle.dbtools.crest.model.design.storage.oracle.v10g.SequenceOraclev10g" name="SQ_PRECO_CONTRATO_PLANO_FM" directorySegmentName="seg_0" id="DF0ED36A-23D5-96BE-092F-22EFC8A9023B">
<sourceConnName>HIGIA_DEV.CONTRATO</sourceConnName>
<sourceObjSchema>CONTRATO</sourceObjSchema>
<sourceObjName>SQ_PRECO_CONTRATO_PLANO_FM</sourceObjName>
<createdBy>labbe</createdBy>
<createdTime>2017-06-28 17:51:08 UTC</createdTime>
<ownerDesignName>higia</ownerDesignName>
<incrementBy>1</incrementBy>
<maxValue>9999999999999999999999999999</maxValue>
<minValue>1</minValue>
<noCache>YES</noCache>
<order>YES</order>
<user>9A75C46F-9D41-1ABE-9400-4EDA6351DABD</user>
<synonyms>
<Synonym class="oracle.dbtools.crest.model.design.storage.oracle.v10g.SynonymOraclev10g" name="SQ_PRECO_CONTRATO_PLANO_FM" directorySegmentName="seg_1" id="B5FDDF04-5539-FE82-F4C8-7DFE2915BDF2">
<sourceConnName>HIGIA_DEV.CONTRATO</sourceConnName>
<sourceObjSchema>PUBLIC</sourceObjSchema>
<sourceObjName>SQ_PRECO_CONTRATO_PLANO_FM</sourceObjName>
<createdBy>labbe</createdBy>
<createdTime>2017-06-28 17:55:25 UTC</createdTime>
<ownerDesignName>higia</ownerDesignName>
<object>SQ_PRECO_CONTRATO_PLANO_FM</object>
<objectUser>9A75C46F-9D41-1ABE-9400-4EDA6351DABD</objectUser>
<public>YES</public>
<referredObjectID>DF0ED36A-23D5-96BE-092F-22EFC8A9023B</referredObjectID>
</Synonym>
</synonyms>
</SequenceOraclev10g>