<?xml version = '1.0' encoding = 'UTF-8'?>
<SequenceOraclev10g class="oracle.dbtools.crest.model.design.storage.oracle.v10g.SequenceOraclev10g" name="SQ_PRODUTO_ANS_TIPO_SERVICO" directorySegmentName="seg_0" id="EECF3304-17DF-E29E-5F58-A798F650F54A">
<sourceConnName>HIGIA_DEV.CONTRATO</sourceConnName>
<sourceObjSchema>CONTRATO</sourceObjSchema>
<sourceObjName>SQ_PRODUTO_ANS_TIPO_SERVICO</sourceObjName>
<createdBy>labbe</createdBy>
<createdTime>2017-06-28 17:51:10 UTC</createdTime>
<ownerDesignName>higia</ownerDesignName>
<incrementBy>1</incrementBy>
<maxValue>9999999999999999999999999999</maxValue>
<minValue>1</minValue>
<noCache>YES</noCache>
<order>YES</order>
<user>9A75C46F-9D41-1ABE-9400-4EDA6351DABD</user>
<synonyms>
<Synonym class="oracle.dbtools.crest.model.design.storage.oracle.v10g.SynonymOraclev10g" name="SQ_PRODUTO_ANS_TIPO_SERVICO" directorySegmentName="seg_1" id="0CE2AB0C-6AE8-F505-4AAA-E547D3695ECB">
<sourceConnName>HIGIA_DEV.CONTRATO</sourceConnName>
<sourceObjSchema>PUBLIC</sourceObjSchema>
<sourceObjName>SQ_PRODUTO_ANS_TIPO_SERVICO</sourceObjName>
<createdBy>labbe</createdBy>
<createdTime>2017-06-28 17:55:25 UTC</createdTime>
<ownerDesignName>higia</ownerDesignName>
<object>SQ_PRODUTO_ANS_TIPO_SERVICO</object>
<objectUser>9A75C46F-9D41-1ABE-9400-4EDA6351DABD</objectUser>
<public>YES</public>
<referredObjectID>EECF3304-17DF-E29E-5F58-A798F650F54A</referredObjectID>
</Synonym>
</synonyms>
</SequenceOraclev10g>