<?xml version = '1.0' encoding = 'UTF-8'?>
<SequenceOraclev10g class="oracle.dbtools.crest.model.design.storage.oracle.v10g.SequenceOraclev10g" name="SQ_REPASSE_SUMULA_17" directorySegmentName="seg_0" id="FB556DD1-B830-E243-5E81-93C005EBD477">
<sourceConnName>HIGIA_DEV.CONTRATO</sourceConnName>
<sourceObjSchema>CONTRATO</sourceObjSchema>
<sourceObjName>SQ_REPASSE_SUMULA_17</sourceObjName>
<createdBy>labbe</createdBy>
<createdTime>2017-06-28 17:51:11 UTC</createdTime>
<ownerDesignName>higia</ownerDesignName>
<incrementBy>1</incrementBy>
<maxValue>9999999999999999999999999999</maxValue>
<minValue>1</minValue>
<noCache>YES</noCache>
<order>YES</order>
<user>9A75C46F-9D41-1ABE-9400-4EDA6351DABD</user>
<synonyms>
<Synonym class="oracle.dbtools.crest.model.design.storage.oracle.v10g.SynonymOraclev10g" name="SQ_REPASSE_SUMULA_17" directorySegmentName="seg_1" id="2684F9E8-D178-A74B-1202-46F5C655FB0D">
<sourceConnName>HIGIA_DEV.CONTRATO</sourceConnName>
<sourceObjSchema>PUBLIC</sourceObjSchema>
<sourceObjName>SQ_REPASSE_SUMULA_17</sourceObjName>
<createdBy>labbe</createdBy>
<createdTime>2017-06-28 17:55:25 UTC</createdTime>
<ownerDesignName>higia</ownerDesignName>
<object>SQ_REPASSE_SUMULA_17</object>
<objectUser>9A75C46F-9D41-1ABE-9400-4EDA6351DABD</objectUser>
<public>YES</public>
<referredObjectID>FB556DD1-B830-E243-5E81-93C005EBD477</referredObjectID>
</Synonym>
</synonyms>
</SequenceOraclev10g>