<?xml version = '1.0' encoding = 'UTF-8'?>
<SequenceOraclev10g class="oracle.dbtools.crest.model.design.storage.oracle.v10g.SequenceOraclev10g" name="SQ_MUNICIPIO_HIGIA" directorySegmentName="seg_0" id="FF5845A6-3585-3FEA-C0E1-9408F010B198">
<sourceConnName>HIGIA_DEV.CONTRATO</sourceConnName>
<sourceObjSchema>CONTRATO</sourceObjSchema>
<sourceObjName>SQ_MUNICIPIO_HIGIA</sourceObjName>
<createdBy>labbe</createdBy>
<createdTime>2017-06-28 17:51:07 UTC</createdTime>
<ownerDesignName>higia</ownerDesignName>
<incrementBy>1</incrementBy>
<maxValue>9999999999999999999999999999</maxValue>
<minValue>1</minValue>
<noCache>YES</noCache>
<order>YES</order>
<user>9A75C46F-9D41-1ABE-9400-4EDA6351DABD</user>
<synonyms>
<Synonym class="oracle.dbtools.crest.model.design.storage.oracle.v10g.SynonymOraclev10g" name="SQ_MUNICIPIO_HIGIA" directorySegmentName="seg_1" id="30796EA5-FD47-DE8B-45CD-27BE566022E5">
<sourceConnName>HIGIA_DEV.CONTRATO</sourceConnName>
<sourceObjSchema>PUBLIC</sourceObjSchema>
<sourceObjName>SQ_MUNICIPIO_HIGIA</sourceObjName>
<createdBy>labbe</createdBy>
<createdTime>2017-06-28 17:55:25 UTC</createdTime>
<ownerDesignName>higia</ownerDesignName>
<object>SQ_MUNICIPIO_HIGIA</object>
<objectUser>9A75C46F-9D41-1ABE-9400-4EDA6351DABD</objectUser>
<public>YES</public>
<referredObjectID>FF5845A6-3585-3FEA-C0E1-9408F010B198</referredObjectID>
</Synonym>
</synonyms>
</SequenceOraclev10g>