<?xml version = '1.0' encoding = 'UTF-8'?>
<Diagram class="oracle.dbtools.crest.swingui.relational.DPVRelationalSubView" name="07.1. DNE" id="15B796B3-F442-8F57-AA1B-6FEECEA26CBC">
<createdBy>labbe</createdBy>
<modifiedBy>labbe</modifiedBy>
<createdTime>2017-06-29 20:27:46 UTC</createdTime>
<autoRoute>false</autoRoute>
<boxInbox>true</boxInbox>
<showLegend>false</showLegend>
<showLabels>false</showLabels>
<showRelAttributes>false</showRelAttributes>
<gridEnabled>false</gridEnabled>
<showGrid>false</showGrid>
<diagramColor>-1</diagramColor>
<display>false</display>
<notation>1</notation>
<objectViews>
<OView class="oracle.dbtools.crest.swingui.relational.TVTable" oid="0EFF47C0-9DFD-F9C5-F8E7-8127301AB20D" otype="Table" vid="3DCF28B1-AC51-6534-96CC-7A3F3AF1BA14">
<hideElementsInCurrentOnly>false</hideElementsInCurrentOnly>
<bounds x="617" y="327" width="261" height="194"/>
</OView>
<OView class="oracle.dbtools.crest.swingui.relational.TVTable" oid="0F5B43C7-1BA4-FD2A-1D16-A3F378314FAE" otype="Table" vid="D4435568-AE22-F64F-5566-C780707D33A8">
<hideElementsInCurrentOnly>false</hideElementsInCurrentOnly>
<bounds x="0" y="566" width="220" height="110"/>
</OView>
<OView class="oracle.dbtools.crest.swingui.relational.TVTable" oid="1EEE7321-6F45-1359-D276-F7FD623DB53D" otype="Table" vid="0585C8D7-EDB1-34CE-DF74-B989A339A556">
<hideElementsInCurrentOnly>false</hideElementsInCurrentOnly>
<bounds x="1593" y="162" width="254" height="109"/>
</OView>
<OView class="oracle.dbtools.crest.swingui.relational.TVTable" oid="2F08A12E-9D7C-BBF6-26CD-87337CCD64C6" otype="Table" vid="BDBAE7AC-070E-9A63-AF78-43A7C9C68BEA">
<hideElementsInCurrentOnly>false</hideElementsInCurrentOnly>
<bounds x="601" y="162" width="276" height="109"/>
</OView>
<OView class="oracle.dbtools.crest.swingui.relational.TVTable" oid="3C2D6D53-5CF2-8986-2858-6E5264727E1F" otype="Table" vid="4196848C-4A5D-91E4-949A-663E4DBAFBE2">
<hideElementsInCurrentOnly>false</hideElementsInCurrentOnly>
<bounds x="295" y="162" width="256" height="151"/>
</OView>
<OView class="oracle.dbtools.crest.swingui.relational.TVTable" oid="3E406F43-5ED0-4F4A-620E-4A65FB28ABEA" otype="Table" vid="2B87C80A-9C51-31A9-2494-A639676E470E">
<hideElementsInCurrentOnly>false</hideElementsInCurrentOnly>
<bounds x="630" y="0" width="233" height="40"/>
</OView>
<OView class="oracle.dbtools.crest.swingui.relational.TVTable" oid="40E529CA-464D-6F5D-FA8E-E56586FDDA06" otype="Table" vid="41B62F50-4647-2C52-22B0-242C0D285828">
<hideElementsInCurrentOnly>false</hideElementsInCurrentOnly>
<bounds x="1260" y="327" width="237" height="124"/>
</OView>
<OView class="oracle.dbtools.crest.swingui.relational.TVTable" oid="43B6A34C-0F38-9E41-1E8B-344563739171" otype="Table" vid="A7E1A938-8627-2F8A-1D5C-481D23E8C261">
<hideElementsInCurrentOnly>false</hideElementsInCurrentOnly>
<bounds x="1449" y="0" width="241" height="40"/>
</OView>
<OView class="oracle.dbtools.crest.swingui.relational.TVTable" oid="6803775D-5E2B-CDB1-F1AC-A2EE6E20B35D" otype="Table" vid="350D7001-EC37-010D-6ED0-F0FE6B84BA6E">
<hideElementsInCurrentOnly>false</hideElementsInCurrentOnly>
<bounds x="1190" y="0" width="209" height="40"/>
</OView>
<OView class="oracle.dbtools.crest.swingui.relational.TVTable" oid="6836E010-5E95-0C5C-B1C3-3438ACD73BD7" otype="Table" vid="6BD1CCF4-1536-52D8-B978-B242E84F2A04">
<hideElementsInCurrentOnly>false</hideElementsInCurrentOnly>
<bounds x="1547" y="327" width="257" height="208"/>
</OView>
<OView class="oracle.dbtools.crest.swingui.relational.TVTable" oid="6E66DDDF-7E48-F6DD-FCF7-DB4F5B73CFB4" otype="Table" vid="8E2478C4-B4EF-8680-0C52-0DAE854E481B">
<hideElementsInCurrentOnly>false</hideElementsInCurrentOnly>
<bounds x="310" y="327" width="257" height="194"/>
</OView>
<OView class="oracle.dbtools.crest.swingui.relational.TVTable" oid="739CEE90-1A85-FEB7-2C91-4820783FEDFD" otype="Table" vid="67DF4BE7-5D01-BADD-2377-2B7C287ABC48">
<hideElementsInCurrentOnly>false</hideElementsInCurrentOnly>
<bounds x="1236" y="162" width="307" height="109"/>
</OView>
<OView class="oracle.dbtools.crest.swingui.relational.TVTable" oid="7DB2F71D-0240-4E72-15FC-6000C77100F1" otype="Table" vid="A9D92FDF-E895-ECDF-B906-9BB58116F766">
<hideElementsInCurrentOnly>false</hideElementsInCurrentOnly>
<bounds x="0" y="327" width="260" height="110"/>
</OView>
<OView class="oracle.dbtools.crest.swingui.relational.TVTable" oid="8BC1542F-47B5-44FB-5281-66B4037F40F8" otype="Table" vid="BE2B14D5-A7E7-C044-6EB9-09F5372C2256">
<hideElementsInCurrentOnly>false</hideElementsInCurrentOnly>
<bounds x="270" y="566" width="227" height="110"/>
</OView>
<OView class="oracle.dbtools.crest.swingui.relational.TVTable" oid="8E65C5FB-4BD0-E34E-2FBE-AF211CE23118" otype="Table" vid="0627ABE8-7667-3E55-5304-E05FB1237B75">
<hideElementsInCurrentOnly>false</hideElementsInCurrentOnly>
<bounds x="547" y="566" width="230" height="124"/>
</OView>
<OView class="oracle.dbtools.crest.swingui.relational.TVTable" oid="C126F92A-8B28-B330-42AF-7DA663632169" otype="Table" vid="D02D0D92-2C8F-D594-23D5-C5E1232730EF">
<hideElementsInCurrentOnly>false</hideElementsInCurrentOnly>
<bounds x="913" y="0" width="227" height="40"/>
</OView>
<OView class="oracle.dbtools.crest.swingui.relational.TVTable" oid="C1BF6B39-31B7-6CAD-0FF5-9D51A309FDD9" otype="Table" vid="A20A213A-E49C-F982-2290-0DD5AA75B71D">
<hideElementsInCurrentOnly>false</hideElementsInCurrentOnly>
<bounds x="927" y="162" width="259" height="109"/>
</OView>
<OView class="oracle.dbtools.crest.swingui.relational.TVTable" oid="D93F181D-DA4E-89D8-D80D-DD0B7A62A2D4" otype="Table" vid="3658F99A-3CE2-DB5F-C768-8ED4A07BC7F5">
<hideElementsInCurrentOnly>false</hideElementsInCurrentOnly>
<bounds x="0" y="162" width="245" height="137"/>
</OView>
<OView class="oracle.dbtools.crest.swingui.relational.TVTable" oid="E4ED0886-158E-EEA7-1A38-75371E2D75B1" otype="Table" vid="D13919DB-EB08-9ECC-1531-DCE43CB1D0AF">
<hideElementsInCurrentOnly>false</hideElementsInCurrentOnly>
<bounds x="928" y="327" width="282" height="222"/>
</OView>
<OView class="oracle.dbtools.crest.swingui.relational.TVTable" oid="EF9FFDFD-C263-5090-47B6-002A9EB40586" otype="Table" vid="938BAE3A-0F6C-D9A3-C327-2E316EF7968C">
<hideElementsInCurrentOnly>false</hideElementsInCurrentOnly>
<bounds x="0" y="0" width="282" height="150"/>
</OView>
<OView class="oracle.dbtools.crest.swingui.relational.TVTable" oid="FF92675E-1917-4963-FA0C-BA8970CEAC9C" otype="Table" vid="D1C5FFAA-6267-2FEA-EBA9-0D26CEC6B0FE">
<hideElementsInCurrentOnly>false</hideElementsInCurrentOnly>
<bounds x="332" y="0" width="248" height="40"/>
</OView>
</objectViews>
</Diagram>