<?xml version = '1.0' encoding = 'UTF-8'?>
<Diagram class="oracle.dbtools.crest.swingui.relational.DPVRelational" name="07. ENDERECO" id="33F482F9-5F86-95CF-D7C3-886C98F2BE7F">
<createdBy>labbe</createdBy>
<modifiedBy>labbe</modifiedBy>
<createdTime>2017-06-28 18:27:03 UTC</createdTime>
<autoRoute>false</autoRoute>
<boxInbox>true</boxInbox>
<showLegend>false</showLegend>
<showLabels>false</showLabels>
<showRelAttributes>false</showRelAttributes>
<gridEnabled>false</gridEnabled>
<showGrid>false</showGrid>
<diagramColor>-1</diagramColor>
<display>false</display>
<notation>1</notation>
<objectViews>
<OView class="oracle.dbtools.crest.swingui.relational.TVTable" oid="0EFF47C0-9DFD-F9C5-F8E7-8127301AB20D" otype="Table" vid="261DA776-845B-BFE5-31F2-8E00F5450782">
<hideElementsInCurrentOnly>false</hideElementsInCurrentOnly>
<bounds x="637" y="1382" width="261" height="192"/>
</OView>
<OView class="oracle.dbtools.crest.swingui.relational.TVTable" oid="0F5B43C7-1BA4-FD2A-1D16-A3F378314FAE" otype="Table" vid="E8DDC963-916D-DD9C-DD1C-D42FE6A9061F">
<hideElementsInCurrentOnly>false</hideElementsInCurrentOnly>
<bounds x="20" y="1752" width="220" height="108"/>
</OView>
<OView class="oracle.dbtools.crest.swingui.relational.TVTable" oid="177AB3E1-B95B-8B7C-BBFB-122DF6A3D27B" otype="Table" vid="BE8EACCB-CC5B-F054-DDD3-C29307BC9D6F">
<hideElementsInCurrentOnly>false</hideElementsInCurrentOnly>
<bounds x="380" y="488" width="274" height="114"/>
</OView>
<OView class="oracle.dbtools.crest.swingui.relational.TVTable" oid="1EEE7321-6F45-1359-D276-F7FD623DB53D" otype="Table" vid="25777DA3-8585-141A-508C-6F854ABE06CE">
<hideElementsInCurrentOnly>false</hideElementsInCurrentOnly>
<bounds x="1613" y="1082" width="254" height="108"/>
</OView>
<OView class="oracle.dbtools.crest.swingui.relational.TVTable" oid="2F08A12E-9D7C-BBF6-26CD-87337CCD64C6" otype="Table" vid="B93D978B-6D37-D4F9-7253-64C80C7A5B34">
<hideElementsInCurrentOnly>false</hideElementsInCurrentOnly>
<bounds x="621" y="1082" width="276" height="108"/>
</OView>
<OView class="oracle.dbtools.crest.swingui.relational.TVTable" oid="3C2D6D53-5CF2-8986-2858-6E5264727E1F" otype="Table" vid="7AA2DE49-2667-7BE6-C0EB-597348FEC79E">
<hideElementsInCurrentOnly>false</hideElementsInCurrentOnly>
<bounds x="315" y="1082" width="256" height="150"/>
</OView>
<OView class="oracle.dbtools.crest.swingui.relational.TVTable" oid="3E406F43-5ED0-4F4A-620E-4A65FB28ABEA" otype="Table" vid="B23688D0-6DB2-6E22-6E6D-A931B61E8CF3">
<hideElementsInCurrentOnly>false</hideElementsInCurrentOnly>
<bounds x="650" y="782" width="233" height="40"/>
</OView>
<OView class="oracle.dbtools.crest.swingui.relational.TVTable" oid="40E529CA-464D-6F5D-FA8E-E56586FDDA06" otype="Table" vid="E21EE1FC-287E-7364-F1FB-FFF0A4AE9D2C">
<hideElementsInCurrentOnly>false</hideElementsInCurrentOnly>
<bounds x="1280" y="1382" width="237" height="122"/>
</OView>
<OView class="oracle.dbtools.crest.swingui.relational.TVTable" oid="43B6A34C-0F38-9E41-1E8B-344563739171" otype="Table" vid="00C0DBB4-59BD-14D6-F40F-D0418373308A">
<hideElementsInCurrentOnly>false</hideElementsInCurrentOnly>
<bounds x="1469" y="782" width="241" height="40"/>
</OView>
<OView class="oracle.dbtools.crest.swingui.relational.TVTable" oid="4EC7BAB0-3ABE-DE38-EA04-5CBA5C1863F1" otype="Table" vid="0183989A-40BE-9859-1809-047196909733">
<hideElementsInCurrentOnly>false</hideElementsInCurrentOnly>
<bounds x="566" y="194" width="303" height="234"/>
</OView>
<OView class="oracle.dbtools.crest.swingui.relational.TVTable" oid="5310728D-2629-1664-AE6E-CE3B3A651FD7" otype="Table" vid="F0156265-26ED-90A2-B28C-8E132F6B926A">
<hideElementsInCurrentOnly>false</hideElementsInCurrentOnly>
<bounds x="566" y="20" width="295" height="114"/>
</OView>
<OView class="oracle.dbtools.crest.swingui.relational.TVTable" oid="6803775D-5E2B-CDB1-F1AC-A2EE6E20B35D" otype="Table" vid="DCBA19ED-350F-F026-03BD-2486EB991567">
<hideElementsInCurrentOnly>false</hideElementsInCurrentOnly>
<bounds x="1210" y="782" width="209" height="40"/>
</OView>
<OView class="oracle.dbtools.crest.swingui.relational.TVTable" oid="6836E010-5E95-0C5C-B1C3-3438ACD73BD7" otype="Table" vid="3932C760-8ECD-FB69-C73B-CA78881C47B8">
<hideElementsInCurrentOnly>false</hideElementsInCurrentOnly>
<bounds x="1567" y="1382" width="257" height="206"/>
</OView>
<OView class="oracle.dbtools.crest.swingui.relational.TVTable" oid="6E66DDDF-7E48-F6DD-FCF7-DB4F5B73CFB4" otype="Table" vid="FAD27F3B-CA29-E0C5-C681-C6165DFA8F0A">
<hideElementsInCurrentOnly>false</hideElementsInCurrentOnly>
<bounds x="330" y="1382" width="257" height="192"/>
</OView>
<OView class="oracle.dbtools.crest.swingui.relational.TVTable" oid="6F1C9649-B0CE-6E1E-262A-F17080573AC4" otype="Table" vid="CE20CD59-340C-69E9-D111-23A1D9C5AFAF">
<hideElementsInCurrentOnly>false</hideElementsInCurrentOnly>
<bounds x="1112" y="488" width="288" height="114"/>
</OView>
<OView class="oracle.dbtools.crest.swingui.relational.TVTable" oid="739CEE90-1A85-FEB7-2C91-4820783FEDFD" otype="Table" vid="010C6F23-41BF-7739-B4C3-48389D2DAC69">
<hideElementsInCurrentOnly>false</hideElementsInCurrentOnly>
<bounds x="1256" y="1082" width="307" height="108"/>
</OView>
<OView class="oracle.dbtools.crest.swingui.relational.TVTable" oid="7DB2F71D-0240-4E72-15FC-6000C77100F1" otype="Table" vid="F0228B4F-227C-7BBF-44D6-8B2BA478C240">
<hideElementsInCurrentOnly>false</hideElementsInCurrentOnly>
<bounds x="20" y="1382" width="260" height="108"/>
</OView>
<OView class="oracle.dbtools.crest.swingui.relational.TVTable" oid="8BC1542F-47B5-44FB-5281-66B4037F40F8" otype="Table" vid="3F3CBD35-F502-80F9-7C22-DEA3C523A168">
<hideElementsInCurrentOnly>false</hideElementsInCurrentOnly>
<bounds x="290" y="1752" width="227" height="108"/>
</OView>
<OView class="oracle.dbtools.crest.swingui.relational.TVTable" oid="8E65C5FB-4BD0-E34E-2FBE-AF211CE23118" otype="Table" vid="E7B82103-8A33-E755-A68D-B4794A86CB86">
<hideElementsInCurrentOnly>false</hideElementsInCurrentOnly>
<bounds x="567" y="1752" width="230" height="122"/>
</OView>
<OView class="oracle.dbtools.crest.swingui.relational.TVTable" oid="BA6EDD8B-2AC0-A5FA-C71B-08C0EB21FBF9" otype="Table" vid="0BA39B4F-62FA-3FFF-AFAE-82D922155C57">
<hideElementsInCurrentOnly>false</hideElementsInCurrentOnly>
<bounds x="20" y="488" width="280" height="114"/>
</OView>
<OView class="oracle.dbtools.crest.swingui.relational.TVTable" oid="C126F92A-8B28-B330-42AF-7DA663632169" otype="Table" vid="5A00B487-A62B-CFD9-B304-2DFF4E064C41">
<hideElementsInCurrentOnly>false</hideElementsInCurrentOnly>
<bounds x="933" y="782" width="227" height="40"/>
</OView>
<OView class="oracle.dbtools.crest.swingui.relational.TVTable" oid="C1BF6B39-31B7-6CAD-0FF5-9D51A309FDD9" otype="Table" vid="53CDEBDF-7EE4-F135-43D9-5E91FAB41BC9">
<hideElementsInCurrentOnly>false</hideElementsInCurrentOnly>
<bounds x="947" y="1082" width="259" height="108"/>
</OView>
<OView class="oracle.dbtools.crest.swingui.relational.TVTable" oid="D93F181D-DA4E-89D8-D80D-DD0B7A62A2D4" otype="Table" vid="306D89EC-AB84-3414-D938-91CD8586AFF1">
<hideElementsInCurrentOnly>false</hideElementsInCurrentOnly>
<bounds x="20" y="1082" width="245" height="136"/>
</OView>
<OView class="oracle.dbtools.crest.swingui.relational.TVTable" oid="DC04A00A-804D-046D-36BE-C816730FB779" otype="Table" vid="70FC836F-9CF5-8AB2-F553-A8BC362A641F">
<hideElementsInCurrentOnly>false</hideElementsInCurrentOnly>
<bounds x="734" y="488" width="298" height="114"/>
</OView>
<OView class="oracle.dbtools.crest.swingui.relational.TVTable" oid="E4ED0886-158E-EEA7-1A38-75371E2D75B1" otype="Table" vid="9324472C-0EEA-5711-A341-1A9FB745A5C5">
<hideElementsInCurrentOnly>false</hideElementsInCurrentOnly>
<bounds x="948" y="1382" width="282" height="220"/>
</OView>
<OView class="oracle.dbtools.crest.swingui.relational.TVTable" oid="EF9FFDFD-C263-5090-47B6-002A9EB40586" otype="Table" vid="BE2C6D52-2231-5E74-8723-825B734FCFE4">
<hideElementsInCurrentOnly>false</hideElementsInCurrentOnly>
<bounds x="20" y="782" width="282" height="150"/>
</OView>
<OView class="oracle.dbtools.crest.swingui.relational.TVTable" oid="FF92675E-1917-4963-FA0C-BA8970CEAC9C" otype="Table" vid="9322F4AE-DCBE-7262-363F-6DA9F2B836BB">
<hideElementsInCurrentOnly>false</hideElementsInCurrentOnly>
<bounds x="352" y="782" width="248" height="40"/>
</OView>
</objectViews>
<connectors>
<Connector class="oracle.dbtools.crest.swingui.relational.TVFKRelation" oid="4EC9BE2F-8C55-5580-12F2-EC2FD4A3C777" otype="FKIndexAssociation" vid_source="0183989A-40BE-9859-1809-047196909733" vid_target="0BA39B4F-62FA-3FFF-AFAE-82D922155C57">
<hideElementsInCurrentOnly>false</hideElementsInCurrentOnly>
<lineWidth>1</lineWidth>
<points>
<point x="566" y="311"/>
<point x="160" y="488"/>
</points>
</Connector>
<Connector class="oracle.dbtools.crest.swingui.relational.TVFKRelation" oid="5CD04652-6B3B-6913-19AB-1D7A72973EF9" otype="FKIndexAssociation" vid_source="0183989A-40BE-9859-1809-047196909733" vid_target="F0156265-26ED-90A2-B28C-8E132F6B926A">
<hideElementsInCurrentOnly>false</hideElementsInCurrentOnly>
<lineWidth>1</lineWidth>
<points>
<point x="713" y="194"/>
<point x="713" y="134"/>
</points>
</Connector>
<Connector class="oracle.dbtools.crest.swingui.relational.TVFKRelation" oid="5E851155-8371-52A3-096C-2AEAF67317E1" otype="FKIndexAssociation" vid_source="0183989A-40BE-9859-1809-047196909733" vid_target="70FC836F-9CF5-8AB2-F553-A8BC362A641F">
<hideElementsInCurrentOnly>false</hideElementsInCurrentOnly>
<lineWidth>1</lineWidth>
<points>
<point x="801" y="428"/>
<point x="801" y="488"/>
</points>
</Connector>
<Connector class="oracle.dbtools.crest.swingui.relational.TVFKRelation" oid="6D634595-A8B2-C5BB-0BF5-A440385506A3" otype="FKIndexAssociation" vid_source="0183989A-40BE-9859-1809-047196909733" vid_target="BE8EACCB-CC5B-F054-DDD3-C29307BC9D6F">
<hideElementsInCurrentOnly>false</hideElementsInCurrentOnly>
<lineWidth>1</lineWidth>
<points>
<point x="610" y="428"/>
<point x="610" y="488"/>
</points>
</Connector>
<Connector class="oracle.dbtools.crest.swingui.relational.TVFKRelation" oid="89A444F7-23FE-8FC9-315E-726742116810" otype="FKIndexAssociation" vid_source="0183989A-40BE-9859-1809-047196909733" vid_target="CE20CD59-340C-69E9-D111-23A1D9C5AFAF">
<hideElementsInCurrentOnly>false</hideElementsInCurrentOnly>
<lineWidth>1</lineWidth>
<points>
<point x="869" y="311"/>
<point x="1256" y="488"/>
</points>
</Connector>
</connectors>
</Diagram>