<?xml version = '1.0' encoding = 'UTF-8'?>
<Diagram class="oracle.dbtools.crest.swingui.relational.DPVRelationalSubView" name="07.0. ENDERECO" id="AB3D2C99-E461-6BD0-5D7A-7F775A845612">
<createdBy>labbe</createdBy>
<modifiedBy>labbe</modifiedBy>
<createdTime>2017-06-29 20:27:30 UTC</createdTime>
<autoRoute>false</autoRoute>
<boxInbox>true</boxInbox>
<showLegend>false</showLegend>
<showLabels>false</showLabels>
<showRelAttributes>false</showRelAttributes>
<gridEnabled>false</gridEnabled>
<showGrid>false</showGrid>
<diagramColor>-1</diagramColor>
<display>false</display>
<notation>1</notation>
<objectViews>
<OView class="oracle.dbtools.crest.swingui.relational.TVTable" oid="177AB3E1-B95B-8B7C-BBFB-122DF6A3D27B" otype="Table" vid="DF69DDA5-8E1E-7463-0A9B-32D1216AEBCC">
<hideElementsInCurrentOnly>false</hideElementsInCurrentOnly>
<bounds x="20" y="287" width="274" height="114"/>
</OView>
<OView class="oracle.dbtools.crest.swingui.relational.TVTable" oid="4EC7BAB0-3ABE-DE38-EA04-5CBA5C1863F1" otype="Table" vid="AAA7DBBB-F279-B76A-EB49-0D3C29319145">
<hideElementsInCurrentOnly>false</hideElementsInCurrentOnly>
<bounds x="438" y="193" width="303" height="234"/>
</OView>
<OView class="oracle.dbtools.crest.swingui.relational.TVTable" oid="5310728D-2629-1664-AE6E-CE3B3A651FD7" otype="Table" vid="C0D15B77-B43E-546B-0C93-DCFD95DF399A">
<hideElementsInCurrentOnly>false</hideElementsInCurrentOnly>
<bounds x="434" y="11" width="295" height="114"/>
</OView>
<OView class="oracle.dbtools.crest.swingui.relational.TVTable" oid="6F1C9649-B0CE-6E1E-262A-F17080573AC4" otype="Table" vid="3A412A90-A33B-E0CA-9F90-1DF3AEEA3C3A">
<hideElementsInCurrentOnly>false</hideElementsInCurrentOnly>
<bounds x="906" y="126" width="288" height="114"/>
</OView>
<OView class="oracle.dbtools.crest.swingui.relational.TVTable" oid="BA6EDD8B-2AC0-A5FA-C71B-08C0EB21FBF9" otype="Table" vid="B0A5A004-08C3-F6C5-8450-9D1A73AD8609">
<hideElementsInCurrentOnly>false</hideElementsInCurrentOnly>
<bounds x="18" y="148" width="280" height="114"/>
</OView>
<OView class="oracle.dbtools.crest.swingui.relational.TVTable" oid="DC04A00A-804D-046D-36BE-C816730FB779" otype="Table" vid="67B3A436-6A3F-AA7D-D4A1-8728977CC37A">
<hideElementsInCurrentOnly>false</hideElementsInCurrentOnly>
<bounds x="908" y="256" width="298" height="114"/>
</OView>
</objectViews>
<connectors>
<Connector class="oracle.dbtools.crest.swingui.relational.TVFKRelation" oid="4EC9BE2F-8C55-5580-12F2-EC2FD4A3C777" otype="FKIndexAssociation" vid_source="AAA7DBBB-F279-B76A-EB49-0D3C29319145" vid_target="B0A5A004-08C3-F6C5-8450-9D1A73AD8609">
<hideElementsInCurrentOnly>false</hideElementsInCurrentOnly>
<lineWidth>1</lineWidth>
<points>
<point x="438" y="227"/>
<point x="298" y="227"/>
</points>
</Connector>
<Connector class="oracle.dbtools.crest.swingui.relational.TVFKRelation" oid="5CD04652-6B3B-6913-19AB-1D7A72973EF9" otype="FKIndexAssociation" vid_source="AAA7DBBB-F279-B76A-EB49-0D3C29319145" vid_target="C0D15B77-B43E-546B-0C93-DCFD95DF399A">
<hideElementsInCurrentOnly>false</hideElementsInCurrentOnly>
<lineWidth>1</lineWidth>
<points>
<point x="583" y="193"/>
<point x="583" y="125"/>
</points>
</Connector>
<Connector class="oracle.dbtools.crest.swingui.relational.TVFKRelation" oid="5E851155-8371-52A3-096C-2AEAF67317E1" otype="FKIndexAssociation" vid_source="AAA7DBBB-F279-B76A-EB49-0D3C29319145" vid_target="67B3A436-6A3F-AA7D-D4A1-8728977CC37A">
<hideElementsInCurrentOnly>false</hideElementsInCurrentOnly>
<lineWidth>1</lineWidth>
<points>
<point x="741" y="313"/>
<point x="908" y="313"/>
</points>
</Connector>
<Connector class="oracle.dbtools.crest.swingui.relational.TVFKRelation" oid="6D634595-A8B2-C5BB-0BF5-A440385506A3" otype="FKIndexAssociation" vid_source="AAA7DBBB-F279-B76A-EB49-0D3C29319145" vid_target="DF69DDA5-8E1E-7463-0A9B-32D1216AEBCC">
<hideElementsInCurrentOnly>false</hideElementsInCurrentOnly>
<lineWidth>1</lineWidth>
<points>
<point x="438" y="344"/>
<point x="294" y="344"/>
</points>
</Connector>
<Connector class="oracle.dbtools.crest.swingui.relational.TVFKRelation" oid="89A444F7-23FE-8FC9-315E-726742116810" otype="FKIndexAssociation" vid_source="AAA7DBBB-F279-B76A-EB49-0D3C29319145" vid_target="3A412A90-A33B-E0CA-9F90-1DF3AEEA3C3A">
<hideElementsInCurrentOnly>false</hideElementsInCurrentOnly>
<lineWidth>1</lineWidth>
<points>
<point x="741" y="216"/>
<point x="906" y="216"/>
</points>
</Connector>
</connectors>
</Diagram>