<?xml version = '1.0' encoding = 'UTF-8'?>
<Table class="oracle.dbtools.crest.model.design.relational.Table" directorySegmentName="seg_0" id="1F8DCE19-DABB-9F00-27B1-62A830562BA3" schemaObject="30B3973A-EB3A-2195-1B09-2951E64926B0" name="LAYOUT_PADRAO">
<sourceConnName>HIGIA_DEV.IMPORTACAO_VIDA</sourceConnName>
<sourceObjSchema>IMPORTACAO_VIDA</sourceObjSchema>
<sourceObjName>LAYOUT_PADRAO</sourceObjName>
<createdBy>labbe</createdBy>
<createdTime>2017-06-28 18:53:38 UTC</createdTime>
<ownerDesignName>higia</ownerDesignName>
<allowColumnReorder>false</allowColumnReorder>
<existDependencyGenerateInDDl>true</existDependencyGenerateInDDl>
<parsed>true</parsed>
<columns itemClass="oracle.dbtools.crest.model.design.relational.Column">
<Column name="COD_LAYOUT_PADRAO" id="63722CB3-2290-68D6-EC8A-975ED83A3AB3">
<sourceConnName>HIGIA_DEV.IMPORTACAO_VIDA</sourceConnName>
<sourceObjSchema>LAYOUT_PADRAO</sourceObjSchema>
<sourceObjName>COD_LAYOUT_PADRAO</sourceObjName>
<createdBy>labbe</createdBy>
<createdTime>2017-06-28 18:53:42 UTC</createdTime>
<ownerDesignName>higia</ownerDesignName>
<useDomainConstraints>false</useDomainConstraints>
<use>1</use>
<logicalDatatype>LOGDT019</logicalDatatype>
<dataTypePrecision>38</dataTypePrecision>
<dataTypeScale>0</dataTypeScale>
<ownDataTypeParameters>,38,0</ownDataTypeParameters>
<autoIncrementCycle>false</autoIncrementCycle>
</Column>
<Column name="NOME" id="E465969A-34AB-896C-DFED-3634A5069756">
<sourceConnName>HIGIA_DEV.IMPORTACAO_VIDA</sourceConnName>
<sourceObjSchema>LAYOUT_PADRAO</sourceObjSchema>
<sourceObjName>NOME</sourceObjName>
<createdBy>labbe</createdBy>
<createdTime>2017-06-28 18:53:43 UTC</createdTime>
<ownerDesignName>higia</ownerDesignName>
<nullsAllowed>true</nullsAllowed>
<useDomainConstraints>false</useDomainConstraints>
<use>1</use>
<logicalDatatype>LOGDT024</logicalDatatype>
<dataTypeSize>50 BYTE</dataTypeSize>
<ownDataTypeParameters>50 BYTE,,</ownDataTypeParameters>
<autoIncrementCycle>false</autoIncrementCycle>
</Column>
<Column name="FL_STATUS" id="D8B9DC02-75E2-EA9C-170A-B094DEC6CE5A">
<sourceConnName>HIGIA_DEV.IMPORTACAO_VIDA</sourceConnName>
<sourceObjSchema>LAYOUT_PADRAO</sourceObjSchema>
<sourceObjName>FL_STATUS</sourceObjName>
<createdBy>labbe</createdBy>
<createdTime>2017-06-28 18:53:43 UTC</createdTime>
<ownerDesignName>higia</ownerDesignName>
<nullsAllowed>true</nullsAllowed>
<useDomainConstraints>false</useDomainConstraints>
<use>1</use>
<logicalDatatype>LOGDT025</logicalDatatype>
<dataTypeSize>1 BYTE</dataTypeSize>
<defaultValue>1</defaultValue>
<ownDataTypeParameters>1 BYTE,,</ownDataTypeParameters>
<autoIncrementCycle>false</autoIncrementCycle>
</Column>
<Column name="DT_INATIVO" id="F6DAD1A0-43B1-FD42-24DB-2FC2C25063DB">
<sourceConnName>HIGIA_DEV.IMPORTACAO_VIDA</sourceConnName>
<sourceObjSchema>LAYOUT_PADRAO</sourceObjSchema>
<sourceObjName>DT_INATIVO</sourceObjName>
<createdBy>labbe</createdBy>
<createdTime>2017-06-28 18:53:43 UTC</createdTime>
<ownerDesignName>higia</ownerDesignName>
<nullsAllowed>true</nullsAllowed>
<useDomainConstraints>false</useDomainConstraints>
<use>1</use>
<logicalDatatype>LOGDT007</logicalDatatype>
<dataTypeSize>7</dataTypeSize>
<ownDataTypeParameters>7,,</ownDataTypeParameters>
<autoIncrementCycle>false</autoIncrementCycle>
</Column>
<Column name="DT_INCLUSAO" id="954D49FB-A94A-ECCD-FBA3-B2AC65543C52">
<sourceConnName>HIGIA_DEV.IMPORTACAO_VIDA</sourceConnName>
<sourceObjSchema>LAYOUT_PADRAO</sourceObjSchema>
<sourceObjName>DT_INCLUSAO</sourceObjName>
<createdBy>labbe</createdBy>
<createdTime>2017-06-28 18:53:43 UTC</createdTime>
<ownerDesignName>higia</ownerDesignName>
<nullsAllowed>true</nullsAllowed>
<useDomainConstraints>false</useDomainConstraints>
<use>1</use>
<logicalDatatype>LOGDT007</logicalDatatype>
<dataTypeSize>7</dataTypeSize>
<defaultValue>CURRENT_TIMESTAMP</defaultValue>
<ownDataTypeParameters>7,,</ownDataTypeParameters>
<autoIncrementCycle>false</autoIncrementCycle>
</Column>
<Column name="VALIDACAO" id="FE1293F8-9F6D-A7A0-3D22-17132C1178FE">
<sourceConnName>HIGIA_DEV.IMPORTACAO_VIDA</sourceConnName>
<sourceObjSchema>LAYOUT_PADRAO</sourceObjSchema>
<sourceObjName>VALIDACAO</sourceObjName>
<createdBy>labbe</createdBy>
<createdTime>2017-06-28 18:53:43 UTC</createdTime>
<ownerDesignName>higia</ownerDesignName>
<nullsAllowed>true</nullsAllowed>
<useDomainConstraints>false</useDomainConstraints>
<use>1</use>
<logicalDatatype>LOGDT024</logicalDatatype>
<dataTypeSize>4000 BYTE</dataTypeSize>
<ownDataTypeParameters>4000 BYTE,,</ownDataTypeParameters>
<autoIncrementCycle>false</autoIncrementCycle>
</Column>
</columns>
<indexes itemClass="oracle.dbtools.crest.model.design.relational.Index">
<ind_PK_UK id="BFF5ED4C-9C7C-651D-DF4E-A7FC700EC6E5" name="LAYOUT_PADRAO_PK">
<sourceConnName>HIGIA_DEV.IMPORTACAO_VIDA</sourceConnName>
<sourceObjSchema>IMPORTACAO_VIDA</sourceObjSchema>
<sourceObjName>LAYOUT_PADRAO_PK</sourceObjName>
<createdBy>labbe</createdBy>
<createdTime>2017-06-28 18:53:50 UTC</createdTime>
<ownerDesignName>higia</ownerDesignName>
<pk>true</pk>
<indexState>Primary Constraint</indexState>
<isSurrogateKey>false</isSurrogateKey>
<indexColumnUsage>
<colUsage columnID="63722CB3-2290-68D6-EC8A-975ED83A3AB3"/>
</indexColumnUsage>
</ind_PK_UK>
<ind_PK_UK id="D2712916-4FAE-25FA-65FE-6707C79591C7" schemaObject="30B3973A-EB3A-2195-1B09-2951E64926B0" name="LAYOUT_PADRAO_PK">
<sourceConnName>HIGIA_DEV.IMPORTACAO_VIDA</sourceConnName>
<sourceObjSchema>IMPORTACAO_VIDA</sourceObjSchema>
<sourceObjName>LAYOUT_PADRAO_PK</sourceObjName>
<createdBy>labbe</createdBy>
<createdTime>2017-06-28 18:53:48 UTC</createdTime>
<ownerDesignName>higia</ownerDesignName>
<indexState>Unique Plain Index</indexState>
<isSurrogateKey>false</isSurrogateKey>
<indexColumnUsage>
<colUsage columnID="63722CB3-2290-68D6-EC8A-975ED83A3AB3"/>
</indexColumnUsage>
</ind_PK_UK>
</indexes>
</Table>