<?xml version = '1.0' encoding = 'UTF-8'?>
<Table class="oracle.dbtools.crest.model.design.relational.Table" directorySegmentName="seg_0" id="2F1C1DC7-BB7C-A72C-FB89-3C5D68AF60AD" schemaObject="30B3973A-EB3A-2195-1B09-2951E64926B0" name="OBRIGATORIO_CAMPO_LAYOUT">
<sourceConnName>HIGIA_DEV.IMPORTACAO_VIDA</sourceConnName>
<sourceObjSchema>IMPORTACAO_VIDA</sourceObjSchema>
<sourceObjName>OBRIGATORIO_CAMPO_LAYOUT</sourceObjName>
<createdBy>labbe</createdBy>
<createdTime>2017-06-28 18:53:39 UTC</createdTime>
<ownerDesignName>higia</ownerDesignName>
<allowColumnReorder>false</allowColumnReorder>
<existDependencyGenerateInDDl>true</existDependencyGenerateInDDl>
<parsed>true</parsed>
<columns itemClass="oracle.dbtools.crest.model.design.relational.Column">
<Column name="COD_OBRIGATORIO_CAMPO_LAYOUT" id="286E6819-ACCE-22F1-F038-25FA4E62D8DD">
<sourceConnName>HIGIA_DEV.IMPORTACAO_VIDA</sourceConnName>
<sourceObjSchema>OBRIGATORIO_CAMPO_LAYOUT</sourceObjSchema>
<sourceObjName>COD_OBRIGATORIO_CAMPO_LAYOUT</sourceObjName>
<createdBy>labbe</createdBy>
<createdTime>2017-06-28 18:53:44 UTC</createdTime>
<ownerDesignName>higia</ownerDesignName>
<useDomainConstraints>false</useDomainConstraints>
<use>1</use>
<logicalDatatype>LOGDT019</logicalDatatype>
<dataTypePrecision>38</dataTypePrecision>
<dataTypeScale>0</dataTypeScale>
<ownDataTypeParameters>,38,0</ownDataTypeParameters>
<autoIncrementCycle>false</autoIncrementCycle>
</Column>
<Column name="COD_CAMPO_LAYOUT_PADRAO" id="28C67A44-66E4-71EE-A0A4-2F0E8BB8906E">
<sourceConnName>HIGIA_DEV.IMPORTACAO_VIDA</sourceConnName>
<sourceObjSchema>OBRIGATORIO_CAMPO_LAYOUT</sourceObjSchema>
<sourceObjName>COD_CAMPO_LAYOUT_PADRAO</sourceObjName>
<createdBy>labbe</createdBy>
<createdTime>2017-06-28 18:53:44 UTC</createdTime>
<ownerDesignName>higia</ownerDesignName>
<nullsAllowed>true</nullsAllowed>
<useDomainConstraints>false</useDomainConstraints>
<use>1</use>
<logicalDatatype>LOGDT019</logicalDatatype>
<dataTypePrecision>38</dataTypePrecision>
<dataTypeScale>0</dataTypeScale>
<ownDataTypeParameters>,38,0</ownDataTypeParameters>
<autoIncrementCycle>false</autoIncrementCycle>
</Column>
<Column name="INCLUSAO_TITULAR" id="218E5A69-206D-EEE9-5C72-B27964E2F83E">
<sourceConnName>HIGIA_DEV.IMPORTACAO_VIDA</sourceConnName>
<sourceObjSchema>OBRIGATORIO_CAMPO_LAYOUT</sourceObjSchema>
<sourceObjName>INCLUSAO_TITULAR</sourceObjName>
<createdBy>labbe</createdBy>
<createdTime>2017-06-28 18:53:44 UTC</createdTime>
<ownerDesignName>higia</ownerDesignName>
<nullsAllowed>true</nullsAllowed>
<useDomainConstraints>false</useDomainConstraints>
<use>1</use>
<logicalDatatype>LOGDT024</logicalDatatype>
<dataTypeSize>30 BYTE</dataTypeSize>
<ownDataTypeParameters>30 BYTE,,</ownDataTypeParameters>
<autoIncrementCycle>false</autoIncrementCycle>
</Column>
<Column name="INCLUSAO_DEPENDENTE" id="868B7804-7C5D-70C6-DD6F-53CF842841FE">
<sourceConnName>HIGIA_DEV.IMPORTACAO_VIDA</sourceConnName>
<sourceObjSchema>OBRIGATORIO_CAMPO_LAYOUT</sourceObjSchema>
<sourceObjName>INCLUSAO_DEPENDENTE</sourceObjName>
<createdBy>labbe</createdBy>
<createdTime>2017-06-28 18:53:44 UTC</createdTime>
<ownerDesignName>higia</ownerDesignName>
<nullsAllowed>true</nullsAllowed>
<useDomainConstraints>false</useDomainConstraints>
<use>1</use>
<logicalDatatype>LOGDT024</logicalDatatype>
<dataTypeSize>20 BYTE</dataTypeSize>
<ownDataTypeParameters>20 BYTE,,</ownDataTypeParameters>
<autoIncrementCycle>false</autoIncrementCycle>
</Column>
<Column name="RETIFICACAO_TITULAR" id="07AF0E95-6E77-49F2-C70F-23070A01E59F">
<sourceConnName>HIGIA_DEV.IMPORTACAO_VIDA</sourceConnName>
<sourceObjSchema>OBRIGATORIO_CAMPO_LAYOUT</sourceObjSchema>
<sourceObjName>RETIFICACAO_TITULAR</sourceObjName>
<createdBy>labbe</createdBy>
<createdTime>2017-06-28 18:53:45 UTC</createdTime>
<ownerDesignName>higia</ownerDesignName>
<nullsAllowed>true</nullsAllowed>
<useDomainConstraints>false</useDomainConstraints>
<use>1</use>
<logicalDatatype>LOGDT024</logicalDatatype>
<dataTypeSize>20 BYTE</dataTypeSize>
<ownDataTypeParameters>20 BYTE,,</ownDataTypeParameters>
<autoIncrementCycle>false</autoIncrementCycle>
</Column>
<Column name="RETIFICACAO_DEPENDENTE" id="79D86408-66F1-61FA-F1DF-9BA87782246B">
<sourceConnName>HIGIA_DEV.IMPORTACAO_VIDA</sourceConnName>
<sourceObjSchema>OBRIGATORIO_CAMPO_LAYOUT</sourceObjSchema>
<sourceObjName>RETIFICACAO_DEPENDENTE</sourceObjName>
<createdBy>labbe</createdBy>
<createdTime>2017-06-28 18:53:45 UTC</createdTime>
<ownerDesignName>higia</ownerDesignName>
<nullsAllowed>true</nullsAllowed>
<useDomainConstraints>false</useDomainConstraints>
<use>1</use>
<logicalDatatype>LOGDT024</logicalDatatype>
<dataTypeSize>20 BYTE</dataTypeSize>
<ownDataTypeParameters>20 BYTE,,</ownDataTypeParameters>
<autoIncrementCycle>false</autoIncrementCycle>
</Column>
<Column name="MUDANCACONTRATUAL_TITULAR" id="5562C2E9-0106-ED69-3234-A6DDAC4353B7">
<sourceConnName>HIGIA_DEV.IMPORTACAO_VIDA</sourceConnName>
<sourceObjSchema>OBRIGATORIO_CAMPO_LAYOUT</sourceObjSchema>
<sourceObjName>MUDANCACONTRATUAL_TITULAR</sourceObjName>
<createdBy>labbe</createdBy>
<createdTime>2017-06-28 18:53:45 UTC</createdTime>
<ownerDesignName>higia</ownerDesignName>
<nullsAllowed>true</nullsAllowed>
<useDomainConstraints>false</useDomainConstraints>
<use>1</use>
<logicalDatatype>LOGDT024</logicalDatatype>
<dataTypeSize>20 BYTE</dataTypeSize>
<ownDataTypeParameters>20 BYTE,,</ownDataTypeParameters>
<autoIncrementCycle>false</autoIncrementCycle>
</Column>
<Column name="MUDANCACONTRATUAL_DEPENDENTE" id="673B0363-46DA-7088-B451-6124C0618BC6">
<sourceConnName>HIGIA_DEV.IMPORTACAO_VIDA</sourceConnName>
<sourceObjSchema>OBRIGATORIO_CAMPO_LAYOUT</sourceObjSchema>
<sourceObjName>MUDANCACONTRATUAL_DEPENDENTE</sourceObjName>
<createdBy>labbe</createdBy>
<createdTime>2017-06-28 18:53:45 UTC</createdTime>
<ownerDesignName>higia</ownerDesignName>
<nullsAllowed>true</nullsAllowed>
<useDomainConstraints>false</useDomainConstraints>
<use>1</use>
<logicalDatatype>LOGDT024</logicalDatatype>
<dataTypeSize>20 BYTE</dataTypeSize>
<ownDataTypeParameters>20 BYTE,,</ownDataTypeParameters>
<autoIncrementCycle>false</autoIncrementCycle>
</Column>
<Column name="CANCELAMENTO_TITULAR" id="89D870AB-88D8-67BD-C5F2-6386154343B4">
<sourceConnName>HIGIA_DEV.IMPORTACAO_VIDA</sourceConnName>
<sourceObjSchema>OBRIGATORIO_CAMPO_LAYOUT</sourceObjSchema>
<sourceObjName>CANCELAMENTO_TITULAR</sourceObjName>
<createdBy>labbe</createdBy>
<createdTime>2017-06-28 18:53:45 UTC</createdTime>
<ownerDesignName>higia</ownerDesignName>
<nullsAllowed>true</nullsAllowed>
<useDomainConstraints>false</useDomainConstraints>
<use>1</use>
<logicalDatatype>LOGDT024</logicalDatatype>
<dataTypeSize>20 BYTE</dataTypeSize>
<ownDataTypeParameters>20 BYTE,,</ownDataTypeParameters>
<autoIncrementCycle>false</autoIncrementCycle>
</Column>
<Column name="CANCELAMENTO_DEPENDENTE" id="9D48DBD7-78EF-F685-902E-41254343C9D4">
<sourceConnName>HIGIA_DEV.IMPORTACAO_VIDA</sourceConnName>
<sourceObjSchema>OBRIGATORIO_CAMPO_LAYOUT</sourceObjSchema>
<sourceObjName>CANCELAMENTO_DEPENDENTE</sourceObjName>
<createdBy>labbe</createdBy>
<createdTime>2017-06-28 18:53:46 UTC</createdTime>
<ownerDesignName>higia</ownerDesignName>
<nullsAllowed>true</nullsAllowed>
<useDomainConstraints>false</useDomainConstraints>
<use>1</use>
<logicalDatatype>LOGDT024</logicalDatatype>
<dataTypeSize>20 BYTE</dataTypeSize>
<ownDataTypeParameters>20 BYTE,,</ownDataTypeParameters>
<autoIncrementCycle>false</autoIncrementCycle>
</Column>
<Column name="REATIVACAO_TITULAR" id="B9556434-22CD-B208-C9E7-254326AD2A37">
<sourceConnName>HIGIA_DEV.IMPORTACAO_VIDA</sourceConnName>
<sourceObjSchema>OBRIGATORIO_CAMPO_LAYOUT</sourceObjSchema>
<sourceObjName>REATIVACAO_TITULAR</sourceObjName>
<createdBy>labbe</createdBy>
<createdTime>2017-06-28 18:53:46 UTC</createdTime>
<ownerDesignName>higia</ownerDesignName>
<nullsAllowed>true</nullsAllowed>
<useDomainConstraints>false</useDomainConstraints>
<use>1</use>
<logicalDatatype>LOGDT024</logicalDatatype>
<dataTypeSize>20 BYTE</dataTypeSize>
<ownDataTypeParameters>20 BYTE,,</ownDataTypeParameters>
<autoIncrementCycle>false</autoIncrementCycle>
</Column>
<Column name="REATIVACAO_DEPENDENTE" id="C115BF32-E349-131A-3C19-6909C1FF6C29">
<sourceConnName>HIGIA_DEV.IMPORTACAO_VIDA</sourceConnName>
<sourceObjSchema>OBRIGATORIO_CAMPO_LAYOUT</sourceObjSchema>
<sourceObjName>REATIVACAO_DEPENDENTE</sourceObjName>
<createdBy>labbe</createdBy>
<createdTime>2017-06-28 18:53:46 UTC</createdTime>
<ownerDesignName>higia</ownerDesignName>
<nullsAllowed>true</nullsAllowed>
<useDomainConstraints>false</useDomainConstraints>
<use>1</use>
<logicalDatatype>LOGDT024</logicalDatatype>
<dataTypeSize>20 BYTE</dataTypeSize>
<ownDataTypeParameters>20 BYTE,,</ownDataTypeParameters>
<autoIncrementCycle>false</autoIncrementCycle>
</Column>
<Column name="FL_STATUS" id="BB5DD4FB-281F-EAD3-7968-892F3969A42D">
<sourceConnName>HIGIA_DEV.IMPORTACAO_VIDA</sourceConnName>
<sourceObjSchema>OBRIGATORIO_CAMPO_LAYOUT</sourceObjSchema>
<sourceObjName>FL_STATUS</sourceObjName>
<createdBy>labbe</createdBy>
<createdTime>2017-06-28 18:53:46 UTC</createdTime>
<ownerDesignName>higia</ownerDesignName>
<nullsAllowed>true</nullsAllowed>
<useDomainConstraints>false</useDomainConstraints>
<use>1</use>
<logicalDatatype>LOGDT025</logicalDatatype>
<dataTypeSize>1 BYTE</dataTypeSize>
<defaultValue>1</defaultValue>
<ownDataTypeParameters>1 BYTE,,</ownDataTypeParameters>
<autoIncrementCycle>false</autoIncrementCycle>
</Column>
<Column name="DT_INATIVO" id="E94598A9-32AC-C935-6E41-A7E7F2802DB8">
<sourceConnName>HIGIA_DEV.IMPORTACAO_VIDA</sourceConnName>
<sourceObjSchema>OBRIGATORIO_CAMPO_LAYOUT</sourceObjSchema>
<sourceObjName>DT_INATIVO</sourceObjName>
<createdBy>labbe</createdBy>
<createdTime>2017-06-28 18:53:46 UTC</createdTime>
<ownerDesignName>higia</ownerDesignName>
<nullsAllowed>true</nullsAllowed>
<useDomainConstraints>false</useDomainConstraints>
<use>1</use>
<logicalDatatype>LOGDT007</logicalDatatype>
<dataTypeSize>7</dataTypeSize>
<defaultValue>NULL</defaultValue>
<ownDataTypeParameters>7,,</ownDataTypeParameters>
<autoIncrementCycle>false</autoIncrementCycle>
</Column>
<Column name="DT_INCLUSAO" id="8347C361-AB22-9110-59CF-B41AC29EBC5D">
<sourceConnName>HIGIA_DEV.IMPORTACAO_VIDA</sourceConnName>
<sourceObjSchema>OBRIGATORIO_CAMPO_LAYOUT</sourceObjSchema>
<sourceObjName>DT_INCLUSAO</sourceObjName>
<createdBy>labbe</createdBy>
<createdTime>2017-06-28 18:53:46 UTC</createdTime>
<ownerDesignName>higia</ownerDesignName>
<nullsAllowed>true</nullsAllowed>
<useDomainConstraints>false</useDomainConstraints>
<use>1</use>
<logicalDatatype>LOGDT007</logicalDatatype>
<dataTypeSize>7</dataTypeSize>
<defaultValue>CURRENT_TIMESTAMP</defaultValue>
<ownDataTypeParameters>7,,</ownDataTypeParameters>
<autoIncrementCycle>false</autoIncrementCycle>
</Column>
<Column name="RETIFICACAO_CAMPO" id="32B951FF-BDE3-EA67-5EE9-7E83D6F72191">
<sourceConnName>HIGIA_DEV.IMPORTACAO_VIDA</sourceConnName>
<sourceObjSchema>OBRIGATORIO_CAMPO_LAYOUT</sourceObjSchema>
<sourceObjName>RETIFICACAO_CAMPO</sourceObjName>
<createdBy>labbe</createdBy>
<createdTime>2017-06-28 18:53:47 UTC</createdTime>
<ownerDesignName>higia</ownerDesignName>
<nullsAllowed>true</nullsAllowed>
<useDomainConstraints>false</useDomainConstraints>
<use>1</use>
<logicalDatatype>LOGDT019</logicalDatatype>
<dataTypePrecision>38</dataTypePrecision>
<dataTypeScale>0</dataTypeScale>
<ownDataTypeParameters>,38,0</ownDataTypeParameters>
<autoIncrementCycle>false</autoIncrementCycle>
</Column>
</columns>
<indexes itemClass="oracle.dbtools.crest.model.design.relational.Index">
<ind_PK_UK id="8A4AD7BE-54FE-4D91-27B1-C6697635A093" name="OBRIGATORIO_CAMPO_LAYOUT_PK">
<sourceConnName>HIGIA_DEV.IMPORTACAO_VIDA</sourceConnName>
<sourceObjSchema>IMPORTACAO_VIDA</sourceObjSchema>
<sourceObjName>OBRIGATORIO_CAMPO_LAYOUT_PK</sourceObjName>
<createdBy>labbe</createdBy>
<createdTime>2017-06-28 18:53:51 UTC</createdTime>
<ownerDesignName>higia</ownerDesignName>
<pk>true</pk>
<indexState>Primary Constraint</indexState>
<isSurrogateKey>false</isSurrogateKey>
<indexColumnUsage>
<colUsage columnID="286E6819-ACCE-22F1-F038-25FA4E62D8DD"/>
</indexColumnUsage>
</ind_PK_UK>
<ind_PK_UK id="F49D9A5C-AF70-327A-CA3C-FBD4AD582FE5" schemaObject="30B3973A-EB3A-2195-1B09-2951E64926B0" name="PK_VALIDACAOAO_CAMPO_LAYOUT">
<sourceConnName>HIGIA_DEV.IMPORTACAO_VIDA</sourceConnName>
<sourceObjSchema>IMPORTACAO_VIDA</sourceObjSchema>
<sourceObjName>PK_VALIDACAOAO_CAMPO_LAYOUT</sourceObjName>
<createdBy>labbe</createdBy>
<createdTime>2017-06-28 18:53:48 UTC</createdTime>
<ownerDesignName>higia</ownerDesignName>
<indexState>Unique Plain Index</indexState>
<isSurrogateKey>false</isSurrogateKey>
<indexColumnUsage>
<colUsage columnID="286E6819-ACCE-22F1-F038-25FA4E62D8DD"/>
</indexColumnUsage>
</ind_PK_UK>
</indexes>
</Table>