<?xml version = '1.0' encoding = 'UTF-8'?>
<Table class="oracle.dbtools.crest.model.design.relational.Table" directorySegmentName="seg_0" id="D4C2BA6C-13D7-14AA-64BC-BD1F97035D69" schemaObject="30B3973A-EB3A-2195-1B09-2951E64926B0" name="CAMPO_LAYOUT_PADRAO">
<sourceConnName>HIGIA_DEV.IMPORTACAO_VIDA</sourceConnName>
<sourceObjSchema>IMPORTACAO_VIDA</sourceObjSchema>
<sourceObjName>CAMPO_LAYOUT_PADRAO</sourceObjName>
<createdBy>labbe</createdBy>
<createdTime>2017-06-28 18:53:38 UTC</createdTime>
<ownerDesignName>higia</ownerDesignName>
<allowColumnReorder>false</allowColumnReorder>
<existDependencyGenerateInDDl>true</existDependencyGenerateInDDl>
<parsed>true</parsed>
<columns itemClass="oracle.dbtools.crest.model.design.relational.Column">
<Column name="COD_CAMPO_LAYOUT_PADRAO" id="24F70AB2-C2B1-D68E-C075-8058BA605014">
<sourceConnName>HIGIA_DEV.IMPORTACAO_VIDA</sourceConnName>
<sourceObjSchema>CAMPO_LAYOUT_PADRAO</sourceObjSchema>
<sourceObjName>COD_CAMPO_LAYOUT_PADRAO</sourceObjName>
<createdBy>labbe</createdBy>
<createdTime>2017-06-28 18:53:40 UTC</createdTime>
<ownerDesignName>higia</ownerDesignName>
<useDomainConstraints>false</useDomainConstraints>
<use>1</use>
<logicalDatatype>LOGDT019</logicalDatatype>
<dataTypePrecision>38</dataTypePrecision>
<dataTypeScale>0</dataTypeScale>
<ownDataTypeParameters>,38,0</ownDataTypeParameters>
<autoIncrementCycle>false</autoIncrementCycle>
</Column>
<Column name="COD_LAYOUT_PADRAO" id="95F774D5-A2E3-06A3-1875-256B136330FA">
<sourceConnName>HIGIA_DEV.IMPORTACAO_VIDA</sourceConnName>
<sourceObjSchema>CAMPO_LAYOUT_PADRAO</sourceObjSchema>
<sourceObjName>COD_LAYOUT_PADRAO</sourceObjName>
<createdBy>labbe</createdBy>
<createdTime>2017-06-28 18:53:40 UTC</createdTime>
<ownerDesignName>higia</ownerDesignName>
<nullsAllowed>true</nullsAllowed>
<useDomainConstraints>false</useDomainConstraints>
<use>1</use>
<logicalDatatype>LOGDT019</logicalDatatype>
<dataTypePrecision>38</dataTypePrecision>
<dataTypeScale>0</dataTypeScale>
<ownDataTypeParameters>,38,0</ownDataTypeParameters>
<autoIncrementCycle>false</autoIncrementCycle>
</Column>
<Column name="NUMERO_CAMPO" id="972AF1A0-D271-3B44-2113-AEEA35DF4789">
<sourceConnName>HIGIA_DEV.IMPORTACAO_VIDA</sourceConnName>
<sourceObjSchema>CAMPO_LAYOUT_PADRAO</sourceObjSchema>
<sourceObjName>NUMERO_CAMPO</sourceObjName>
<createdBy>labbe</createdBy>
<createdTime>2017-06-28 18:53:40 UTC</createdTime>
<ownerDesignName>higia</ownerDesignName>
<nullsAllowed>true</nullsAllowed>
<useDomainConstraints>false</useDomainConstraints>
<use>1</use>
<logicalDatatype>LOGDT019</logicalDatatype>
<dataTypePrecision>*</dataTypePrecision>
<dataTypeScale>0</dataTypeScale>
<ownDataTypeParameters>,*,0</ownDataTypeParameters>
<autoIncrementCycle>false</autoIncrementCycle>
</Column>
<Column name="DESCRICAO_CAMPO" id="34C4C36E-3795-6EF1-AE89-53BA635661C6">
<sourceConnName>HIGIA_DEV.IMPORTACAO_VIDA</sourceConnName>
<sourceObjSchema>CAMPO_LAYOUT_PADRAO</sourceObjSchema>
<sourceObjName>DESCRICAO_CAMPO</sourceObjName>
<createdBy>labbe</createdBy>
<createdTime>2017-06-28 18:53:40 UTC</createdTime>
<ownerDesignName>higia</ownerDesignName>
<nullsAllowed>true</nullsAllowed>
<useDomainConstraints>false</useDomainConstraints>
<use>1</use>
<logicalDatatype>LOGDT024</logicalDatatype>
<dataTypeSize>100 BYTE</dataTypeSize>
<ownDataTypeParameters>100 BYTE,,</ownDataTypeParameters>
<autoIncrementCycle>false</autoIncrementCycle>
</Column>
<Column name="TIPO_CAMPO" id="B2CAE6A3-1028-EF39-6911-CCA206A7975B">
<sourceConnName>HIGIA_DEV.IMPORTACAO_VIDA</sourceConnName>
<sourceObjSchema>CAMPO_LAYOUT_PADRAO</sourceObjSchema>
<sourceObjName>TIPO_CAMPO</sourceObjName>
<createdBy>labbe</createdBy>
<createdTime>2017-06-28 18:53:40 UTC</createdTime>
<ownerDesignName>higia</ownerDesignName>
<nullsAllowed>true</nullsAllowed>
<useDomainConstraints>false</useDomainConstraints>
<use>1</use>
<logicalDatatype>LOGDT024</logicalDatatype>
<dataTypeSize>100 BYTE</dataTypeSize>
<ownDataTypeParameters>100 BYTE,,</ownDataTypeParameters>
<autoIncrementCycle>false</autoIncrementCycle>
</Column>
<Column name="TAMANHO_CAMPO" id="79058961-0736-F982-8728-84F0E5CFA5F4">
<sourceConnName>HIGIA_DEV.IMPORTACAO_VIDA</sourceConnName>
<sourceObjSchema>CAMPO_LAYOUT_PADRAO</sourceObjSchema>
<sourceObjName>TAMANHO_CAMPO</sourceObjName>
<createdBy>labbe</createdBy>
<createdTime>2017-06-28 18:53:41 UTC</createdTime>
<ownerDesignName>higia</ownerDesignName>
<nullsAllowed>true</nullsAllowed>
<useDomainConstraints>false</useDomainConstraints>
<use>1</use>
<logicalDatatype>LOGDT019</logicalDatatype>
<dataTypePrecision>*</dataTypePrecision>
<dataTypeScale>0</dataTypeScale>
<ownDataTypeParameters>,*,0</ownDataTypeParameters>
<autoIncrementCycle>false</autoIncrementCycle>
</Column>
<Column name="TIPO_INFORMACAO" id="91A4A73F-66B8-9A69-F686-EDEE71B7EF7B">
<sourceConnName>HIGIA_DEV.IMPORTACAO_VIDA</sourceConnName>
<sourceObjSchema>CAMPO_LAYOUT_PADRAO</sourceObjSchema>
<sourceObjName>TIPO_INFORMACAO</sourceObjName>
<createdBy>labbe</createdBy>
<createdTime>2017-06-28 18:53:41 UTC</createdTime>
<ownerDesignName>higia</ownerDesignName>
<nullsAllowed>true</nullsAllowed>
<useDomainConstraints>false</useDomainConstraints>
<use>1</use>
<logicalDatatype>LOGDT024</logicalDatatype>
<dataTypeSize>30 BYTE</dataTypeSize>
<ownDataTypeParameters>30 BYTE,,</ownDataTypeParameters>
<autoIncrementCycle>false</autoIncrementCycle>
</Column>
<Column name="HABILITAR" id="F5DFBEE1-2FAE-36BF-CB4D-D3DFFBA3F09A">
<sourceConnName>HIGIA_DEV.IMPORTACAO_VIDA</sourceConnName>
<sourceObjSchema>CAMPO_LAYOUT_PADRAO</sourceObjSchema>
<sourceObjName>HABILITAR</sourceObjName>
<createdBy>labbe</createdBy>
<createdTime>2017-06-28 18:53:41 UTC</createdTime>
<ownerDesignName>higia</ownerDesignName>
<nullsAllowed>true</nullsAllowed>
<useDomainConstraints>false</useDomainConstraints>
<use>1</use>
<logicalDatatype>LOGDT025</logicalDatatype>
<dataTypeSize>1 BYTE</dataTypeSize>
<ownDataTypeParameters>1 BYTE,,</ownDataTypeParameters>
<autoIncrementCycle>false</autoIncrementCycle>
</Column>
<Column name="FL_STATUS" id="FD03EC65-66A1-8D42-278F-78AE5B29293E">
<sourceConnName>HIGIA_DEV.IMPORTACAO_VIDA</sourceConnName>
<sourceObjSchema>CAMPO_LAYOUT_PADRAO</sourceObjSchema>
<sourceObjName>FL_STATUS</sourceObjName>
<createdBy>labbe</createdBy>
<createdTime>2017-06-28 18:53:41 UTC</createdTime>
<ownerDesignName>higia</ownerDesignName>
<nullsAllowed>true</nullsAllowed>
<useDomainConstraints>false</useDomainConstraints>
<use>1</use>
<logicalDatatype>LOGDT025</logicalDatatype>
<dataTypeSize>1 BYTE</dataTypeSize>
<defaultValue>1</defaultValue>
<ownDataTypeParameters>1 BYTE,,</ownDataTypeParameters>
<autoIncrementCycle>false</autoIncrementCycle>
</Column>
<Column name="DT_INATIVO" id="8B756516-86E1-A81D-7201-179C8920A0C8">
<sourceConnName>HIGIA_DEV.IMPORTACAO_VIDA</sourceConnName>
<sourceObjSchema>CAMPO_LAYOUT_PADRAO</sourceObjSchema>
<sourceObjName>DT_INATIVO</sourceObjName>
<createdBy>labbe</createdBy>
<createdTime>2017-06-28 18:53:41 UTC</createdTime>
<ownerDesignName>higia</ownerDesignName>
<nullsAllowed>true</nullsAllowed>
<useDomainConstraints>false</useDomainConstraints>
<use>1</use>
<logicalDatatype>LOGDT007</logicalDatatype>
<dataTypeSize>7</dataTypeSize>
<ownDataTypeParameters>7,,</ownDataTypeParameters>
<autoIncrementCycle>false</autoIncrementCycle>
</Column>
<Column name="DT_INCLUSAO" id="CC0A58CC-DF1C-6F2E-1D51-188BAD7F7555">
<sourceConnName>HIGIA_DEV.IMPORTACAO_VIDA</sourceConnName>
<sourceObjSchema>CAMPO_LAYOUT_PADRAO</sourceObjSchema>
<sourceObjName>DT_INCLUSAO</sourceObjName>
<createdBy>labbe</createdBy>
<createdTime>2017-06-28 18:53:42 UTC</createdTime>
<ownerDesignName>higia</ownerDesignName>
<nullsAllowed>true</nullsAllowed>
<useDomainConstraints>false</useDomainConstraints>
<use>1</use>
<logicalDatatype>LOGDT007</logicalDatatype>
<dataTypeSize>7</dataTypeSize>
<defaultValue>CURRENT_TIMESTAMP</defaultValue>
<ownDataTypeParameters>7,,</ownDataTypeParameters>
<autoIncrementCycle>false</autoIncrementCycle>
</Column>
<Column name="CRITICA_SIB" id="A67ECCA0-5DFE-A28F-484C-DC07243B7E90">
<sourceConnName>HIGIA_DEV.IMPORTACAO_VIDA</sourceConnName>
<sourceObjSchema>CAMPO_LAYOUT_PADRAO</sourceObjSchema>
<sourceObjName>CRITICA_SIB</sourceObjName>
<createdBy>labbe</createdBy>
<createdTime>2017-06-28 18:53:42 UTC</createdTime>
<ownerDesignName>higia</ownerDesignName>
<nullsAllowed>true</nullsAllowed>
<useDomainConstraints>false</useDomainConstraints>
<use>1</use>
<logicalDatatype>LOGDT025</logicalDatatype>
<dataTypeSize>1 BYTE</dataTypeSize>
<ownDataTypeParameters>1 BYTE,,</ownDataTypeParameters>
<autoIncrementCycle>false</autoIncrementCycle>
</Column>
<Column name="VALIDA_DOMINIO" id="059C1BF7-1A0E-6D4D-FB6A-4171ED03428E">
<sourceConnName>HIGIA_DEV.IMPORTACAO_VIDA</sourceConnName>
<sourceObjSchema>CAMPO_LAYOUT_PADRAO</sourceObjSchema>
<sourceObjName>VALIDA_DOMINIO</sourceObjName>
<createdBy>labbe</createdBy>
<createdTime>2017-06-28 18:53:42 UTC</createdTime>
<ownerDesignName>higia</ownerDesignName>
<nullsAllowed>true</nullsAllowed>
<useDomainConstraints>false</useDomainConstraints>
<use>1</use>
<logicalDatatype>LOGDT025</logicalDatatype>
<dataTypeSize>1 BYTE</dataTypeSize>
<ownDataTypeParameters>1 BYTE,,</ownDataTypeParameters>
<autoIncrementCycle>false</autoIncrementCycle>
</Column>
</columns>
<indexes itemClass="oracle.dbtools.crest.model.design.relational.Index">
<ind_PK_UK id="8CA19F02-F786-0540-5A4B-B49FE26D5092" name="CAMPO_LAYOUT_PADRAO_PK">
<sourceConnName>HIGIA_DEV.IMPORTACAO_VIDA</sourceConnName>
<sourceObjSchema>IMPORTACAO_VIDA</sourceObjSchema>
<sourceObjName>CAMPO_LAYOUT_PADRAO_PK</sourceObjName>
<createdBy>labbe</createdBy>
<createdTime>2017-06-28 18:53:49 UTC</createdTime>
<ownerDesignName>higia</ownerDesignName>
<pk>true</pk>
<indexState>Primary Constraint</indexState>
<isSurrogateKey>false</isSurrogateKey>
<indexColumnUsage>
<colUsage columnID="24F70AB2-C2B1-D68E-C075-8058BA605014"/>
</indexColumnUsage>
</ind_PK_UK>
<ind_PK_UK id="59B0FD37-BCAF-5BF7-C877-77D06DDAFDDF" schemaObject="30B3973A-EB3A-2195-1B09-2951E64926B0" name="CAMPO_LAYOUT_PADRAO_PK">
<sourceConnName>HIGIA_DEV.IMPORTACAO_VIDA</sourceConnName>
<sourceObjSchema>IMPORTACAO_VIDA</sourceObjSchema>
<sourceObjName>CAMPO_LAYOUT_PADRAO_PK</sourceObjName>
<createdBy>labbe</createdBy>
<createdTime>2017-06-28 18:53:48 UTC</createdTime>
<ownerDesignName>higia</ownerDesignName>
<indexState>Unique Plain Index</indexState>
<isSurrogateKey>false</isSurrogateKey>
<indexColumnUsage>
<colUsage columnID="24F70AB2-C2B1-D68E-C075-8058BA605014"/>
</indexColumnUsage>
</ind_PK_UK>
</indexes>
</Table>