<?xml version = '1.0' encoding = 'UTF-8'?>
<TableProxyOraclev12c class="oracle.dbtools.crest.model.design.storage.oracle.v12c.TableProxyOraclev12c" name="LAYOUT_PADRAO" directorySegmentName="seg_0" id="1F8DCE19-DABB-9F00-27B1-62A830562BA3">
<createdBy>labbe</createdBy>
<createdTime>2017-06-28 18:53:38 UTC</createdTime>
<ownerDesignName>higia</ownerDesignName>
<schemaObject>30B3973A-EB3A-2195-1B09-2951E64926B0</schemaObject>
<logging>YES</logging>
<partitionedRowMovement>DISABLE</partitionedRowMovement>
<segment>90EBCFEF-0B98-E064-6F97-6CFA7A9D733E</segment>
<tableSpace>5CB4D491-7494-F252-89EA-CE63F5107A19</tableSpace>
<temporaryChanged>false</temporaryChanged>
<accessDriverType>oracle_loader</accessDriverType>
<rejectLimit></rejectLimit>
<inMemory>NO</inMemory>
<columnProxies itemClass="oracle.dbtools.crest.model.design.storage.oracle.v12c.ColumnProxyOraclev12c">
<ColumnProxy name="COD_LAYOUT_PADRAO" id="63722CB3-2290-68D6-EC8A-975ED83A3AB3">
<createdBy>labbe</createdBy>
<createdTime>2017-06-28 18:53:42 UTC</createdTime>
<ownerDesignName>higia</ownerDesignName>
</ColumnProxy>
<ColumnProxy name="DT_INCLUSAO" id="954D49FB-A94A-ECCD-FBA3-B2AC65543C52">
<createdBy>labbe</createdBy>
<createdTime>2017-06-28 18:53:43 UTC</createdTime>
<ownerDesignName>higia</ownerDesignName>
<defaultValue>CURRENT_TIMESTAMP</defaultValue>
</ColumnProxy>
<ColumnProxy name="FL_STATUS" id="D8B9DC02-75E2-EA9C-170A-B094DEC6CE5A">
<createdBy>labbe</createdBy>
<createdTime>2017-06-28 18:53:43 UTC</createdTime>
<ownerDesignName>higia</ownerDesignName>
<defaultValue>1</defaultValue>
</ColumnProxy>
<ColumnProxy name="NOME" id="E465969A-34AB-896C-DFED-3634A5069756">
<createdBy>labbe</createdBy>
<createdTime>2017-06-28 18:53:43 UTC</createdTime>
<ownerDesignName>higia</ownerDesignName>
</ColumnProxy>
<ColumnProxy name="DT_INATIVO" id="F6DAD1A0-43B1-FD42-24DB-2FC2C25063DB">
<createdBy>labbe</createdBy>
<createdTime>2017-06-28 18:53:43 UTC</createdTime>
<ownerDesignName>higia</ownerDesignName>
</ColumnProxy>
<ColumnProxy name="VALIDACAO" id="FE1293F8-9F6D-A7A0-3D22-17132C1178FE">
<createdBy>labbe</createdBy>
<createdTime>2017-06-28 18:53:43 UTC</createdTime>
<ownerDesignName>higia</ownerDesignName>
</ColumnProxy>
</columnProxies>
<indexProxies>
<IndexProxy class="oracle.dbtools.crest.model.design.storage.oracle.v10g.IndexProxyOraclev10g" name="LAYOUT_PADRAO_PK" id="D2712916-4FAE-25FA-65FE-6707C79591C7">
<createdBy>labbe</createdBy>
<createdTime>2017-06-28 18:53:48 UTC</createdTime>
<ownerDesignName>higia</ownerDesignName>
<schemaObject>30B3973A-EB3A-2195-1B09-2951E64926B0</schemaObject>
<segment>9CB22898-EB34-9A58-FCEB-31F640DBB746</segment>
<tableSpace>5CB4D491-7494-F252-89EA-CE63F5107A19</tableSpace>
</IndexProxy>
</indexProxies>
<synonyms>
<Synonym class="oracle.dbtools.crest.model.design.storage.oracle.v10g.SynonymOraclev10g" name="LAYOUT_PADRAO" directorySegmentName="seg_0" id="9FA238F1-D243-22D9-9C87-9D4094CF5631">
<sourceConnName>HIGIA_DEV.IMPORTACAO_VIDA</sourceConnName>
<sourceObjSchema>PUBLIC</sourceObjSchema>
<sourceObjName>LAYOUT_PADRAO</sourceObjName>
<createdBy>labbe</createdBy>
<createdTime>2017-06-28 18:53:54 UTC</createdTime>
<ownerDesignName>higia</ownerDesignName>
<object>LAYOUT_PADRAO</object>
<objectUser>ADF79B2D-067D-4D84-11B3-7DAEE603E4CC</objectUser>
<public>YES</public>
<referredObjectID>1F8DCE19-DABB-9F00-27B1-62A830562BA3</referredObjectID>
</Synonym>
</synonyms>
<primaryKeys>
<PrimaryKey class="oracle.dbtools.crest.model.design.storage.oracle.v10g.PKProxyOraclev10g" name="LAYOUT_PADRAO_PK" id="BFF5ED4C-9C7C-651D-DF4E-A7FC700EC6E5">
<createdBy>labbe</createdBy>
<createdTime>2017-06-28 18:53:50 UTC</createdTime>
<ownerDesignName>higia</ownerDesignName>
<segment>9CB22898-EB34-9A58-FCEB-31F640DBB746</segment>
<tableSpace>5CB4D491-7494-F252-89EA-CE63F5107A19</tableSpace>
<existingIndex>D2712916-4FAE-25FA-65FE-6707C79591C7</existingIndex>
<indexSegment>9CB22898-EB34-9A58-FCEB-31F640DBB746</indexSegment>
<indexSort>SORTED</indexSort>
<usingIndex>BY INDEX NAME</usingIndex>
</PrimaryKey>
</primaryKeys>
</TableProxyOraclev12c>