<?xml version = '1.0' encoding = 'UTF-8'?>
<TableProxyOraclev12c class="oracle.dbtools.crest.model.design.storage.oracle.v12c.TableProxyOraclev12c" name="OBRIGATORIO_CAMPO_LAYOUT" directorySegmentName="seg_0" id="2F1C1DC7-BB7C-A72C-FB89-3C5D68AF60AD">
<createdBy>labbe</createdBy>
<createdTime>2017-06-28 18:53:39 UTC</createdTime>
<ownerDesignName>higia</ownerDesignName>
<schemaObject>30B3973A-EB3A-2195-1B09-2951E64926B0</schemaObject>
<logging>YES</logging>
<partitionedRowMovement>DISABLE</partitionedRowMovement>
<segment>90EBCFEF-0B98-E064-6F97-6CFA7A9D733E</segment>
<tableSpace>5CB4D491-7494-F252-89EA-CE63F5107A19</tableSpace>
<temporaryChanged>false</temporaryChanged>
<accessDriverType>oracle_loader</accessDriverType>
<rejectLimit></rejectLimit>
<inMemory>NO</inMemory>
<columnProxies itemClass="oracle.dbtools.crest.model.design.storage.oracle.v12c.ColumnProxyOraclev12c">
<ColumnProxy name="RETIFICACAO_TITULAR" id="07AF0E95-6E77-49F2-C70F-23070A01E59F">
<createdBy>labbe</createdBy>
<createdTime>2017-06-28 18:53:45 UTC</createdTime>
<ownerDesignName>higia</ownerDesignName>
</ColumnProxy>
<ColumnProxy name="INCLUSAO_TITULAR" id="218E5A69-206D-EEE9-5C72-B27964E2F83E">
<createdBy>labbe</createdBy>
<createdTime>2017-06-28 18:53:44 UTC</createdTime>
<ownerDesignName>higia</ownerDesignName>
</ColumnProxy>
<ColumnProxy name="COD_OBRIGATORIO_CAMPO_LAYOUT" id="286E6819-ACCE-22F1-F038-25FA4E62D8DD">
<createdBy>labbe</createdBy>
<createdTime>2017-06-28 18:53:44 UTC</createdTime>
<ownerDesignName>higia</ownerDesignName>
</ColumnProxy>
<ColumnProxy name="COD_CAMPO_LAYOUT_PADRAO" id="28C67A44-66E4-71EE-A0A4-2F0E8BB8906E">
<createdBy>labbe</createdBy>
<createdTime>2017-06-28 18:53:44 UTC</createdTime>
<ownerDesignName>higia</ownerDesignName>
</ColumnProxy>
<ColumnProxy name="RETIFICACAO_CAMPO" id="32B951FF-BDE3-EA67-5EE9-7E83D6F72191">
<createdBy>labbe</createdBy>
<createdTime>2017-06-28 18:53:47 UTC</createdTime>
<ownerDesignName>higia</ownerDesignName>
</ColumnProxy>
<ColumnProxy name="MUDANCACONTRATUAL_TITULAR" id="5562C2E9-0106-ED69-3234-A6DDAC4353B7">
<createdBy>labbe</createdBy>
<createdTime>2017-06-28 18:53:45 UTC</createdTime>
<ownerDesignName>higia</ownerDesignName>
</ColumnProxy>
<ColumnProxy name="MUDANCACONTRATUAL_DEPENDENTE" id="673B0363-46DA-7088-B451-6124C0618BC6">
<createdBy>labbe</createdBy>
<createdTime>2017-06-28 18:53:45 UTC</createdTime>
<ownerDesignName>higia</ownerDesignName>
</ColumnProxy>
<ColumnProxy name="RETIFICACAO_DEPENDENTE" id="79D86408-66F1-61FA-F1DF-9BA87782246B">
<createdBy>labbe</createdBy>
<createdTime>2017-06-28 18:53:45 UTC</createdTime>
<ownerDesignName>higia</ownerDesignName>
</ColumnProxy>
<ColumnProxy name="DT_INCLUSAO" id="8347C361-AB22-9110-59CF-B41AC29EBC5D">
<createdBy>labbe</createdBy>
<createdTime>2017-06-28 18:53:46 UTC</createdTime>
<ownerDesignName>higia</ownerDesignName>
<defaultValue>CURRENT_TIMESTAMP</defaultValue>
</ColumnProxy>
<ColumnProxy name="INCLUSAO_DEPENDENTE" id="868B7804-7C5D-70C6-DD6F-53CF842841FE">
<createdBy>labbe</createdBy>
<createdTime>2017-06-28 18:53:44 UTC</createdTime>
<ownerDesignName>higia</ownerDesignName>
</ColumnProxy>
<ColumnProxy name="CANCELAMENTO_TITULAR" id="89D870AB-88D8-67BD-C5F2-6386154343B4">
<createdBy>labbe</createdBy>
<createdTime>2017-06-28 18:53:45 UTC</createdTime>
<ownerDesignName>higia</ownerDesignName>
</ColumnProxy>
<ColumnProxy name="CANCELAMENTO_DEPENDENTE" id="9D48DBD7-78EF-F685-902E-41254343C9D4">
<createdBy>labbe</createdBy>
<createdTime>2017-06-28 18:53:46 UTC</createdTime>
<ownerDesignName>higia</ownerDesignName>
</ColumnProxy>
<ColumnProxy name="REATIVACAO_TITULAR" id="B9556434-22CD-B208-C9E7-254326AD2A37">
<createdBy>labbe</createdBy>
<createdTime>2017-06-28 18:53:46 UTC</createdTime>
<ownerDesignName>higia</ownerDesignName>
</ColumnProxy>
<ColumnProxy name="FL_STATUS" id="BB5DD4FB-281F-EAD3-7968-892F3969A42D">
<createdBy>labbe</createdBy>
<createdTime>2017-06-28 18:53:46 UTC</createdTime>
<ownerDesignName>higia</ownerDesignName>
<defaultValue>1</defaultValue>
</ColumnProxy>
<ColumnProxy name="REATIVACAO_DEPENDENTE" id="C115BF32-E349-131A-3C19-6909C1FF6C29">
<createdBy>labbe</createdBy>
<createdTime>2017-06-28 18:53:46 UTC</createdTime>
<ownerDesignName>higia</ownerDesignName>
</ColumnProxy>
<ColumnProxy name="DT_INATIVO" id="E94598A9-32AC-C935-6E41-A7E7F2802DB8">
<createdBy>labbe</createdBy>
<createdTime>2017-06-28 18:53:46 UTC</createdTime>
<ownerDesignName>higia</ownerDesignName>
<defaultValue>NULL</defaultValue>
</ColumnProxy>
</columnProxies>
<indexProxies>
<IndexProxy class="oracle.dbtools.crest.model.design.storage.oracle.v10g.IndexProxyOraclev10g" name="PK_VALIDACAOAO_CAMPO_LAYOUT" id="F49D9A5C-AF70-327A-CA3C-FBD4AD582FE5">
<createdBy>labbe</createdBy>
<createdTime>2017-06-28 18:53:48 UTC</createdTime>
<ownerDesignName>higia</ownerDesignName>
<schemaObject>30B3973A-EB3A-2195-1B09-2951E64926B0</schemaObject>
<segment>9CB22898-EB34-9A58-FCEB-31F640DBB746</segment>
<tableSpace>5CB4D491-7494-F252-89EA-CE63F5107A19</tableSpace>
</IndexProxy>
</indexProxies>
<synonyms>
<Synonym class="oracle.dbtools.crest.model.design.storage.oracle.v10g.SynonymOraclev10g" name="OBRIGATORIO_CAMPO_LAYOUT" directorySegmentName="seg_0" id="4409EAF2-00B7-7D54-AD73-9AC195B46430">
<sourceConnName>HIGIA_DEV.IMPORTACAO_VIDA</sourceConnName>
<sourceObjSchema>PUBLIC</sourceObjSchema>
<sourceObjName>OBRIGATORIO_CAMPO_LAYOUT</sourceObjName>
<createdBy>labbe</createdBy>
<createdTime>2017-06-28 18:53:54 UTC</createdTime>
<ownerDesignName>higia</ownerDesignName>
<object>OBRIGATORIO_CAMPO_LAYOUT</object>
<objectUser>ADF79B2D-067D-4D84-11B3-7DAEE603E4CC</objectUser>
<public>YES</public>
<referredObjectID>2F1C1DC7-BB7C-A72C-FB89-3C5D68AF60AD</referredObjectID>
</Synonym>
</synonyms>
<primaryKeys>
<PrimaryKey class="oracle.dbtools.crest.model.design.storage.oracle.v10g.PKProxyOraclev10g" name="OBRIGATORIO_CAMPO_LAYOUT_PK" id="8A4AD7BE-54FE-4D91-27B1-C6697635A093">
<createdBy>labbe</createdBy>
<createdTime>2017-06-28 18:53:51 UTC</createdTime>
<ownerDesignName>higia</ownerDesignName>
<segment>9CB22898-EB34-9A58-FCEB-31F640DBB746</segment>
<tableSpace>5CB4D491-7494-F252-89EA-CE63F5107A19</tableSpace>
<existingIndex>F49D9A5C-AF70-327A-CA3C-FBD4AD582FE5</existingIndex>
<indexSegment>9CB22898-EB34-9A58-FCEB-31F640DBB746</indexSegment>
<indexSort>SORTED</indexSort>
<usingIndex>BY INDEX NAME</usingIndex>
</PrimaryKey>
</primaryKeys>
</TableProxyOraclev12c>