<?xml version = '1.0' encoding = 'UTF-8'?>
<TableProxyOraclev12c class="oracle.dbtools.crest.model.design.storage.oracle.v12c.TableProxyOraclev12c" name="CAMPO_LAYOUT_PADRAO" directorySegmentName="seg_0" id="D4C2BA6C-13D7-14AA-64BC-BD1F97035D69">
<createdBy>labbe</createdBy>
<createdTime>2017-06-28 18:53:38 UTC</createdTime>
<ownerDesignName>higia</ownerDesignName>
<schemaObject>30B3973A-EB3A-2195-1B09-2951E64926B0</schemaObject>
<logging>YES</logging>
<partitionedRowMovement>DISABLE</partitionedRowMovement>
<segment>90EBCFEF-0B98-E064-6F97-6CFA7A9D733E</segment>
<tableSpace>5CB4D491-7494-F252-89EA-CE63F5107A19</tableSpace>
<temporaryChanged>false</temporaryChanged>
<accessDriverType>oracle_loader</accessDriverType>
<rejectLimit></rejectLimit>
<inMemory>NO</inMemory>
<columnProxies itemClass="oracle.dbtools.crest.model.design.storage.oracle.v12c.ColumnProxyOraclev12c">
<ColumnProxy name="VALIDA_DOMINIO" id="059C1BF7-1A0E-6D4D-FB6A-4171ED03428E">
<createdBy>labbe</createdBy>
<createdTime>2017-06-28 18:53:42 UTC</createdTime>
<ownerDesignName>higia</ownerDesignName>
</ColumnProxy>
<ColumnProxy name="COD_CAMPO_LAYOUT_PADRAO" id="24F70AB2-C2B1-D68E-C075-8058BA605014">
<createdBy>labbe</createdBy>
<createdTime>2017-06-28 18:53:40 UTC</createdTime>
<ownerDesignName>higia</ownerDesignName>
</ColumnProxy>
<ColumnProxy name="DESCRICAO_CAMPO" id="34C4C36E-3795-6EF1-AE89-53BA635661C6">
<createdBy>labbe</createdBy>
<createdTime>2017-06-28 18:53:40 UTC</createdTime>
<ownerDesignName>higia</ownerDesignName>
</ColumnProxy>
<ColumnProxy name="TAMANHO_CAMPO" id="79058961-0736-F982-8728-84F0E5CFA5F4">
<createdBy>labbe</createdBy>
<createdTime>2017-06-28 18:53:41 UTC</createdTime>
<ownerDesignName>higia</ownerDesignName>
</ColumnProxy>
<ColumnProxy name="DT_INATIVO" id="8B756516-86E1-A81D-7201-179C8920A0C8">
<createdBy>labbe</createdBy>
<createdTime>2017-06-28 18:53:41 UTC</createdTime>
<ownerDesignName>higia</ownerDesignName>
</ColumnProxy>
<ColumnProxy name="TIPO_INFORMACAO" id="91A4A73F-66B8-9A69-F686-EDEE71B7EF7B">
<createdBy>labbe</createdBy>
<createdTime>2017-06-28 18:53:41 UTC</createdTime>
<ownerDesignName>higia</ownerDesignName>
</ColumnProxy>
<ColumnProxy name="COD_LAYOUT_PADRAO" id="95F774D5-A2E3-06A3-1875-256B136330FA">
<createdBy>labbe</createdBy>
<createdTime>2017-06-28 18:53:40 UTC</createdTime>
<ownerDesignName>higia</ownerDesignName>
</ColumnProxy>
<ColumnProxy name="NUMERO_CAMPO" id="972AF1A0-D271-3B44-2113-AEEA35DF4789">
<createdBy>labbe</createdBy>
<createdTime>2017-06-28 18:53:40 UTC</createdTime>
<ownerDesignName>higia</ownerDesignName>
</ColumnProxy>
<ColumnProxy name="CRITICA_SIB" id="A67ECCA0-5DFE-A28F-484C-DC07243B7E90">
<createdBy>labbe</createdBy>
<createdTime>2017-06-28 18:53:42 UTC</createdTime>
<ownerDesignName>higia</ownerDesignName>
</ColumnProxy>
<ColumnProxy name="TIPO_CAMPO" id="B2CAE6A3-1028-EF39-6911-CCA206A7975B">
<createdBy>labbe</createdBy>
<createdTime>2017-06-28 18:53:40 UTC</createdTime>
<ownerDesignName>higia</ownerDesignName>
</ColumnProxy>
<ColumnProxy name="DT_INCLUSAO" id="CC0A58CC-DF1C-6F2E-1D51-188BAD7F7555">
<createdBy>labbe</createdBy>
<createdTime>2017-06-28 18:53:42 UTC</createdTime>
<ownerDesignName>higia</ownerDesignName>
<defaultValue>CURRENT_TIMESTAMP</defaultValue>
</ColumnProxy>
<ColumnProxy name="HABILITAR" id="F5DFBEE1-2FAE-36BF-CB4D-D3DFFBA3F09A">
<createdBy>labbe</createdBy>
<createdTime>2017-06-28 18:53:41 UTC</createdTime>
<ownerDesignName>higia</ownerDesignName>
</ColumnProxy>
<ColumnProxy name="FL_STATUS" id="FD03EC65-66A1-8D42-278F-78AE5B29293E">
<createdBy>labbe</createdBy>
<createdTime>2017-06-28 18:53:41 UTC</createdTime>
<ownerDesignName>higia</ownerDesignName>
<defaultValue>1</defaultValue>
</ColumnProxy>
</columnProxies>
<indexProxies>
<IndexProxy class="oracle.dbtools.crest.model.design.storage.oracle.v10g.IndexProxyOraclev10g" name="CAMPO_LAYOUT_PADRAO_PK" id="59B0FD37-BCAF-5BF7-C877-77D06DDAFDDF">
<createdBy>labbe</createdBy>
<createdTime>2017-06-28 18:53:48 UTC</createdTime>
<ownerDesignName>higia</ownerDesignName>
<schemaObject>30B3973A-EB3A-2195-1B09-2951E64926B0</schemaObject>
<segment>9CB22898-EB34-9A58-FCEB-31F640DBB746</segment>
<tableSpace>5CB4D491-7494-F252-89EA-CE63F5107A19</tableSpace>
</IndexProxy>
</indexProxies>
<synonyms>
<Synonym class="oracle.dbtools.crest.model.design.storage.oracle.v10g.SynonymOraclev10g" name="CAMPO_LAYOUT_PADRAO" directorySegmentName="seg_0" id="FF15E9EC-117F-E32A-7080-B280A51A9E8B">
<sourceConnName>HIGIA_DEV.IMPORTACAO_VIDA</sourceConnName>
<sourceObjSchema>PUBLIC</sourceObjSchema>
<sourceObjName>CAMPO_LAYOUT_PADRAO</sourceObjName>
<createdBy>labbe</createdBy>
<createdTime>2017-06-28 18:53:54 UTC</createdTime>
<ownerDesignName>higia</ownerDesignName>
<object>CAMPO_LAYOUT_PADRAO</object>
<objectUser>ADF79B2D-067D-4D84-11B3-7DAEE603E4CC</objectUser>
<public>YES</public>
<referredObjectID>D4C2BA6C-13D7-14AA-64BC-BD1F97035D69</referredObjectID>
</Synonym>
</synonyms>
<primaryKeys>
<PrimaryKey class="oracle.dbtools.crest.model.design.storage.oracle.v10g.PKProxyOraclev10g" name="CAMPO_LAYOUT_PADRAO_PK" id="8CA19F02-F786-0540-5A4B-B49FE26D5092">
<createdBy>labbe</createdBy>
<createdTime>2017-06-28 18:53:49 UTC</createdTime>
<ownerDesignName>higia</ownerDesignName>
<segment>9CB22898-EB34-9A58-FCEB-31F640DBB746</segment>
<tableSpace>5CB4D491-7494-F252-89EA-CE63F5107A19</tableSpace>
<existingIndex>59B0FD37-BCAF-5BF7-C877-77D06DDAFDDF</existingIndex>
<indexSegment>9CB22898-EB34-9A58-FCEB-31F640DBB746</indexSegment>
<indexSort>SORTED</indexSort>
<usingIndex>BY INDEX NAME</usingIndex>
</PrimaryKey>
</primaryKeys>
</TableProxyOraclev12c>