<?xml version = '1.0' encoding = 'UTF-8'?>
<UserOraclev10g class="oracle.dbtools.crest.model.design.storage.oracle.v10g.UserOraclev10g" name="IMPORTACAO_VIDA" directorySegmentName="seg_0" id="ADF79B2D-067D-4D84-11B3-7DAEE603E4CC">
<sourceConnName>HIGIA_DEV.IMPORTACAO_VIDA</sourceConnName>
<sourceObjName>IMPORTACAO_VIDA</sourceObjName>
<createdBy>labbe</createdBy>
<createdTime>2017-06-28 18:53:34 UTC</createdTime>
<ownerDesignName>higia</ownerDesignName>
<schemaObject>30B3973A-EB3A-2195-1B09-2951E64926B0</schemaObject>
</UserOraclev10g>