<?xml version = '1.0' encoding = 'UTF-8'?>
<Diagram class="oracle.dbtools.crest.swingui.relational.DPVRelational" name="03. FATURAMENTO" id="44DA800E-FB79-08D2-E5AF-4BC5CA7B49C1">
<createdBy>labbe</createdBy>
<modifiedBy>labbe</modifiedBy>
<createdTime>2017-06-28 18:04:48 UTC</createdTime>
<autoRoute>false</autoRoute>
<boxInbox>true</boxInbox>
<showLegend>false</showLegend>
<showLabels>false</showLabels>
<showRelAttributes>false</showRelAttributes>
<gridEnabled>false</gridEnabled>
<showGrid>false</showGrid>
<diagramColor>-1</diagramColor>
<display>false</display>
<notation>1</notation>
<objectViews>
<OView class="oracle.dbtools.crest.swingui.relational.TVTable" oid="1419D54F-BB37-4035-1F78-1DA49EEDD6F5" otype="Table" vid="57BF58E3-EBB9-8DC5-31A6-38015954FE9A">
<hideElementsInCurrentOnly>false</hideElementsInCurrentOnly>
<bounds x="481" y="894" width="230" height="166"/>
</OView>
<OView class="oracle.dbtools.crest.swingui.relational.TVTable" oid="2471C8B6-AA1D-EDDA-F354-2C0BF3CF8B14" otype="Table" vid="FD7CA2A4-8527-E410-A450-9547596D8ACD">
<hideElementsInCurrentOnly>false</hideElementsInCurrentOnly>
<bounds x="50" y="515" width="290" height="214"/>
</OView>
<OView class="oracle.dbtools.crest.swingui.relational.TVTable" oid="258A0F7F-BACC-1702-A6FC-29546666851F" otype="Table" vid="C5DB33ED-DA8E-6DD6-081E-64ABE6B55B18">
<hideElementsInCurrentOnly>false</hideElementsInCurrentOnly>
<bounds x="835" y="181" width="291" height="138"/>
</OView>
<OView class="oracle.dbtools.crest.swingui.relational.TVTable" oid="4CCB1D67-A436-9DAC-4FCA-3552610A3192" otype="Table" vid="967F59A8-9B21-5071-273D-91FF8136B3DF">
<hideElementsInCurrentOnly>false</hideElementsInCurrentOnly>
<bounds x="444" y="633" width="357" height="243"/>
</OView>
<OView class="oracle.dbtools.crest.swingui.relational.TVTable" oid="706A4C50-EE94-92C8-3A8B-EFA72F43FA88" otype="Table" vid="8B86ED50-00E3-519C-60D7-CF518DCE1DD4">
<hideElementsInCurrentOnly>false</hideElementsInCurrentOnly>
<bounds x="11" y="15" width="318" height="138"/>
</OView>
<OView class="oracle.dbtools.crest.swingui.relational.TVTable" oid="78A6FDCE-0EE3-E91A-5FCA-78329301EFDD" otype="Table" vid="E57EE5AA-5E49-89D0-A0D1-6DD2B484366B">
<hideElementsInCurrentOnly>false</hideElementsInCurrentOnly>
<bounds x="834" y="531" width="376" height="157"/>
</OView>
<OView class="oracle.dbtools.crest.swingui.relational.TVTable" oid="884185AB-3C54-0800-484D-329E857FB742" otype="Table" vid="5BC4A80C-795C-1B80-3A01-51C59483965A">
<hideElementsInCurrentOnly>false</hideElementsInCurrentOnly>
<bounds x="0" y="265" width="382" height="228"/>
</OView>
<OView class="oracle.dbtools.crest.swingui.relational.TVTable" oid="972A3150-7071-4E80-ACBE-09AC3A3DBC5B" otype="Table" vid="2DE3D93B-EC91-BE30-F68F-C968AFDB1AC3">
<hideElementsInCurrentOnly>false</hideElementsInCurrentOnly>
<bounds x="836" y="334" width="292" height="172"/>
</OView>
<OView class="oracle.dbtools.crest.swingui.relational.TVTable" oid="C591A9AB-F946-A01D-1FCF-FF562AEE3F9E" otype="Table" vid="0C5E45C4-3C40-9715-3B41-F52D39D227C8">
<hideElementsInCurrentOnly>false</hideElementsInCurrentOnly>
<bounds x="368" y="17" width="251" height="158"/>
</OView>
<OView class="oracle.dbtools.crest.swingui.relational.TVTable" oid="CFB0DE67-8B27-8F91-6BCC-402CBF5C0F37" otype="Table" vid="3087BDDB-97BC-BA46-93AF-02CBA8AE61BF">
<hideElementsInCurrentOnly>false</hideElementsInCurrentOnly>
<bounds x="437" y="251" width="311" height="312"/>
</OView>
<OView class="oracle.dbtools.crest.swingui.relational.TVTable" oid="DE9AE131-F1E5-F605-85B7-AF2B302EA6EC" otype="Table" vid="9E5B102D-3EDB-BC4B-03E4-A2CDF8F6CEC1">
<hideElementsInCurrentOnly>false</hideElementsInCurrentOnly>
<bounds x="850" y="728" width="362" height="94"/>
</OView>
<OView class="oracle.dbtools.crest.swingui.relational.TVTable" oid="F994E307-28D9-3FFB-7D7A-1967FF2B4BC3" otype="Table" vid="9E46B052-2827-D511-C511-5ACFCC43F33E">
<hideElementsInCurrentOnly>false</hideElementsInCurrentOnly>
<bounds x="658" y="21" width="332" height="138"/>
</OView>
<OView class="oracle.dbtools.crest.swingui.relational.TVTable" oid="FA03346F-138C-6C0A-C462-ECD355643B31" otype="Table" vid="5040E050-AACA-564E-E6FE-333DD957B870">
<hideElementsInCurrentOnly>false</hideElementsInCurrentOnly>
<bounds x="40" y="810" width="302" height="242"/>
</OView>
</objectViews>
<connectors>
<Connector class="oracle.dbtools.crest.swingui.relational.TVFKRelation" oid="0A896932-36F4-E100-7BDB-624F9308B7FD" otype="FKIndexAssociation" vid_source="3087BDDB-97BC-BA46-93AF-02CBA8AE61BF" vid_target="0C5E45C4-3C40-9715-3B41-F52D39D227C8">
<hideElementsInCurrentOnly>false</hideElementsInCurrentOnly>
<lineWidth>1</lineWidth>
<points>
<point x="528" y="251"/>
<point x="528" y="175"/>
</points>
</Connector>
<Connector class="oracle.dbtools.crest.swingui.relational.TVFKRelation" oid="1426B92D-D07D-5AF2-7373-77BE67F34C3F" otype="FKIndexAssociation" vid_source="C5DB33ED-DA8E-6DD6-081E-64ABE6B55B18" vid_target="3087BDDB-97BC-BA46-93AF-02CBA8AE61BF">
<hideElementsInCurrentOnly>false</hideElementsInCurrentOnly>
<lineWidth>1</lineWidth>
<points>
<point x="835" y="285"/>
<point x="748" y="285"/>
</points>
</Connector>
<Connector class="oracle.dbtools.crest.swingui.relational.TVFKRelation" oid="1BECE2CD-1FF2-3706-484F-E025EC663A55" otype="FKIndexAssociation" vid_source="9E46B052-2827-D511-C511-5ACFCC43F33E" vid_target="3087BDDB-97BC-BA46-93AF-02CBA8AE61BF">
<hideElementsInCurrentOnly>false</hideElementsInCurrentOnly>
<lineWidth>1</lineWidth>
<points>
<point x="703" y="159"/>
<point x="703" y="251"/>
</points>
</Connector>
<Connector class="oracle.dbtools.crest.swingui.relational.TVFKRelation" oid="1F9BA12B-D8EC-1EF8-AFA3-86B1A6490127" otype="FKIndexAssociation" vid_source="3087BDDB-97BC-BA46-93AF-02CBA8AE61BF" vid_target="2DE3D93B-EC91-BE30-F68F-C968AFDB1AC3">
<hideElementsInCurrentOnly>false</hideElementsInCurrentOnly>
<lineWidth>1</lineWidth>
<points>
<point x="748" y="420"/>
<point x="836" y="420"/>
</points>
</Connector>
<Connector class="oracle.dbtools.crest.swingui.relational.TVFKRelation" oid="3D090D63-D1D5-D0C3-9EC7-C8639A1CEE98" otype="FKIndexAssociation" vid_source="3087BDDB-97BC-BA46-93AF-02CBA8AE61BF" vid_target="967F59A8-9B21-5071-273D-91FF8136B3DF">
<hideElementsInCurrentOnly>false</hideElementsInCurrentOnly>
<lineWidth>1</lineWidth>
<points>
<point x="596" y="563"/>
<point x="596" y="633"/>
</points>
</Connector>
<Connector class="oracle.dbtools.crest.swingui.relational.TVFKRelation" oid="661EA984-16BD-8FFE-A982-469F8E1841F4" otype="FKIndexAssociation" vid_source="5040E050-AACA-564E-E6FE-333DD957B870" vid_target="FD7CA2A4-8527-E410-A450-9547596D8ACD">
<hideElementsInCurrentOnly>false</hideElementsInCurrentOnly>
<lineWidth>1</lineWidth>
<points>
<point x="195" y="810"/>
<point x="195" y="729"/>
</points>
</Connector>
<Connector class="oracle.dbtools.crest.swingui.relational.TVFKRelation" oid="709CE723-6C82-E005-29E6-5D2C33B0FFD4" otype="FKIndexAssociation" vid_source="3087BDDB-97BC-BA46-93AF-02CBA8AE61BF" vid_target="5BC4A80C-795C-1B80-3A01-51C59483965A">
<hideElementsInCurrentOnly>false</hideElementsInCurrentOnly>
<lineWidth>1</lineWidth>
<points>
<point x="437" y="379"/>
<point x="382" y="379"/>
</points>
</Connector>
<Connector class="oracle.dbtools.crest.swingui.relational.TVFKRelation" oid="7130E485-6FE9-6A69-B3A2-BC73722037A4" otype="FKIndexAssociation" vid_source="9E5B102D-3EDB-BC4B-03E4-A2CDF8F6CEC1" vid_target="967F59A8-9B21-5071-273D-91FF8136B3DF">
<hideElementsInCurrentOnly>false</hideElementsInCurrentOnly>
<lineWidth>1</lineWidth>
<points>
<point x="850" y="775"/>
<point x="801" y="775"/>
</points>
</Connector>
<Connector class="oracle.dbtools.crest.swingui.relational.TVFKRelation" oid="9A402DFD-256D-2C1C-C269-110E3F4127B4" otype="FKIndexAssociation" vid_source="57BF58E3-EBB9-8DC5-31A6-38015954FE9A" vid_target="5040E050-AACA-564E-E6FE-333DD957B870">
<hideElementsInCurrentOnly>false</hideElementsInCurrentOnly>
<lineWidth>1</lineWidth>
<points>
<point x="481" y="973"/>
<point x="342" y="973"/>
</points>
</Connector>
<Connector class="oracle.dbtools.crest.swingui.relational.TVFKRelation" oid="AB1B2082-1026-5AFF-258E-300A8605A0DB" otype="FKIndexAssociation" vid_source="8B86ED50-00E3-519C-60D7-CF518DCE1DD4" vid_target="3087BDDB-97BC-BA46-93AF-02CBA8AE61BF">
<hideElementsInCurrentOnly>false</hideElementsInCurrentOnly>
<lineWidth>1</lineWidth>
<points>
<point x="235" y="153"/>
<point x="235" y="255"/>
<point x="437" y="255"/>
</points>
</Connector>
<Connector class="oracle.dbtools.crest.swingui.relational.TVFKRelation" oid="D5E0954C-65AC-801E-1C9A-358B62F14F3D" otype="FKIndexAssociation" vid_source="3087BDDB-97BC-BA46-93AF-02CBA8AE61BF" vid_target="E57EE5AA-5E49-89D0-A0D1-6DD2B484366B">
<hideElementsInCurrentOnly>false</hideElementsInCurrentOnly>
<lineWidth>1</lineWidth>
<points>
<point x="748" y="547"/>
<point x="834" y="547"/>
</points>
</Connector>
<Connector class="oracle.dbtools.crest.swingui.relational.TVFKRelation" oid="FB1562D4-2A9D-7DEB-89C0-455F7E30C5FF" otype="FKIndexAssociation" vid_source="3087BDDB-97BC-BA46-93AF-02CBA8AE61BF" vid_target="FD7CA2A4-8527-E410-A450-9547596D8ACD">
<hideElementsInCurrentOnly>false</hideElementsInCurrentOnly>
<lineWidth>1</lineWidth>
<points>
<point x="437" y="539"/>
<point x="340" y="539"/>
</points>
</Connector>
</connectors>
</Diagram>