<?xml version = '1.0' encoding = 'UTF-8'?>
<SequenceOraclev10g class="oracle.dbtools.crest.model.design.storage.oracle.v10g.SequenceOraclev10g" name="SQ_TIPO_PAGAMENTO" directorySegmentName="seg_0" id="087F9C84-54DF-7018-1A76-52DECDF5A11D">
<sourceConnName>HIGIA_DEV.FATURAMENTO</sourceConnName>
<sourceObjSchema>FATURAMENTO</sourceObjSchema>
<sourceObjName>SQ_TIPO_PAGAMENTO</sourceObjName>
<createdBy>labbe</createdBy>
<createdTime>2017-06-28 18:04:50 UTC</createdTime>
<ownerDesignName>higia</ownerDesignName>
<incrementBy>1</incrementBy>
<maxValue>9999999999999999999999999999</maxValue>
<minValue>1</minValue>
<noCache>YES</noCache>
<order>YES</order>
<user>A5D8CB42-4695-E689-5AE6-33D1309388DF</user>
<synonyms>
<Synonym class="oracle.dbtools.crest.model.design.storage.oracle.v10g.SynonymOraclev10g" name="SQ_TIPO_PAGAMENTO" directorySegmentName="seg_0" id="DC9C7605-7914-72D0-551B-E304A14A96D1">
<sourceConnName>HIGIA_DEV.FATURAMENTO</sourceConnName>
<sourceObjSchema>PUBLIC</sourceObjSchema>
<sourceObjName>SQ_TIPO_PAGAMENTO</sourceObjName>
<createdBy>labbe</createdBy>
<createdTime>2017-06-28 18:05:52 UTC</createdTime>
<ownerDesignName>higia</ownerDesignName>
<object>SQ_TIPO_PAGAMENTO</object>
<objectUser>A5D8CB42-4695-E689-5AE6-33D1309388DF</objectUser>
<public>YES</public>
<referredObjectID>087F9C84-54DF-7018-1A76-52DECDF5A11D</referredObjectID>
</Synonym>
</synonyms>
</SequenceOraclev10g>