<?xml version = '1.0' encoding = 'UTF-8'?>
<SequenceOraclev10g class="oracle.dbtools.crest.model.design.storage.oracle.v10g.SequenceOraclev10g" name="SQ_DADO_BANCARIO" directorySegmentName="seg_0" id="8F47554E-3047-CEFC-E5F2-1A4B5E26080B">
<sourceConnName>HIGIA_DEV.FATURAMENTO</sourceConnName>
<sourceObjSchema>FATURAMENTO</sourceObjSchema>
<sourceObjName>SQ_DADO_BANCARIO</sourceObjName>
<createdBy>labbe</createdBy>
<createdTime>2017-06-28 18:04:49 UTC</createdTime>
<ownerDesignName>higia</ownerDesignName>
<incrementBy>1</incrementBy>
<maxValue>9999999999999999999999999999</maxValue>
<minValue>1</minValue>
<noCache>YES</noCache>
<order>YES</order>
<user>A5D8CB42-4695-E689-5AE6-33D1309388DF</user>
<synonyms>
<Synonym class="oracle.dbtools.crest.model.design.storage.oracle.v10g.SynonymOraclev10g" name="SQ_DADO_BANCARIO" directorySegmentName="seg_0" id="24D51F6F-D26F-6F92-0296-F66C2D6EE635">
<sourceConnName>HIGIA_DEV.FATURAMENTO</sourceConnName>
<sourceObjSchema>PUBLIC</sourceObjSchema>
<sourceObjName>SQ_DADO_BANCARIO</sourceObjName>
<createdBy>labbe</createdBy>
<createdTime>2017-06-28 18:05:52 UTC</createdTime>
<ownerDesignName>higia</ownerDesignName>
<object>SQ_DADO_BANCARIO</object>
<objectUser>A5D8CB42-4695-E689-5AE6-33D1309388DF</objectUser>
<public>YES</public>
<referredObjectID>8F47554E-3047-CEFC-E5F2-1A4B5E26080B</referredObjectID>
</Synonym>
</synonyms>
</SequenceOraclev10g>