<?xml version = '1.0' encoding = 'UTF-8'?>
<SequenceOraclev10g class="oracle.dbtools.crest.model.design.storage.oracle.v10g.SequenceOraclev10g" name="SQ_LAYOUT_BOLETO" directorySegmentName="seg_0" id="C87AD489-D1F7-0B6A-8062-9B1E8C068098">
<sourceConnName>HIGIA_DEV.FATURAMENTO</sourceConnName>
<sourceObjSchema>FATURAMENTO</sourceObjSchema>
<sourceObjName>SQ_LAYOUT_BOLETO</sourceObjName>
<createdBy>labbe</createdBy>
<createdTime>2017-06-28 18:04:49 UTC</createdTime>
<ownerDesignName>higia</ownerDesignName>
<incrementBy>1</incrementBy>
<maxValue>9999999999999999999999999999</maxValue>
<minValue>1</minValue>
<noCache>YES</noCache>
<order>YES</order>
<user>A5D8CB42-4695-E689-5AE6-33D1309388DF</user>
<synonyms>
<Synonym class="oracle.dbtools.crest.model.design.storage.oracle.v10g.SynonymOraclev10g" name="SQ_LAYOUT_BOLETO" directorySegmentName="seg_0" id="7EB991BB-3CB2-A0D7-0EF1-83E65D73275F">
<sourceConnName>HIGIA_DEV.FATURAMENTO</sourceConnName>
<sourceObjSchema>PUBLIC</sourceObjSchema>
<sourceObjName>SQ_LAYOUT_BOLETO</sourceObjName>
<createdBy>labbe</createdBy>
<createdTime>2017-06-28 18:05:52 UTC</createdTime>
<ownerDesignName>higia</ownerDesignName>
<object>SQ_LAYOUT_BOLETO</object>
<objectUser>A5D8CB42-4695-E689-5AE6-33D1309388DF</objectUser>
<public>YES</public>
<referredObjectID>C87AD489-D1F7-0B6A-8062-9B1E8C068098</referredObjectID>
</Synonym>
</synonyms>
</SequenceOraclev10g>