<?xml version = '1.0' encoding = 'UTF-8'?>
<SequenceOraclev10g class="oracle.dbtools.crest.model.design.storage.oracle.v10g.SequenceOraclev10g" name="SQ_FATURAMENTO_HISTORICO" directorySegmentName="seg_0" id="D05DB214-7211-69CC-E1F0-552382E790F8">
<sourceConnName>HIGIA_DEV.FATURAMENTO</sourceConnName>
<sourceObjSchema>FATURAMENTO</sourceObjSchema>
<sourceObjName>SQ_FATURAMENTO_HISTORICO</sourceObjName>
<createdBy>labbe</createdBy>
<createdTime>2017-06-28 18:04:49 UTC</createdTime>
<ownerDesignName>higia</ownerDesignName>
<incrementBy>1</incrementBy>
<maxValue>9999999999999999999999999999</maxValue>
<minValue>1</minValue>
<noCache>YES</noCache>
<order>YES</order>
<user>A5D8CB42-4695-E689-5AE6-33D1309388DF</user>
<synonyms>
<Synonym class="oracle.dbtools.crest.model.design.storage.oracle.v10g.SynonymOraclev10g" name="SQ_FATURAMENTO_HISTORICO" directorySegmentName="seg_0" id="26131499-B657-E668-34A4-3DDC6B2CD25A">
<sourceConnName>HIGIA_DEV.FATURAMENTO</sourceConnName>
<sourceObjSchema>PUBLIC</sourceObjSchema>
<sourceObjName>SQ_FATURAMENTO_HISTORICO</sourceObjName>
<createdBy>labbe</createdBy>
<createdTime>2017-06-28 18:05:52 UTC</createdTime>
<ownerDesignName>higia</ownerDesignName>
<object>SQ_FATURAMENTO_HISTORICO</object>
<objectUser>A5D8CB42-4695-E689-5AE6-33D1309388DF</objectUser>
<public>YES</public>
<referredObjectID>D05DB214-7211-69CC-E1F0-552382E790F8</referredObjectID>
</Synonym>
</synonyms>
</SequenceOraclev10g>