<?xml version = '1.0' encoding = 'UTF-8'?>
<SequenceOraclev10g class="oracle.dbtools.crest.model.design.storage.oracle.v10g.SequenceOraclev10g" name="SQ_CONDICAO_COBRANCA" directorySegmentName="seg_0" id="E65FC63C-27A6-971F-587E-41230C69C3B6">
<sourceConnName>HIGIA_DEV.FATURAMENTO</sourceConnName>
<sourceObjSchema>FATURAMENTO</sourceObjSchema>
<sourceObjName>SQ_CONDICAO_COBRANCA</sourceObjName>
<createdBy>labbe</createdBy>
<createdTime>2017-06-28 18:04:48 UTC</createdTime>
<ownerDesignName>higia</ownerDesignName>
<incrementBy>1</incrementBy>
<maxValue>9999999999999999999999999999</maxValue>
<minValue>1</minValue>
<noCache>YES</noCache>
<order>YES</order>
<user>A5D8CB42-4695-E689-5AE6-33D1309388DF</user>
<synonyms>
<Synonym class="oracle.dbtools.crest.model.design.storage.oracle.v10g.SynonymOraclev10g" name="SQ_CONDICAO_COBRANCA" directorySegmentName="seg_0" id="08362635-4315-3B59-15F9-F5F6C47BF1FA">
<sourceConnName>HIGIA_DEV.FATURAMENTO</sourceConnName>
<sourceObjSchema>PUBLIC</sourceObjSchema>
<sourceObjName>SQ_CONDICAO_COBRANCA</sourceObjName>
<createdBy>labbe</createdBy>
<createdTime>2017-06-28 18:05:52 UTC</createdTime>
<ownerDesignName>higia</ownerDesignName>
<object>SQ_CONDICAO_COBRANCA</object>
<objectUser>A5D8CB42-4695-E689-5AE6-33D1309388DF</objectUser>
<public>YES</public>
<referredObjectID>E65FC63C-27A6-971F-587E-41230C69C3B6</referredObjectID>
</Synonym>
</synonyms>
</SequenceOraclev10g>