<?xml version = '1.0' encoding = 'UTF-8'?>
<SequenceOraclev10g class="oracle.dbtools.crest.model.design.storage.oracle.v10g.SequenceOraclev10g" name="SQ_ACRESCIMO_DESCONTO" directorySegmentName="seg_0" id="F40E3B8B-2BEF-257F-02D8-7000B7890681">
<sourceConnName>HIGIA_DEV.FATURAMENTO</sourceConnName>
<sourceObjSchema>FATURAMENTO</sourceObjSchema>
<sourceObjName>SQ_ACRESCIMO_DESCONTO</sourceObjName>
<createdBy>labbe</createdBy>
<createdTime>2017-06-28 18:04:48 UTC</createdTime>
<ownerDesignName>higia</ownerDesignName>
<incrementBy>1</incrementBy>
<maxValue>9999999999999999999999999999</maxValue>
<minValue>1</minValue>
<noCache>YES</noCache>
<order>YES</order>
<user>A5D8CB42-4695-E689-5AE6-33D1309388DF</user>
<synonyms>
<Synonym class="oracle.dbtools.crest.model.design.storage.oracle.v10g.SynonymOraclev10g" name="SQ_ACRESCIMO_DESCONTO" directorySegmentName="seg_0" id="9557B443-93CC-9441-D0F8-7F093F29B46A">
<sourceConnName>HIGIA_DEV.FATURAMENTO</sourceConnName>
<sourceObjSchema>PUBLIC</sourceObjSchema>
<sourceObjName>SQ_ACRESCIMO_DESCONTO</sourceObjName>
<createdBy>labbe</createdBy>
<createdTime>2017-06-28 18:05:52 UTC</createdTime>
<ownerDesignName>higia</ownerDesignName>
<object>SQ_ACRESCIMO_DESCONTO</object>
<objectUser>A5D8CB42-4695-E689-5AE6-33D1309388DF</objectUser>
<public>YES</public>
<referredObjectID>F40E3B8B-2BEF-257F-02D8-7000B7890681</referredObjectID>
</Synonym>
</synonyms>
</SequenceOraclev10g>