<?xml version = '1.0' encoding = 'UTF-8'?>
<FKIndexAssociation class="oracle.dbtools.crest.model.design.relational.FKIndexAssociation" directorySegmentName="seg_0" id="0503DC55-3C2F-28CE-273C-F9FAC7246ABB" containerWithKeyObject="375178D4-FAE1-4C9A-7732-559B474F1A1B" localFKIndex="17974171-1300-A1F1-5A59-532CDB96C8E7" name="FK_CARENCIA_PLANO_1">
<sourceConnName>HIGIA_DEV.CONTRATO</sourceConnName>
<sourceObjSchema>CONTRATO</sourceObjSchema>
<sourceObjName>FK_CARENCIA_PLANO_1</sourceObjName>
<createdBy>labbe</createdBy>
<createdTime>2017-06-28 17:56:23 UTC</createdTime>
<ownerDesignName>higia</ownerDesignName>
<importedID>D7C51E70-7EB8-21F6-6F16-F59BA3CDBF17</importedID>
<deleteRule>NO ACTION</deleteRule>
<referredTableID>67986421-E0EC-CC0B-2469-29984A7B6AE8</referredTableID>
<keyObject>9087CC38-01AC-C5EF-33F9-1D7A49A7B8E2</keyObject>
<referredKeyID>9087CC38-01AC-C5EF-33F9-1D7A49A7B8E2</referredKeyID>
<mandatory>true</mandatory>
<transferable>true</transferable>
<rely>false</rely>
<columnDependencyConstraintGenerateInDDL>true</columnDependencyConstraintGenerateInDDL>
</FKIndexAssociation>