<?xml version = '1.0' encoding = 'UTF-8'?>
<FKIndexAssociation class="oracle.dbtools.crest.model.design.relational.FKIndexAssociation" directorySegmentName="seg_0" id="1C160E21-E6F9-5019-AF97-8DFE42B2F50B" containerWithKeyObject="83E5ADC5-25AB-3D44-39A7-E3B015F6587D" localFKIndex="9A1E1538-0F39-1146-2A68-E0298A33122A" name="FK_MOTIVO_1">
<sourceConnName>HIGIA_DEV.CONTRATO</sourceConnName>
<sourceObjSchema>CONTRATO</sourceObjSchema>
<sourceObjName>FK_MOTIVO_1</sourceObjName>
<createdBy>labbe</createdBy>
<createdTime>2017-06-28 17:56:23 UTC</createdTime>
<ownerDesignName>higia</ownerDesignName>
<importedID>EF761B28-282F-3DCF-6A3A-441456076387</importedID>
<deleteRule>NO ACTION</deleteRule>
<referredTableID>B7350188-D60C-A48B-7E51-16F7FC6B1EFD</referredTableID>
<keyObject>56B02ED4-7CEE-0C20-FF06-1B629C756E94</keyObject>
<referredKeyID>56B02ED4-7CEE-0C20-FF06-1B629C756E94</referredKeyID>
<mandatory>true</mandatory>
<transferable>true</transferable>
<rely>false</rely>
<columnDependencyConstraintGenerateInDDL>true</columnDependencyConstraintGenerateInDDL>
</FKIndexAssociation>