<?xml version = '1.0' encoding = 'UTF-8'?>
<FKIndexAssociation class="oracle.dbtools.crest.model.design.relational.FKIndexAssociation" directorySegmentName="seg_0" id="1C2C15E2-72F6-5A30-E3FA-9CA2055378DC" containerWithKeyObject="CECE11A5-FBEC-D89B-98F8-C3232F8015AC" localFKIndex="05001B20-E64D-3DD3-F2FB-9CF039D11176" name="FK_CONTRATO_5">
<sourceConnName>HIGIA_DEV.CONTRATO</sourceConnName>
<sourceObjSchema>CONTRATO</sourceObjSchema>
<sourceObjName>FK_EMPRESA_CONTRATO_5</sourceObjName>
<createdBy>labbe</createdBy>
<createdTime>2017-06-28 17:56:23 UTC</createdTime>
<ownerDesignName>higia</ownerDesignName>
<importedID>663E3785-CC30-8515-7E75-DE4169B26DF1</importedID>
<deleteRule>NO ACTION</deleteRule>
<referredTableID>7129931A-C5A1-E7F0-5871-E6B69BD0A081</referredTableID>
<keyObject>9FDE0A83-4076-548C-E016-7C5628097133</keyObject>
<referredKeyID>9FDE0A83-4076-548C-E016-7C5628097133</referredKeyID>
<mandatory>false</mandatory>
<transferable>true</transferable>
<rely>false</rely>
<columnDependencyConstraintGenerateInDDL>true</columnDependencyConstraintGenerateInDDL>
</FKIndexAssociation>