<?xml version = '1.0' encoding = 'UTF-8'?>
<FKIndexAssociation class="oracle.dbtools.crest.model.design.relational.FKIndexAssociation" directorySegmentName="seg_0" id="2155237A-C692-D35F-82B7-D0E958F16A0E" containerWithKeyObject="2927949C-3A7D-165E-64D6-EC6EAC8E83F1" localFKIndex="9F483045-3D90-B548-4DAA-9F382FA1BD65" name="FK_ABRANGENCIA_CONTRATO_2">
<sourceConnName>HIGIA_DEV.CONTRATO</sourceConnName>
<sourceObjSchema>CONTRATO</sourceObjSchema>
<sourceObjName>FK_ABRANGENCIA_CONTRATO_2</sourceObjName>
<createdBy>labbe</createdBy>
<createdTime>2017-06-28 17:56:23 UTC</createdTime>
<ownerDesignName>higia</ownerDesignName>
<importedID>F7DC8E7F-D05E-D919-E140-3E3822D0882F</importedID>
<deleteRule>NO ACTION</deleteRule>
<referredTableID>BEAB0C5F-6FCD-394E-7E22-A77C73DD458C</referredTableID>
<keyObject>E629E29B-93DD-DFE4-36F8-B7267C58A96C</keyObject>
<referredKeyID>E629E29B-93DD-DFE4-36F8-B7267C58A96C</referredKeyID>
<mandatory>true</mandatory>
<transferable>true</transferable>
<rely>false</rely>
<columnDependencyConstraintGenerateInDDL>true</columnDependencyConstraintGenerateInDDL>
</FKIndexAssociation>