<?xml version = '1.0' encoding = 'UTF-8'?>
<FKIndexAssociation class="oracle.dbtools.crest.model.design.relational.FKIndexAssociation" directorySegmentName="seg_0" id="21BD0540-4487-537E-92E1-D7A95C2A74E6" containerWithKeyObject="E5615650-7FC7-AA79-EC03-2F81254A523A" localFKIndex="45DEFE5E-5BE3-7D5A-ACA6-6097EFDAB094" name="FK_COBERTURA_PADRAO_2">
<sourceConnName>HIGIA_DEV.CONTRATO</sourceConnName>
<sourceObjSchema>CONTRATO</sourceObjSchema>
<sourceObjName>FK_COBERTURA_PADRAO_2</sourceObjName>
<createdBy>labbe</createdBy>
<createdTime>2017-06-28 17:56:23 UTC</createdTime>
<ownerDesignName>higia</ownerDesignName>
<importedID>302E7D2B-262E-866C-A9D1-516C1512BCAF</importedID>
<deleteRule>NO ACTION</deleteRule>
<referredTableID>A129B117-87A8-3DF5-288B-C56183945413</referredTableID>
<keyObject>BA079A52-BDFF-6FE8-FAC2-F6F7F2CB0A90</keyObject>
<referredKeyID>BA079A52-BDFF-6FE8-FAC2-F6F7F2CB0A90</referredKeyID>
<mandatory>true</mandatory>
<transferable>true</transferable>
<rely>false</rely>
<columnDependencyConstraintGenerateInDDL>true</columnDependencyConstraintGenerateInDDL>
</FKIndexAssociation>