<?xml version = '1.0' encoding = 'UTF-8'?>
<FKIndexAssociation class="oracle.dbtools.crest.model.design.relational.FKIndexAssociation" directorySegmentName="seg_0" id="26ACF327-0BF5-A5E5-0C25-056F0D27391D" containerWithKeyObject="436205E1-18BA-6C76-E314-C8A0CB3B59A6" localFKIndex="4BA3420F-3FA5-246B-BC11-675BFAC89D85" name="FK_REPASSE_SUMULA_17_1">
<sourceConnName>HIGIA_DEV.CONTRATO</sourceConnName>
<sourceObjSchema>CONTRATO</sourceObjSchema>
<sourceObjName>FK_REPASSE_SUMULA_17_1</sourceObjName>
<createdBy>labbe</createdBy>
<createdTime>2017-06-28 17:56:23 UTC</createdTime>
<ownerDesignName>higia</ownerDesignName>
<importedID>88479FF3-C7B9-6FAD-CBB4-A4B0C8DAB355</importedID>
<deleteRule>NO ACTION</deleteRule>
<referredTableID>CECE11A5-FBEC-D89B-98F8-C3232F8015AC</referredTableID>
<keyObject>90C8754D-BB22-0916-2D44-89E28EDC6213</keyObject>
<referredKeyID>90C8754D-BB22-0916-2D44-89E28EDC6213</referredKeyID>
<mandatory>true</mandatory>
<transferable>true</transferable>
<rely>false</rely>
<columnDependencyConstraintGenerateInDDL>true</columnDependencyConstraintGenerateInDDL>
</FKIndexAssociation>