<?xml version = '1.0' encoding = 'UTF-8'?>
<FKIndexAssociation class="oracle.dbtools.crest.model.design.relational.FKIndexAssociation" directorySegmentName="seg_0" id="28A0C7FB-6446-ED42-477C-E8C5AC156BD5" containerWithKeyObject="035E3C74-1C6C-695C-46AD-89A11CB7BB37" localFKIndex="FFAF612D-7D5B-FDE4-94F2-AFF0C06DA156" name="FK_PRECO_FATOR_MODERADOR_2">
<sourceConnName>HIGIA_DEV.CONTRATO</sourceConnName>
<sourceObjSchema>CONTRATO</sourceObjSchema>
<sourceObjName>FK_PRECO_FATOR_MODERADOR_2</sourceObjName>
<createdBy>labbe</createdBy>
<createdTime>2017-06-28 17:56:23 UTC</createdTime>
<ownerDesignName>higia</ownerDesignName>
<importedID>8273F1F4-717D-8C00-9034-27CCF31BA214</importedID>
<deleteRule>NO ACTION</deleteRule>
<referredTableID>69D5522C-86F9-B002-7445-03B541A628E1</referredTableID>
<keyObject>24BCFF06-0490-1323-6151-EBF8CBE018C2</keyObject>
<referredKeyID>24BCFF06-0490-1323-6151-EBF8CBE018C2</referredKeyID>
<mandatory>true</mandatory>
<transferable>true</transferable>
<rely>false</rely>
<columnDependencyConstraintGenerateInDDL>true</columnDependencyConstraintGenerateInDDL>
</FKIndexAssociation>