<?xml version = '1.0' encoding = 'UTF-8'?>
<FKIndexAssociation class="oracle.dbtools.crest.model.design.relational.FKIndexAssociation" directorySegmentName="seg_0" id="2D04698A-8F9A-9EB1-38F8-B986943F64FC" containerWithKeyObject="17905545-3293-1BA5-D44C-87FF76E1AFB5" localFKIndex="08B59DDA-C953-BA72-AC5E-B326FB76FD03" name="FK_PRECO_CONTRATO_PLANO_3">
<sourceConnName>HIGIA_DEV.CONTRATO</sourceConnName>
<sourceObjSchema>CONTRATO</sourceObjSchema>
<sourceObjName>FK_PRECO_CONTRATO_PLANO_3</sourceObjName>
<createdBy>labbe</createdBy>
<createdTime>2017-06-28 17:56:23 UTC</createdTime>
<ownerDesignName>higia</ownerDesignName>
<importedID>3DBDB9CC-8123-27B7-9F5D-3334E2AA3D83</importedID>
<deleteRule>NO ACTION</deleteRule>
<referredTableID>33E9AD91-8BC3-E09D-2233-D00A32D5438A</referredTableID>
<keyObject>2C85A621-8AD1-EBB6-300A-8EEAA0A860DA</keyObject>
<referredKeyID>2C85A621-8AD1-EBB6-300A-8EEAA0A860DA</referredKeyID>
<mandatory>true</mandatory>
<transferable>true</transferable>
<rely>false</rely>
<columnDependencyConstraintGenerateInDDL>true</columnDependencyConstraintGenerateInDDL>
</FKIndexAssociation>