<?xml version = '1.0' encoding = 'UTF-8'?>
<FKIndexAssociation class="oracle.dbtools.crest.model.design.relational.FKIndexAssociation" directorySegmentName="seg_0" id="3710AD63-C4CE-CF77-594A-F08A5DB51571" containerWithKeyObject="4639FDA2-0339-FA9C-7180-7DA531192B4F" localFKIndex="2B5D4B63-7DFD-D116-8D17-7A452D12A915" name="FK_VIGENCIA_CONTRATO_3">
<sourceConnName>HIGIA_DEV.CONTRATO</sourceConnName>
<sourceObjSchema>CONTRATO</sourceObjSchema>
<sourceObjName>FK_VIGENCIA_CONTRATO_3</sourceObjName>
<createdBy>labbe</createdBy>
<createdTime>2017-06-28 17:56:23 UTC</createdTime>
<ownerDesignName>higia</ownerDesignName>
<importedID>036317AD-3678-DE44-63BA-959217897F7B</importedID>
<deleteRule>NO ACTION</deleteRule>
<referredTableID>83E5ADC5-25AB-3D44-39A7-E3B015F6587D</referredTableID>
<keyObject>FFCD8F93-B513-DC0E-BF59-BACD1C2EBD46</keyObject>
<referredKeyID>FFCD8F93-B513-DC0E-BF59-BACD1C2EBD46</referredKeyID>
<mandatory>false</mandatory>
<transferable>true</transferable>
<rely>false</rely>
<columnDependencyConstraintGenerateInDDL>true</columnDependencyConstraintGenerateInDDL>
</FKIndexAssociation>