<?xml version = '1.0' encoding = 'UTF-8'?>
<FKIndexAssociation class="oracle.dbtools.crest.model.design.relational.FKIndexAssociation" directorySegmentName="seg_0" id="3B62430F-C067-2545-0956-5F24C503F6C4" containerWithKeyObject="A129B117-87A8-3DF5-288B-C56183945413" localFKIndex="A9969FF1-2822-B304-D374-F596D903F6D3" name="FK_PRODUTO_ANS_HIGIA_1">
<sourceConnName>HIGIA_DEV.CONTRATO</sourceConnName>
<sourceObjSchema>CONTRATO</sourceObjSchema>
<sourceObjName>FK_PRODUTO_ANS_HIGIA_1</sourceObjName>
<createdBy>labbe</createdBy>
<createdTime>2017-06-28 17:56:23 UTC</createdTime>
<ownerDesignName>higia</ownerDesignName>
<importedID>8696408A-2756-3CB2-57AE-866194BFA4C4</importedID>
<deleteRule>NO ACTION</deleteRule>
<referredTableID>1D198754-5476-33B7-E29A-7ECC7E0B5DFE</referredTableID>
<keyObject>96C5B897-99A1-7C75-096B-9D3A64B279F9</keyObject>
<referredKeyID>96C5B897-99A1-7C75-096B-9D3A64B279F9</referredKeyID>
<mandatory>true</mandatory>
<transferable>true</transferable>
<rely>false</rely>
<columnDependencyConstraintGenerateInDDL>true</columnDependencyConstraintGenerateInDDL>
</FKIndexAssociation>