<?xml version = '1.0' encoding = 'UTF-8'?>
<FKIndexAssociation class="oracle.dbtools.crest.model.design.relational.FKIndexAssociation" directorySegmentName="seg_0" id="3E57005A-D5D0-73C2-271F-A4B371CD02FF" containerWithKeyObject="CEC105CE-A934-B55F-EC85-572B57186D50" localFKIndex="19703C92-D598-04BD-055D-141FFC76AD5C" name="FK_CARENCIA_CONTRATO_1">
<sourceConnName>HIGIA_DEV.CONTRATO</sourceConnName>
<sourceObjSchema>CONTRATO</sourceObjSchema>
<sourceObjName>FK_CARENCIA_CONTRATO_1</sourceObjName>
<createdBy>labbe</createdBy>
<createdTime>2017-06-28 17:56:23 UTC</createdTime>
<ownerDesignName>higia</ownerDesignName>
<importedID>E5E5F179-35F5-2EBA-33AA-C0447A2B0913</importedID>
<deleteRule>NO ACTION</deleteRule>
<referredTableID>67986421-E0EC-CC0B-2469-29984A7B6AE8</referredTableID>
<keyObject>9087CC38-01AC-C5EF-33F9-1D7A49A7B8E2</keyObject>
<referredKeyID>9087CC38-01AC-C5EF-33F9-1D7A49A7B8E2</referredKeyID>
<mandatory>true</mandatory>
<transferable>true</transferable>
<rely>false</rely>
<columnDependencyConstraintGenerateInDDL>true</columnDependencyConstraintGenerateInDDL>
</FKIndexAssociation>