<?xml version = '1.0' encoding = 'UTF-8'?>
<FKIndexAssociation class="oracle.dbtools.crest.model.design.relational.FKIndexAssociation" directorySegmentName="seg_0" id="425DA020-4056-8919-4246-BC35D96DFB20" containerWithKeyObject="43D9A42A-2032-4ABF-8BB1-692A711357BE" localFKIndex="540A6E04-9690-E57B-5977-E7D4BA69E587" name="FK_ISENCAO_CARENCIA_1">
<sourceConnName>HIGIA_DEV.CONTRATO</sourceConnName>
<sourceObjSchema>CONTRATO</sourceObjSchema>
<sourceObjName>FK_ISENCAO_CARENCIA_1</sourceObjName>
<createdBy>labbe</createdBy>
<createdTime>2017-06-28 17:56:23 UTC</createdTime>
<ownerDesignName>higia</ownerDesignName>
<importedID>55B08FCF-2B12-359D-FA76-B20CCD09A0EF</importedID>
<deleteRule>NO ACTION</deleteRule>
<referredTableID>CECE11A5-FBEC-D89B-98F8-C3232F8015AC</referredTableID>
<keyObject>90C8754D-BB22-0916-2D44-89E28EDC6213</keyObject>
<referredKeyID>90C8754D-BB22-0916-2D44-89E28EDC6213</referredKeyID>
<mandatory>true</mandatory>
<transferable>true</transferable>
<rely>false</rely>
<columnDependencyConstraintGenerateInDDL>true</columnDependencyConstraintGenerateInDDL>
</FKIndexAssociation>