<?xml version = '1.0' encoding = 'UTF-8'?>
<FKIndexAssociation class="oracle.dbtools.crest.model.design.relational.FKIndexAssociation" directorySegmentName="seg_0" id="45ECC529-AF5B-37D1-9979-B906EB9771DC" containerWithKeyObject="D1546C43-EAE1-9277-A7F7-3AAA34F51615" localFKIndex="2B119C20-5D31-2734-47B2-65A79A1C4A75" name="FK_CONTRATO_PLANO_2">
<sourceConnName>HIGIA_DEV.CONTRATO</sourceConnName>
<sourceObjSchema>CONTRATO</sourceObjSchema>
<sourceObjName>FK_CONTRATO_PLANO_2</sourceObjName>
<createdBy>labbe</createdBy>
<createdTime>2017-06-28 17:56:23 UTC</createdTime>
<ownerDesignName>higia</ownerDesignName>
<importedID>CA1B713B-F80C-E087-2CBD-D335381F4CD4</importedID>
<deleteRule>NO ACTION</deleteRule>
<referredTableID>64E830F7-60FE-85E2-7434-F836A84D8C95</referredTableID>
<keyObject>B22A141C-8FC6-9372-6D1C-6720C9CBDBA0</keyObject>
<referredKeyID>B22A141C-8FC6-9372-6D1C-6720C9CBDBA0</referredKeyID>
<mandatory>true</mandatory>
<transferable>true</transferable>
<rely>false</rely>
<columnDependencyConstraintGenerateInDDL>true</columnDependencyConstraintGenerateInDDL>
</FKIndexAssociation>