<?xml version = '1.0' encoding = 'UTF-8'?>
<FKIndexAssociation class="oracle.dbtools.crest.model.design.relational.FKIndexAssociation" directorySegmentName="seg_0" id="476D191A-A8BA-8A39-0709-4B0172A4F799" containerWithKeyObject="D4C77362-7CA4-2734-46E1-E2E56D91A147" localFKIndex="45785934-1C5A-CB1F-6D02-2269D55C10FD" name="FK_GRAU_PARENTESCO_LISTA_1">
<sourceConnName>HIGIA_DEV.CONTRATO</sourceConnName>
<sourceObjSchema>CONTRATO</sourceObjSchema>
<sourceObjName>FK_GRAU_PARENTESCO_LISTA_1</sourceObjName>
<createdBy>labbe</createdBy>
<createdTime>2017-06-28 17:56:23 UTC</createdTime>
<ownerDesignName>higia</ownerDesignName>
<importedID>E23D668D-5EB7-F109-4E09-F13F83BE9C6A</importedID>
<deleteRule>NO ACTION</deleteRule>
<referredTableID>A335D726-F516-89ED-6494-4D43F0A7AA43</referredTableID>
<keyObject>C0677824-B8F7-C78B-D122-4D1E62A40CAE</keyObject>
<referredKeyID>C0677824-B8F7-C78B-D122-4D1E62A40CAE</referredKeyID>
<mandatory>true</mandatory>
<transferable>true</transferable>
<rely>false</rely>
<columnDependencyConstraintGenerateInDDL>true</columnDependencyConstraintGenerateInDDL>
</FKIndexAssociation>