<?xml version = '1.0' encoding = 'UTF-8'?>
<FKIndexAssociation class="oracle.dbtools.crest.model.design.relational.FKIndexAssociation" directorySegmentName="seg_0" id="4B000F8C-3154-1B93-43EB-11D46D4B7245" containerWithKeyObject="CECE11A5-FBEC-D89B-98F8-C3232F8015AC" localFKIndex="A3FB9A65-F637-3D3C-235F-6E96C80D8A1E" name="FK_CONTRATO_11">
<sourceConnName>HIGIA_DEV.CONTRATO</sourceConnName>
<sourceObjSchema>CONTRATO</sourceObjSchema>
<sourceObjName>FK_EMPRESA_CONTRATO_11</sourceObjName>
<createdBy>labbe</createdBy>
<createdTime>2017-06-28 17:56:23 UTC</createdTime>
<ownerDesignName>higia</ownerDesignName>
<importedID>6BCB3FC5-8D33-575B-E38F-A0BB9EC0F365</importedID>
<deleteRule>NO ACTION</deleteRule>
<referredTableID>43AC8F77-51F5-D520-AC99-48DB3EB8A598</referredTableID>
<keyObject>7CDB9556-039C-61A4-6DAC-104E6F5F1A45</keyObject>
<referredKeyID>7CDB9556-039C-61A4-6DAC-104E6F5F1A45</referredKeyID>
<mandatory>false</mandatory>
<transferable>true</transferable>
<rely>false</rely>
<columnDependencyConstraintGenerateInDDL>true</columnDependencyConstraintGenerateInDDL>
</FKIndexAssociation>