<?xml version = '1.0' encoding = 'UTF-8'?>
<FKIndexAssociation class="oracle.dbtools.crest.model.design.relational.FKIndexAssociation" directorySegmentName="seg_0" id="4DA73E65-81BD-847A-9A36-8F2188EDBF7C" containerWithKeyObject="3542F99D-C204-76F8-FE10-5B5D5BE11D45" localFKIndex="7180F5A1-42DA-C248-DCFD-DC4CED4DDE6F" name="FK_CONTRATO_COBERTURA_1">
<sourceConnName>HIGIA_DEV.CONTRATO</sourceConnName>
<sourceObjSchema>CONTRATO</sourceObjSchema>
<sourceObjName>FK_CONTRATO_COBERTURA_1</sourceObjName>
<createdBy>labbe</createdBy>
<createdTime>2017-06-28 17:56:23 UTC</createdTime>
<ownerDesignName>higia</ownerDesignName>
<importedID>99B9F00B-9100-97BD-6FB5-07530289E0A9</importedID>
<deleteRule>NO ACTION</deleteRule>
<referredTableID>6ED63EFB-83DD-DABA-5046-96AE8EDFD65B</referredTableID>
<keyObject>F310438D-5769-6A89-8235-CFDAECB154D0</keyObject>
<referredKeyID>F310438D-5769-6A89-8235-CFDAECB154D0</referredKeyID>
<mandatory>true</mandatory>
<transferable>true</transferable>
<rely>false</rely>
<columnDependencyConstraintGenerateInDDL>true</columnDependencyConstraintGenerateInDDL>
</FKIndexAssociation>