<?xml version = '1.0' encoding = 'UTF-8'?>
<FKIndexAssociation class="oracle.dbtools.crest.model.design.relational.FKIndexAssociation" directorySegmentName="seg_0" id="4EBDB951-FCA2-CC6C-5445-89B03E23A9CF" containerWithKeyObject="CECE11A5-FBEC-D89B-98F8-C3232F8015AC" localFKIndex="2AD28C29-490D-E5C9-8A14-1BEE878D1515" name="FK_CONTRATO_7">
<sourceConnName>HIGIA_DEV.CONTRATO</sourceConnName>
<sourceObjSchema>CONTRATO</sourceObjSchema>
<sourceObjName>FK_EMPRESA_CONTRATO_7</sourceObjName>
<createdBy>labbe</createdBy>
<createdTime>2017-06-28 17:56:23 UTC</createdTime>
<ownerDesignName>higia</ownerDesignName>
<importedID>8049274E-2388-F865-24D5-D47E16F72FE3</importedID>
<deleteRule>NO ACTION</deleteRule>
<referredTableID>00BDE256-FF03-876C-38D4-6084CCA1D075</referredTableID>
<keyObject>596ABB66-F22C-9B25-29D2-7CFCE246CB52</keyObject>
<referredKeyID>596ABB66-F22C-9B25-29D2-7CFCE246CB52</referredKeyID>
<mandatory>true</mandatory>
<transferable>true</transferable>
<rely>false</rely>
<columnDependencyConstraintGenerateInDDL>true</columnDependencyConstraintGenerateInDDL>
</FKIndexAssociation>