<?xml version = '1.0' encoding = 'UTF-8'?>
<FKIndexAssociation class="oracle.dbtools.crest.model.design.relational.FKIndexAssociation" directorySegmentName="seg_0" id="4EEDC8F7-92FC-E9D4-0258-1A868FF30DEA" containerWithKeyObject="1C276017-0D76-4170-B756-7B4EF226DFFB" localFKIndex="98D7021D-59F7-2F4E-AB0B-F6E25B89E6CE" name="FK_CONTRATO_GRAU_PARENT_PAD_2">
<sourceConnName>HIGIA_DEV.CONTRATO</sourceConnName>
<sourceObjSchema>CONTRATO</sourceObjSchema>
<sourceObjName>FK_CONTRATO_GRAU_PARENT_PAD_2</sourceObjName>
<createdBy>labbe</createdBy>
<createdTime>2017-06-28 17:56:23 UTC</createdTime>
<ownerDesignName>higia</ownerDesignName>
<importedID>A1189172-D3FE-4078-8F5F-05DF24CEC99E</importedID>
<deleteRule>NO ACTION</deleteRule>
<referredTableID>8C49A542-0D9D-1687-93DA-E49E3A64E6C7</referredTableID>
<keyObject>14427928-4AC2-E723-B3AF-F20A37251698</keyObject>
<referredKeyID>14427928-4AC2-E723-B3AF-F20A37251698</referredKeyID>
<mandatory>true</mandatory>
<transferable>true</transferable>
<rely>false</rely>
<columnDependencyConstraintGenerateInDDL>true</columnDependencyConstraintGenerateInDDL>
</FKIndexAssociation>