<?xml version = '1.0' encoding = 'UTF-8'?>
<FKIndexAssociation class="oracle.dbtools.crest.model.design.relational.FKIndexAssociation" directorySegmentName="seg_0" id="543D629F-908C-CB26-D35D-ABBE3E71853C" containerWithKeyObject="0CB90CF9-5A7E-5C13-B8E9-95C277BE645E" localFKIndex="B0155CC1-7239-0D9F-E068-40351A393E24" name="FK_PRECO_CONTRATO_PLANO_FM_1">
<sourceConnName>HIGIA_DEV.CONTRATO</sourceConnName>
<sourceObjSchema>CONTRATO</sourceObjSchema>
<sourceObjName>FK_PRECO_CONTRATO_PLANO_FM_1</sourceObjName>
<createdBy>labbe</createdBy>
<createdTime>2017-06-28 17:56:23 UTC</createdTime>
<ownerDesignName>higia</ownerDesignName>
<importedID>6F8EFC28-6E2D-E9AD-9D23-6FB9E3372A4F</importedID>
<deleteRule>NO ACTION</deleteRule>
<referredTableID>624F15CC-948B-E196-9AB1-1B5BCC1B1F44</referredTableID>
<keyObject>3BB8C5FE-8D16-66B2-696A-A63BBB362932</keyObject>
<referredKeyID>3BB8C5FE-8D16-66B2-696A-A63BBB362932</referredKeyID>
<mandatory>true</mandatory>
<transferable>true</transferable>
<rely>false</rely>
<columnDependencyConstraintGenerateInDDL>true</columnDependencyConstraintGenerateInDDL>
</FKIndexAssociation>