<?xml version = '1.0' encoding = 'UTF-8'?>
<FKIndexAssociation class="oracle.dbtools.crest.model.design.relational.FKIndexAssociation" directorySegmentName="seg_0" id="5D3B7B46-F8C3-E650-D2D8-C090E0FC5C34" containerWithKeyObject="624F15CC-948B-E196-9AB1-1B5BCC1B1F44" localFKIndex="6E9AC54B-E035-3738-7AF3-3E82E3AC9374" name="FK_COPARTICIPACAO_1">
<sourceConnName>HIGIA_DEV.CONTRATO</sourceConnName>
<sourceObjSchema>CONTRATO</sourceObjSchema>
<sourceObjName>FK_COPARTICIPACAO_1</sourceObjName>
<createdBy>labbe</createdBy>
<createdTime>2017-06-28 17:56:23 UTC</createdTime>
<ownerDesignName>higia</ownerDesignName>
<importedID>19FAF887-6687-DA8B-972B-CD92CCD51183</importedID>
<deleteRule>NO ACTION</deleteRule>
<referredTableID>D1546C43-EAE1-9277-A7F7-3AAA34F51615</referredTableID>
<keyObject>49716D26-E1B3-A417-24FE-D4EA1D76D501</keyObject>
<referredKeyID>49716D26-E1B3-A417-24FE-D4EA1D76D501</referredKeyID>
<mandatory>true</mandatory>
<transferable>true</transferable>
<rely>false</rely>
<columnDependencyConstraintGenerateInDDL>true</columnDependencyConstraintGenerateInDDL>
</FKIndexAssociation>