<?xml version = '1.0' encoding = 'UTF-8'?>
<FKIndexAssociation class="oracle.dbtools.crest.model.design.relational.FKIndexAssociation" directorySegmentName="seg_0" id="68058DCB-3F84-84A5-9409-08FB8BE0E9BD" containerWithKeyObject="436205E1-18BA-6C76-E314-C8A0CB3B59A6" localFKIndex="61380A54-4DB7-8004-B737-E31B1F5A2F40" name="FK_REPASSE_SUMULA_17_3">
<sourceConnName>HIGIA_DEV.CONTRATO</sourceConnName>
<sourceObjSchema>CONTRATO</sourceObjSchema>
<sourceObjName>FK_REPASSE_SUMULA_17_3</sourceObjName>
<createdBy>labbe</createdBy>
<createdTime>2017-06-28 17:56:23 UTC</createdTime>
<ownerDesignName>higia</ownerDesignName>
<importedID>1D1B8B75-6224-C9A2-A83D-408B25F7D1D5</importedID>
<deleteRule>NO ACTION</deleteRule>
<referredTableID>83E5ADC5-25AB-3D44-39A7-E3B015F6587D</referredTableID>
<keyObject>FFCD8F93-B513-DC0E-BF59-BACD1C2EBD46</keyObject>
<referredKeyID>FFCD8F93-B513-DC0E-BF59-BACD1C2EBD46</referredKeyID>
<mandatory>false</mandatory>
<transferable>true</transferable>
<rely>false</rely>
<columnDependencyConstraintGenerateInDDL>true</columnDependencyConstraintGenerateInDDL>
</FKIndexAssociation>