<?xml version = '1.0' encoding = 'UTF-8'?>
<FKIndexAssociation class="oracle.dbtools.crest.model.design.relational.FKIndexAssociation" directorySegmentName="seg_0" id="7D0794AF-C896-BD53-AA1A-0BF42387E672" containerWithKeyObject="D1546C43-EAE1-9277-A7F7-3AAA34F51615" localFKIndex="CBAE3F8F-C732-8030-D16F-996FD6424F10" name="FK_CONTRATO_PLANO_1">
<sourceConnName>HIGIA_DEV.CONTRATO</sourceConnName>
<sourceObjSchema>CONTRATO</sourceObjSchema>
<sourceObjName>FK_CONTRATO_PLANO_1</sourceObjName>
<createdBy>labbe</createdBy>
<createdTime>2017-06-28 17:56:23 UTC</createdTime>
<ownerDesignName>higia</ownerDesignName>
<importedID>FAD01620-1B94-1A2B-0804-6ED0F26B43BD</importedID>
<deleteRule>NO ACTION</deleteRule>
<referredTableID>CECE11A5-FBEC-D89B-98F8-C3232F8015AC</referredTableID>
<keyObject>90C8754D-BB22-0916-2D44-89E28EDC6213</keyObject>
<referredKeyID>90C8754D-BB22-0916-2D44-89E28EDC6213</referredKeyID>
<mandatory>true</mandatory>
<transferable>true</transferable>
<rely>false</rely>
<columnDependencyConstraintGenerateInDDL>true</columnDependencyConstraintGenerateInDDL>
</FKIndexAssociation>