<?xml version = '1.0' encoding = 'UTF-8'?>
<FKIndexAssociation class="oracle.dbtools.crest.model.design.relational.FKIndexAssociation" directorySegmentName="seg_0" id="7E4C2639-ADF9-DB3A-BB09-35397F783BEF" containerWithKeyObject="CECE11A5-FBEC-D89B-98F8-C3232F8015AC" localFKIndex="FD43EFAF-F85D-BEEB-C811-FA564F88AB77" name="FK_CONTRATO_2">
<sourceConnName>HIGIA_DEV.CONTRATO</sourceConnName>
<sourceObjSchema>CONTRATO</sourceObjSchema>
<sourceObjName>FK_EMPRESA_CONTRATO_2</sourceObjName>
<createdBy>labbe</createdBy>
<createdTime>2017-06-28 17:56:23 UTC</createdTime>
<ownerDesignName>higia</ownerDesignName>
<importedID>7BEC812B-62BA-3077-BCE7-3228E83C820B</importedID>
<deleteRule>NO ACTION</deleteRule>
<referredTableID>E5BFCAD7-C05A-C73F-EA86-4EC24C3B0C7E</referredTableID>
<keyObject>BC451E2B-F904-8E23-1DEB-8D0E16787EEF</keyObject>
<referredKeyID>BC451E2B-F904-8E23-1DEB-8D0E16787EEF</referredKeyID>
<mandatory>false</mandatory>
<transferable>true</transferable>
<rely>false</rely>
<columnDependencyConstraintGenerateInDDL>true</columnDependencyConstraintGenerateInDDL>
</FKIndexAssociation>