<?xml version = '1.0' encoding = 'UTF-8'?>
<FKIndexAssociation class="oracle.dbtools.crest.model.design.relational.FKIndexAssociation" directorySegmentName="seg_0" id="8432FF1A-A318-5E5D-7E97-07567E6D980F" containerWithKeyObject="203D8D3F-C3A7-D8A7-03F2-79CE29481A9F" localFKIndex="B6425055-F39A-21C9-2489-771801C8A727" name="FK_CONTRATO_GRAU_PARENTESCO_2">
<sourceConnName>HIGIA_DEV.CONTRATO</sourceConnName>
<sourceObjSchema>CONTRATO</sourceObjSchema>
<sourceObjName>FK_CONTRATO_GRAU_PARENTESCO_2</sourceObjName>
<createdBy>labbe</createdBy>
<createdTime>2017-06-28 17:56:23 UTC</createdTime>
<ownerDesignName>higia</ownerDesignName>
<importedID>34F7C3AF-E094-5790-525F-963A2E1CD864</importedID>
<deleteRule>NO ACTION</deleteRule>
<referredTableID>A335D726-F516-89ED-6494-4D43F0A7AA43</referredTableID>
<keyObject>C0677824-B8F7-C78B-D122-4D1E62A40CAE</keyObject>
<referredKeyID>C0677824-B8F7-C78B-D122-4D1E62A40CAE</referredKeyID>
<mandatory>true</mandatory>
<transferable>true</transferable>
<rely>false</rely>
<columnDependencyConstraintGenerateInDDL>true</columnDependencyConstraintGenerateInDDL>
</FKIndexAssociation>