<?xml version = '1.0' encoding = 'UTF-8'?>
<FKIndexAssociation class="oracle.dbtools.crest.model.design.relational.FKIndexAssociation" directorySegmentName="seg_0" id="84B270E1-0680-46B7-7AB7-EFDDBD8F1B56" containerWithKeyObject="33E9AD91-8BC3-E09D-2233-D00A32D5438A" localFKIndex="877CB718-0AE5-8131-47E3-9B20DA0240FD" name="FK_TABELA_PRECO_1">
<sourceConnName>HIGIA_DEV.CONTRATO</sourceConnName>
<sourceObjSchema>CONTRATO</sourceObjSchema>
<sourceObjName>FK_TABELA_PRECO_1</sourceObjName>
<createdBy>labbe</createdBy>
<createdTime>2017-06-28 17:56:23 UTC</createdTime>
<ownerDesignName>higia</ownerDesignName>
<importedID>1ED39F73-8AE6-90AD-EC3D-6C782B30D3CE</importedID>
<deleteRule>NO ACTION</deleteRule>
<referredTableID>A335D726-F516-89ED-6494-4D43F0A7AA43</referredTableID>
<keyObject>C0677824-B8F7-C78B-D122-4D1E62A40CAE</keyObject>
<referredKeyID>C0677824-B8F7-C78B-D122-4D1E62A40CAE</referredKeyID>
<mandatory>false</mandatory>
<transferable>true</transferable>
<rely>false</rely>
<columnDependencyConstraintGenerateInDDL>true</columnDependencyConstraintGenerateInDDL>
</FKIndexAssociation>