<?xml version = '1.0' encoding = 'UTF-8'?>
<FKIndexAssociation class="oracle.dbtools.crest.model.design.relational.FKIndexAssociation" directorySegmentName="seg_0" id="8AC314D4-3BC9-BB3A-DC94-FFF1FBFA4939" containerWithKeyObject="AE4BF8C6-B73E-CB41-2D49-D5D866E8B01F" localFKIndex="21D46A85-250E-5031-08F3-B5B0E54873D9" name="FK_CARENCIA_CONTRATO_HIST_1">
<sourceConnName>HIGIA_DEV.CONTRATO</sourceConnName>
<sourceObjSchema>CONTRATO</sourceObjSchema>
<sourceObjName>FK_CARENCIA_CONTRATO_HIST_1</sourceObjName>
<createdBy>labbe</createdBy>
<createdTime>2017-06-28 17:56:23 UTC</createdTime>
<ownerDesignName>higia</ownerDesignName>
<importedID>8D79DE88-8BF9-08D7-91C6-FBEAEC9B5D4E</importedID>
<deleteRule>NO ACTION</deleteRule>
<referredTableID>CECE11A5-FBEC-D89B-98F8-C3232F8015AC</referredTableID>
<keyObject>90C8754D-BB22-0916-2D44-89E28EDC6213</keyObject>
<referredKeyID>90C8754D-BB22-0916-2D44-89E28EDC6213</referredKeyID>
<mandatory>true</mandatory>
<transferable>true</transferable>
<rely>false</rely>
<columnDependencyConstraintGenerateInDDL>true</columnDependencyConstraintGenerateInDDL>
</FKIndexAssociation>