<?xml version = '1.0' encoding = 'UTF-8'?>
<FKIndexAssociation class="oracle.dbtools.crest.model.design.relational.FKIndexAssociation" directorySegmentName="seg_0" id="8C91C822-A6D8-09D9-B01F-BF2D079E7358" containerWithKeyObject="56A6348B-4143-1659-3A62-DA91EB84D45B" localFKIndex="2AC53B99-9FF8-8C1D-E8C3-AEF860B59B20" name="FK_IMPLANTACAO_2">
<sourceConnName>HIGIA_DEV.CONTRATO</sourceConnName>
<sourceObjSchema>CONTRATO</sourceObjSchema>
<sourceObjName>FK_IMPLANTACAO_2</sourceObjName>
<createdBy>labbe</createdBy>
<createdTime>2017-06-28 17:56:23 UTC</createdTime>
<ownerDesignName>higia</ownerDesignName>
<importedID>45B3B8C1-E102-8754-D96D-085A02BC03AF</importedID>
<deleteRule>NO ACTION</deleteRule>
<referredTableID>B8C248D4-E6EB-CC59-04E6-90B9E116C970</referredTableID>
<keyObject>0CACFD7D-AE76-FEFB-7D9B-DE71979483BE</keyObject>
<referredKeyID>0CACFD7D-AE76-FEFB-7D9B-DE71979483BE</referredKeyID>
<mandatory>true</mandatory>
<transferable>true</transferable>
<rely>false</rely>
<columnDependencyConstraintGenerateInDDL>true</columnDependencyConstraintGenerateInDDL>
</FKIndexAssociation>