<?xml version = '1.0' encoding = 'UTF-8'?>
<FKIndexAssociation class="oracle.dbtools.crest.model.design.relational.FKIndexAssociation" directorySegmentName="seg_0" id="936C18D0-9DB5-5AEE-D746-0520337C4306" containerWithKeyObject="624F15CC-948B-E196-9AB1-1B5BCC1B1F44" localFKIndex="0B2BCB59-0CE5-1F7A-7A76-81CEC1F8AC67" name="FK_COPARTICIPACAO_2">
<sourceConnName>HIGIA_DEV.CONTRATO</sourceConnName>
<sourceObjSchema>CONTRATO</sourceObjSchema>
<sourceObjName>FK_COPARTICIPACAO_2</sourceObjName>
<createdBy>labbe</createdBy>
<createdTime>2017-06-28 17:56:23 UTC</createdTime>
<ownerDesignName>higia</ownerDesignName>
<importedID>B1D1448E-4C33-7C5B-964C-DAB59F22B490</importedID>
<deleteRule>NO ACTION</deleteRule>
<referredTableID>69D5522C-86F9-B002-7445-03B541A628E1</referredTableID>
<keyObject>24BCFF06-0490-1323-6151-EBF8CBE018C2</keyObject>
<referredKeyID>24BCFF06-0490-1323-6151-EBF8CBE018C2</referredKeyID>
<mandatory>true</mandatory>
<transferable>true</transferable>
<rely>false</rely>
<columnDependencyConstraintGenerateInDDL>true</columnDependencyConstraintGenerateInDDL>
</FKIndexAssociation>