<?xml version = '1.0' encoding = 'UTF-8'?>
<FKIndexAssociation class="oracle.dbtools.crest.model.design.relational.FKIndexAssociation" directorySegmentName="seg_0" id="963DA0DC-9E3C-D506-B15A-25C8EBEC43C0" containerWithKeyObject="9F05242D-A557-44AD-ADA4-7A4871C6F137" localFKIndex="80785E25-1CB6-1A00-B2B0-C037DD3EF0CC" name="FK_COPART_HIST_1">
<sourceConnName>HIGIA_DEV.CONTRATO</sourceConnName>
<sourceObjSchema>CONTRATO</sourceObjSchema>
<sourceObjName>FK_COPART_HIST_1</sourceObjName>
<createdBy>labbe</createdBy>
<createdTime>2017-06-28 17:56:23 UTC</createdTime>
<ownerDesignName>higia</ownerDesignName>
<importedID>E381C4BA-56AB-E330-27A7-4DA12C8C98DF</importedID>
<deleteRule>NO ACTION</deleteRule>
<referredTableID>D1546C43-EAE1-9277-A7F7-3AAA34F51615</referredTableID>
<keyObject>49716D26-E1B3-A417-24FE-D4EA1D76D501</keyObject>
<referredKeyID>49716D26-E1B3-A417-24FE-D4EA1D76D501</referredKeyID>
<mandatory>true</mandatory>
<transferable>true</transferable>
<rely>false</rely>
<columnDependencyConstraintGenerateInDDL>true</columnDependencyConstraintGenerateInDDL>
</FKIndexAssociation>