<?xml version = '1.0' encoding = 'UTF-8'?>
<FKIndexAssociation class="oracle.dbtools.crest.model.design.relational.FKIndexAssociation" directorySegmentName="seg_0" id="965E2611-C381-025A-23B5-4181DDA0F216" containerWithKeyObject="FF598493-50B9-15F2-4FD9-53A0AD9DA46D" localFKIndex="59F57CF5-6A6A-E033-3022-62FCB95A188F" name="FK_PRECO_CONTRATO_PLANO_SV_1">
<sourceConnName>HIGIA_DEV.CONTRATO</sourceConnName>
<sourceObjSchema>CONTRATO</sourceObjSchema>
<sourceObjName>FK_PRECO_CONTRATO_PLANO_SV_1</sourceObjName>
<createdBy>labbe</createdBy>
<createdTime>2017-06-28 17:56:23 UTC</createdTime>
<ownerDesignName>higia</ownerDesignName>
<importedID>FE95AEA9-8157-B513-7622-3C9B5326E640</importedID>
<deleteRule>NO ACTION</deleteRule>
<referredTableID>D1546C43-EAE1-9277-A7F7-3AAA34F51615</referredTableID>
<keyObject>49716D26-E1B3-A417-24FE-D4EA1D76D501</keyObject>
<referredKeyID>49716D26-E1B3-A417-24FE-D4EA1D76D501</referredKeyID>
<mandatory>true</mandatory>
<transferable>true</transferable>
<rely>false</rely>
<columnDependencyConstraintGenerateInDDL>true</columnDependencyConstraintGenerateInDDL>
</FKIndexAssociation>