<?xml version = '1.0' encoding = 'UTF-8'?>
<FKIndexAssociation class="oracle.dbtools.crest.model.design.relational.FKIndexAssociation" directorySegmentName="seg_0" id="9C209963-EE43-A62A-F8D0-285A8246FFF9" containerWithKeyObject="CECE11A5-FBEC-D89B-98F8-C3232F8015AC" localFKIndex="A4A52264-405C-C267-8CFD-2FC1684A7E9A" name="FK_CONTRATO_6">
<sourceConnName>HIGIA_DEV.CONTRATO</sourceConnName>
<sourceObjSchema>CONTRATO</sourceObjSchema>
<sourceObjName>FK_EMPRESA_CONTRATO_6</sourceObjName>
<createdBy>labbe</createdBy>
<createdTime>2017-06-28 17:56:23 UTC</createdTime>
<ownerDesignName>higia</ownerDesignName>
<importedID>F9134566-CCD5-2CD3-7C8C-FE6C2E050044</importedID>
<deleteRule>NO ACTION</deleteRule>
<referredTableID>B0DF9535-978E-DD7E-CDF5-B1705D9013B4</referredTableID>
<keyObject>C0AFA064-9D6B-7C6C-F217-556CB287F89D</keyObject>
<referredKeyID>C0AFA064-9D6B-7C6C-F217-556CB287F89D</referredKeyID>
<mandatory>false</mandatory>
<transferable>true</transferable>
<rely>false</rely>
<columnDependencyConstraintGenerateInDDL>true</columnDependencyConstraintGenerateInDDL>
</FKIndexAssociation>