<?xml version = '1.0' encoding = 'UTF-8'?>
<FKIndexAssociation class="oracle.dbtools.crest.model.design.relational.FKIndexAssociation" directorySegmentName="seg_0" id="9CE158BA-9C57-90B3-A2E4-9A83FCDE47A8" containerWithKeyObject="C3B21708-DCEA-E1FB-33E1-7DD5EF4587D1" localFKIndex="84020342-ECBC-D337-8347-BBA3C7CCC599" name="FK_ABRANGENCIA_PADRAO_2">
<sourceConnName>HIGIA_DEV.CONTRATO</sourceConnName>
<sourceObjSchema>CONTRATO</sourceObjSchema>
<sourceObjName>FK_ABRANGENCIA_PADRAO_2</sourceObjName>
<createdBy>labbe</createdBy>
<createdTime>2017-06-28 17:56:23 UTC</createdTime>
<ownerDesignName>higia</ownerDesignName>
<importedID>D418BA14-FD62-EFC1-4AA3-8F4D001DF191</importedID>
<deleteRule>NO ACTION</deleteRule>
<referredTableID>A129B117-87A8-3DF5-288B-C56183945413</referredTableID>
<keyObject>BA079A52-BDFF-6FE8-FAC2-F6F7F2CB0A90</keyObject>
<referredKeyID>BA079A52-BDFF-6FE8-FAC2-F6F7F2CB0A90</referredKeyID>
<mandatory>true</mandatory>
<transferable>true</transferable>
<rely>false</rely>
<columnDependencyConstraintGenerateInDDL>true</columnDependencyConstraintGenerateInDDL>
</FKIndexAssociation>