<?xml version = '1.0' encoding = 'UTF-8'?>
<FKIndexAssociation class="oracle.dbtools.crest.model.design.relational.FKIndexAssociation" directorySegmentName="seg_0" id="A08F28C5-E80E-C2DB-CB84-6D73BE8F76F7" containerWithKeyObject="518FB346-012C-A620-0819-BB52B98C77DE" localFKIndex="2FF63F3E-F083-5A9A-57FC-F3E2AA20DD1F" name="FK_PRODUTO_ANS_TIPO_SERVICO_1">
<sourceConnName>HIGIA_DEV.CONTRATO</sourceConnName>
<sourceObjSchema>CONTRATO</sourceObjSchema>
<sourceObjName>FK_PRODUTO_ANS_TIPO_SERVICO_1</sourceObjName>
<createdBy>labbe</createdBy>
<createdTime>2017-06-28 17:56:23 UTC</createdTime>
<ownerDesignName>higia</ownerDesignName>
<importedID>A7851448-9B61-A68D-5D81-1203CBBB146D</importedID>
<deleteRule>NO ACTION</deleteRule>
<referredTableID>A129B117-87A8-3DF5-288B-C56183945413</referredTableID>
<keyObject>BA079A52-BDFF-6FE8-FAC2-F6F7F2CB0A90</keyObject>
<referredKeyID>BA079A52-BDFF-6FE8-FAC2-F6F7F2CB0A90</referredKeyID>
<mandatory>true</mandatory>
<transferable>true</transferable>
<rely>false</rely>
<columnDependencyConstraintGenerateInDDL>true</columnDependencyConstraintGenerateInDDL>
</FKIndexAssociation>