<?xml version = '1.0' encoding = 'UTF-8'?>
<FKIndexAssociation class="oracle.dbtools.crest.model.design.relational.FKIndexAssociation" directorySegmentName="seg_0" id="A1E36CE4-CE98-8F05-ECBD-EDEAD26F68C4" containerWithKeyObject="CECE11A5-FBEC-D89B-98F8-C3232F8015AC" localFKIndex="5ABD8D80-904C-CCD9-AED8-8058B364234F" name="FK_CONTRATO_8">
<sourceConnName>HIGIA_DEV.CONTRATO</sourceConnName>
<sourceObjSchema>CONTRATO</sourceObjSchema>
<sourceObjName>FK_EMPRESA_CONTRATO_8</sourceObjName>
<createdBy>labbe</createdBy>
<createdTime>2017-06-28 17:56:23 UTC</createdTime>
<ownerDesignName>higia</ownerDesignName>
<importedID>0F1D57FA-3F22-BC7B-E066-06CD6EBB4829</importedID>
<deleteRule>NO ACTION</deleteRule>
<referredTableID>85869893-8008-0687-FBBE-E39075A4DB5B</referredTableID>
<keyObject>68C14BF3-BC1F-BD59-8D4F-472268729A1A</keyObject>
<referredKeyID>68C14BF3-BC1F-BD59-8D4F-472268729A1A</referredKeyID>
<mandatory>false</mandatory>
<transferable>true</transferable>
<rely>false</rely>
<columnDependencyConstraintGenerateInDDL>true</columnDependencyConstraintGenerateInDDL>
</FKIndexAssociation>