<?xml version = '1.0' encoding = 'UTF-8'?>
<FKIndexAssociation class="oracle.dbtools.crest.model.design.relational.FKIndexAssociation" directorySegmentName="seg_0" id="A60D8EAE-A1DE-9D3E-1A6A-5B9A2D140A93" containerWithKeyObject="035E3C74-1C6C-695C-46AD-89A11CB7BB37" localFKIndex="303D7144-5527-52D6-FBB3-1F964B13BC1C" name="FK_PRECO_FATOR_MODERADOR_1">
<sourceConnName>HIGIA_DEV.CONTRATO</sourceConnName>
<sourceObjSchema>CONTRATO</sourceObjSchema>
<sourceObjName>FK_PRECO_FATOR_MODERADOR_1</sourceObjName>
<createdBy>labbe</createdBy>
<createdTime>2017-06-28 17:56:23 UTC</createdTime>
<ownerDesignName>higia</ownerDesignName>
<importedID>5F25514D-0A2E-3673-5101-85156B31C197</importedID>
<deleteRule>NO ACTION</deleteRule>
<referredTableID>6C8173DA-49B6-A6FA-5B68-83DC6205CD45</referredTableID>
<keyObject>F4F0F076-1BFD-B811-7A22-8C805814D5E8</keyObject>
<referredKeyID>F4F0F076-1BFD-B811-7A22-8C805814D5E8</referredKeyID>
<mandatory>true</mandatory>
<transferable>true</transferable>
<rely>false</rely>
<columnDependencyConstraintGenerateInDDL>true</columnDependencyConstraintGenerateInDDL>
</FKIndexAssociation>