<?xml version = '1.0' encoding = 'UTF-8'?>
<FKIndexAssociation class="oracle.dbtools.crest.model.design.relational.FKIndexAssociation" directorySegmentName="seg_0" id="A6D3FA8C-AFE6-7B5F-0320-463F9B087555" containerWithKeyObject="33E9AD91-8BC3-E09D-2233-D00A32D5438A" localFKIndex="7EC11903-40A2-D7B5-351F-86BAEFA805A4" name="FK_TABELA_PRECO_2">
<sourceConnName>HIGIA_DEV.CONTRATO</sourceConnName>
<sourceObjSchema>CONTRATO</sourceObjSchema>
<sourceObjName>FK_TABELA_PRECO_2</sourceObjName>
<createdBy>labbe</createdBy>
<createdTime>2017-06-28 17:56:23 UTC</createdTime>
<ownerDesignName>higia</ownerDesignName>
<importedID>7A0684D0-F4B8-DEE6-AB51-AF77D8A10A88</importedID>
<deleteRule>NO ACTION</deleteRule>
<referredTableID>64E830F7-60FE-85E2-7434-F836A84D8C95</referredTableID>
<keyObject>B22A141C-8FC6-9372-6D1C-6720C9CBDBA0</keyObject>
<referredKeyID>B22A141C-8FC6-9372-6D1C-6720C9CBDBA0</referredKeyID>
<mandatory>true</mandatory>
<transferable>true</transferable>
<rely>false</rely>
<columnDependencyConstraintGenerateInDDL>true</columnDependencyConstraintGenerateInDDL>
</FKIndexAssociation>