<?xml version = '1.0' encoding = 'UTF-8'?>
<FKIndexAssociation class="oracle.dbtools.crest.model.design.relational.FKIndexAssociation" directorySegmentName="seg_0" id="B80FAF20-C719-19BD-61A8-031CA1001B5A" containerWithKeyObject="0C69E129-E6A5-9141-9367-DB3AE8291219" localFKIndex="EB88B67F-D671-0CA6-BB7C-C20B3B0356FB" name="FK_PRODUTO_TIPO_CONTRATO_2">
<sourceConnName>HIGIA_DEV.CONTRATO</sourceConnName>
<sourceObjSchema>CONTRATO</sourceObjSchema>
<sourceObjName>FK_PRODUTO_TIPO_CONTRATO_2</sourceObjName>
<createdBy>labbe</createdBy>
<createdTime>2017-06-28 17:56:23 UTC</createdTime>
<ownerDesignName>higia</ownerDesignName>
<importedID>CE805DF1-5751-985E-7C0E-859E128E968D</importedID>
<deleteRule>NO ACTION</deleteRule>
<referredTableID>00BDE256-FF03-876C-38D4-6084CCA1D075</referredTableID>
<keyObject>596ABB66-F22C-9B25-29D2-7CFCE246CB52</keyObject>
<referredKeyID>596ABB66-F22C-9B25-29D2-7CFCE246CB52</referredKeyID>
<mandatory>true</mandatory>
<transferable>true</transferable>
<rely>false</rely>
<columnDependencyConstraintGenerateInDDL>true</columnDependencyConstraintGenerateInDDL>
</FKIndexAssociation>