<?xml version = '1.0' encoding = 'UTF-8'?>
<FKIndexAssociation class="oracle.dbtools.crest.model.design.relational.FKIndexAssociation" directorySegmentName="seg_0" id="BA4E47A3-986E-6D49-6082-C6022E7213CF" containerWithKeyObject="FF598493-50B9-15F2-4FD9-53A0AD9DA46D" localFKIndex="EDF905BB-BE42-BCF8-C3BB-FA4E876E979A" name="FK_PRECO_CONTRATO_PLANO_SV_2">
<sourceConnName>HIGIA_DEV.CONTRATO</sourceConnName>
<sourceObjSchema>CONTRATO</sourceObjSchema>
<sourceObjName>FK_PRECO_CONTRATO_PLANO_SV_2</sourceObjName>
<createdBy>labbe</createdBy>
<createdTime>2017-06-28 17:56:23 UTC</createdTime>
<ownerDesignName>higia</ownerDesignName>
<importedID>E6582D88-AF19-21C6-A63C-FB334D4E90B4</importedID>
<deleteRule>NO ACTION</deleteRule>
<referredTableID>A8B0EA75-55AA-B6C5-E71A-283DB45FE8B7</referredTableID>
<keyObject>1377FB86-26FC-80BC-CB41-B2E9337534B3</keyObject>
<referredKeyID>1377FB86-26FC-80BC-CB41-B2E9337534B3</referredKeyID>
<mandatory>true</mandatory>
<transferable>true</transferable>
<rely>false</rely>
<columnDependencyConstraintGenerateInDDL>true</columnDependencyConstraintGenerateInDDL>
</FKIndexAssociation>