<?xml version = '1.0' encoding = 'UTF-8'?>
<FKIndexAssociation class="oracle.dbtools.crest.model.design.relational.FKIndexAssociation" directorySegmentName="seg_0" id="BA6E17F6-D14D-6F20-8D9E-599C35EE0667" containerWithKeyObject="D4C77362-7CA4-2734-46E1-E2E56D91A147" localFKIndex="A1414CF5-1AC0-40CB-2A89-F7E1518A799D" name="FK_GRAU_PARENTESCO_LISTA_2">
<sourceConnName>HIGIA_DEV.CONTRATO</sourceConnName>
<sourceObjSchema>CONTRATO</sourceObjSchema>
<sourceObjName>FK_GRAU_PARENTESCO_LISTA_2</sourceObjName>
<createdBy>labbe</createdBy>
<createdTime>2017-06-28 17:56:23 UTC</createdTime>
<ownerDesignName>higia</ownerDesignName>
<importedID>C774ACF0-297E-4F76-B73A-038E7B8EB941</importedID>
<deleteRule>NO ACTION</deleteRule>
<referredTableID>8C49A542-0D9D-1687-93DA-E49E3A64E6C7</referredTableID>
<keyObject>14427928-4AC2-E723-B3AF-F20A37251698</keyObject>
<referredKeyID>14427928-4AC2-E723-B3AF-F20A37251698</referredKeyID>
<mandatory>true</mandatory>
<transferable>true</transferable>
<rely>false</rely>
<columnDependencyConstraintGenerateInDDL>true</columnDependencyConstraintGenerateInDDL>
</FKIndexAssociation>