<?xml version = '1.0' encoding = 'UTF-8'?>
<FKIndexAssociation class="oracle.dbtools.crest.model.design.relational.FKIndexAssociation" directorySegmentName="seg_0" id="BF49AB71-C9B9-497D-F9FE-E5A591CD6BB5" containerWithKeyObject="452B4AA6-5293-B151-A5D6-00EF4308D6DD" localFKIndex="10D5400C-1766-C11D-C793-2A613146122E" name="FK_CONTRATO_PRODUTO_2">
<sourceConnName>HIGIA_DEV.CONTRATO</sourceConnName>
<sourceObjSchema>CONTRATO</sourceObjSchema>
<sourceObjName>FK_CONTRATO_PRODUTO_2</sourceObjName>
<createdBy>labbe</createdBy>
<createdTime>2017-06-28 17:56:23 UTC</createdTime>
<ownerDesignName>higia</ownerDesignName>
<importedID>473B2BDA-76ED-4624-FF6D-C1C148C82C26</importedID>
<deleteRule>NO ACTION</deleteRule>
<referredTableID>A129B117-87A8-3DF5-288B-C56183945413</referredTableID>
<keyObject>BA079A52-BDFF-6FE8-FAC2-F6F7F2CB0A90</keyObject>
<referredKeyID>BA079A52-BDFF-6FE8-FAC2-F6F7F2CB0A90</referredKeyID>
<mandatory>true</mandatory>
<transferable>true</transferable>
<rely>false</rely>
<columnDependencyConstraintGenerateInDDL>true</columnDependencyConstraintGenerateInDDL>
</FKIndexAssociation>