<?xml version = '1.0' encoding = 'UTF-8'?>
<FKIndexAssociation class="oracle.dbtools.crest.model.design.relational.FKIndexAssociation" directorySegmentName="seg_0" id="C4852A4E-C599-D263-12EA-8AA7E99C0457" containerWithKeyObject="CECE11A5-FBEC-D89B-98F8-C3232F8015AC" localFKIndex="FC70961E-053D-F234-24A1-B6372D559515" name="FK_CONTRATO_10">
<sourceConnName>HIGIA_DEV.CONTRATO</sourceConnName>
<sourceObjSchema>CONTRATO</sourceObjSchema>
<sourceObjName>FK_EMPRESA_CONTRATO_10</sourceObjName>
<createdBy>labbe</createdBy>
<createdTime>2017-06-28 17:56:23 UTC</createdTime>
<ownerDesignName>higia</ownerDesignName>
<importedID>8A2E4912-2E27-34F5-DAA9-73BC7A76C45D</importedID>
<deleteRule>NO ACTION</deleteRule>
<referredTableID>9246C847-B646-71A0-4F06-57EF7B6AE60A</referredTableID>
<keyObject>39CC0C61-E1F3-1279-E437-B2813738C3DA</keyObject>
<referredKeyID>39CC0C61-E1F3-1279-E437-B2813738C3DA</referredKeyID>
<mandatory>true</mandatory>
<transferable>true</transferable>
<rely>false</rely>
<columnDependencyConstraintGenerateInDDL>true</columnDependencyConstraintGenerateInDDL>
</FKIndexAssociation>