<?xml version = '1.0' encoding = 'UTF-8'?>
<FKIndexAssociation class="oracle.dbtools.crest.model.design.relational.FKIndexAssociation" directorySegmentName="seg_0" id="CD5C39DD-E25F-FC43-3DC2-D99BAB1121C7" containerWithKeyObject="9E4B081D-C2DC-C5A5-3922-55F9399E70B6" localFKIndex="13A44D84-C106-CD5E-D234-AE8E78BDEF3C" name="FK_PORTABILIDADE_1">
<sourceConnName>HIGIA_DEV.CONTRATO</sourceConnName>
<sourceObjSchema>CONTRATO</sourceObjSchema>
<sourceObjName>FK_PORTABILIDADE_1</sourceObjName>
<createdBy>labbe</createdBy>
<createdTime>2017-06-28 17:56:23 UTC</createdTime>
<ownerDesignName>higia</ownerDesignName>
<importedID>3861CBB8-BA30-310D-46B6-1AEF98A4256C</importedID>
<deleteRule>NO ACTION</deleteRule>
<referredTableID>CECE11A5-FBEC-D89B-98F8-C3232F8015AC</referredTableID>
<keyObject>90C8754D-BB22-0916-2D44-89E28EDC6213</keyObject>
<referredKeyID>90C8754D-BB22-0916-2D44-89E28EDC6213</referredKeyID>
<mandatory>true</mandatory>
<transferable>true</transferable>
<rely>false</rely>
<columnDependencyConstraintGenerateInDDL>true</columnDependencyConstraintGenerateInDDL>
</FKIndexAssociation>