<?xml version = '1.0' encoding = 'UTF-8'?>
<FKIndexAssociation class="oracle.dbtools.crest.model.design.relational.FKIndexAssociation" directorySegmentName="seg_0" id="CE1BA3A4-B562-73B8-6633-744DCACA5D99" containerWithKeyObject="CECE11A5-FBEC-D89B-98F8-C3232F8015AC" localFKIndex="4B824A61-37D9-4376-B845-668A36E43B9A" name="FK_CONTRATO_9">
<sourceConnName>HIGIA_DEV.CONTRATO</sourceConnName>
<sourceObjSchema>CONTRATO</sourceObjSchema>
<sourceObjName>FK_EMPRESA_CONTRATO_9</sourceObjName>
<createdBy>labbe</createdBy>
<createdTime>2017-06-28 17:56:23 UTC</createdTime>
<ownerDesignName>higia</ownerDesignName>
<importedID>F9D0F454-3726-DD57-39D7-9AB037D5A956</importedID>
<deleteRule>NO ACTION</deleteRule>
<referredTableID>A4F24429-B2FC-8901-1C3F-E1A60AA3E3EE</referredTableID>
<keyObject>C9B3256B-2E08-E071-9757-434F1EB4C118</keyObject>
<referredKeyID>C9B3256B-2E08-E071-9757-434F1EB4C118</referredKeyID>
<mandatory>true</mandatory>
<transferable>true</transferable>
<rely>false</rely>
<columnDependencyConstraintGenerateInDDL>true</columnDependencyConstraintGenerateInDDL>
</FKIndexAssociation>