<?xml version = '1.0' encoding = 'UTF-8'?>
<FKIndexAssociation class="oracle.dbtools.crest.model.design.relational.FKIndexAssociation" directorySegmentName="seg_0" id="CF714CA3-ACFF-3E23-155B-9B247AAC83BB" containerWithKeyObject="CECE11A5-FBEC-D89B-98F8-C3232F8015AC" localFKIndex="798C126E-3C13-A7FB-EE94-9EA562608063" name="FK_CONTRATO_3">
<sourceConnName>HIGIA_DEV.CONTRATO</sourceConnName>
<sourceObjSchema>CONTRATO</sourceObjSchema>
<sourceObjName>FK_EMPRESA_CONTRATO_3</sourceObjName>
<createdBy>labbe</createdBy>
<createdTime>2017-06-28 17:56:23 UTC</createdTime>
<ownerDesignName>higia</ownerDesignName>
<importedID>DAF6A9F4-3021-0434-5910-D3024684E807</importedID>
<deleteRule>NO ACTION</deleteRule>
<referredTableID>6B1770C5-2DF6-C9DA-C09F-312AE0F32D04</referredTableID>
<keyObject>FE71108D-8D81-146E-420A-E3AF459212D2</keyObject>
<referredKeyID>FE71108D-8D81-146E-420A-E3AF459212D2</referredKeyID>
<mandatory>false</mandatory>
<transferable>true</transferable>
<rely>false</rely>
<columnDependencyConstraintGenerateInDDL>true</columnDependencyConstraintGenerateInDDL>
</FKIndexAssociation>