<?xml version = '1.0' encoding = 'UTF-8'?>
<FKIndexAssociation class="oracle.dbtools.crest.model.design.relational.FKIndexAssociation" directorySegmentName="seg_0" id="D508CF02-F3DF-A696-EC83-BD24836593D3" containerWithKeyObject="0CB90CF9-5A7E-5C13-B8E9-95C277BE645E" localFKIndex="60C56AAE-D7A4-F440-6A3A-F3B53FBB966C" name="FK_PRECO_CONTRATO_PLANO_FM_2">
<sourceConnName>HIGIA_DEV.CONTRATO</sourceConnName>
<sourceObjSchema>CONTRATO</sourceObjSchema>
<sourceObjName>FK_PRECO_CONTRATO_PLANO_FM_2</sourceObjName>
<createdBy>labbe</createdBy>
<createdTime>2017-06-28 17:56:23 UTC</createdTime>
<ownerDesignName>higia</ownerDesignName>
<importedID>392A968C-F3FE-5AED-972B-1CDEA55237EF</importedID>
<deleteRule>NO ACTION</deleteRule>
<referredTableID>6C8173DA-49B6-A6FA-5B68-83DC6205CD45</referredTableID>
<keyObject>F4F0F076-1BFD-B811-7A22-8C805814D5E8</keyObject>
<referredKeyID>F4F0F076-1BFD-B811-7A22-8C805814D5E8</referredKeyID>
<mandatory>true</mandatory>
<transferable>true</transferable>
<rely>false</rely>
<columnDependencyConstraintGenerateInDDL>true</columnDependencyConstraintGenerateInDDL>
</FKIndexAssociation>