<?xml version = '1.0' encoding = 'UTF-8'?>
<FKIndexAssociation class="oracle.dbtools.crest.model.design.relational.FKIndexAssociation" directorySegmentName="seg_0" id="D6187232-52B8-207E-F0BF-4A8E72E9232A" containerWithKeyObject="E5615650-7FC7-AA79-EC03-2F81254A523A" localFKIndex="9195DA2D-6877-DA0B-E616-DF08A954EBC2" name="FK_COBERTURA_PADRAO_1">
<sourceConnName>HIGIA_DEV.CONTRATO</sourceConnName>
<sourceObjSchema>CONTRATO</sourceObjSchema>
<sourceObjName>FK_COBERTURA_PADRAO_1</sourceObjName>
<createdBy>labbe</createdBy>
<createdTime>2017-06-28 17:56:23 UTC</createdTime>
<ownerDesignName>higia</ownerDesignName>
<importedID>AD6C1623-9255-2A90-6E96-A01CD473F15B</importedID>
<deleteRule>NO ACTION</deleteRule>
<referredTableID>6ED63EFB-83DD-DABA-5046-96AE8EDFD65B</referredTableID>
<keyObject>F310438D-5769-6A89-8235-CFDAECB154D0</keyObject>
<referredKeyID>F310438D-5769-6A89-8235-CFDAECB154D0</referredKeyID>
<mandatory>true</mandatory>
<transferable>true</transferable>
<rely>false</rely>
<columnDependencyConstraintGenerateInDDL>true</columnDependencyConstraintGenerateInDDL>
</FKIndexAssociation>