<?xml version = '1.0' encoding = 'UTF-8'?>
<FKIndexAssociation class="oracle.dbtools.crest.model.design.relational.FKIndexAssociation" directorySegmentName="seg_0" id="D9729807-2B51-6CCD-813E-1031E3E8DDF0" containerWithKeyObject="AE4BF8C6-B73E-CB41-2D49-D5D866E8B01F" localFKIndex="F4CD7B35-5476-EFE0-3D13-C81896EAB5A2" name="FK_CARENCIA_CONTRATO_HIST_2">
<sourceConnName>HIGIA_DEV.CONTRATO</sourceConnName>
<sourceObjSchema>CONTRATO</sourceObjSchema>
<sourceObjName>FK_CARENCIA_CONTRATO_HIST_2</sourceObjName>
<createdBy>labbe</createdBy>
<createdTime>2017-06-28 17:56:23 UTC</createdTime>
<ownerDesignName>higia</ownerDesignName>
<importedID>66448100-40E2-EA96-F678-28CD2CB53A1C</importedID>
<deleteRule>NO ACTION</deleteRule>
<referredTableID>67986421-E0EC-CC0B-2469-29984A7B6AE8</referredTableID>
<keyObject>9087CC38-01AC-C5EF-33F9-1D7A49A7B8E2</keyObject>
<referredKeyID>9087CC38-01AC-C5EF-33F9-1D7A49A7B8E2</referredKeyID>
<mandatory>true</mandatory>
<transferable>true</transferable>
<rely>false</rely>
<columnDependencyConstraintGenerateInDDL>true</columnDependencyConstraintGenerateInDDL>
</FKIndexAssociation>