<?xml version = '1.0' encoding = 'UTF-8'?>
<FKIndexAssociation class="oracle.dbtools.crest.model.design.relational.FKIndexAssociation" directorySegmentName="seg_0" id="DD05CF2A-CD6B-B222-C884-011ABB143686" containerWithKeyObject="CECE11A5-FBEC-D89B-98F8-C3232F8015AC" localFKIndex="04F2A8C2-C4F2-9C7E-B85F-90C689F0CD8B" name="FK_CONTRATO_4">
<sourceConnName>HIGIA_DEV.CONTRATO</sourceConnName>
<sourceObjSchema>CONTRATO</sourceObjSchema>
<sourceObjName>FK_EMPRESA_CONTRATO_4</sourceObjName>
<createdBy>labbe</createdBy>
<createdTime>2017-06-28 17:56:23 UTC</createdTime>
<ownerDesignName>higia</ownerDesignName>
<importedID>576B773B-B533-048B-677B-71404281FCE8</importedID>
<deleteRule>NO ACTION</deleteRule>
<referredTableID>83E5ADC5-25AB-3D44-39A7-E3B015F6587D</referredTableID>
<keyObject>FFCD8F93-B513-DC0E-BF59-BACD1C2EBD46</keyObject>
<referredKeyID>FFCD8F93-B513-DC0E-BF59-BACD1C2EBD46</referredKeyID>
<mandatory>false</mandatory>
<transferable>true</transferable>
<rely>false</rely>
<columnDependencyConstraintGenerateInDDL>true</columnDependencyConstraintGenerateInDDL>
</FKIndexAssociation>