<?xml version = '1.0' encoding = 'UTF-8'?>
<FKIndexAssociation class="oracle.dbtools.crest.model.design.relational.FKIndexAssociation" directorySegmentName="seg_0" id="E122F1F2-CF77-824F-4A32-92398FDBF4F1" containerWithKeyObject="8344B197-B069-C277-FA63-F9495068510F" localFKIndex="D7964A44-FBF7-840E-9E8B-4B4C3774F440" name="FK_PRECO_SV_HIST_1">
<sourceConnName>HIGIA_DEV.CONTRATO</sourceConnName>
<sourceObjSchema>CONTRATO</sourceObjSchema>
<sourceObjName>FK_PRECO_SV_HIST_1</sourceObjName>
<createdBy>labbe</createdBy>
<createdTime>2017-06-28 17:56:23 UTC</createdTime>
<ownerDesignName>higia</ownerDesignName>
<importedID>D6E838F4-1CB8-EF32-2225-9429E41B5436</importedID>
<deleteRule>NO ACTION</deleteRule>
<referredTableID>D1546C43-EAE1-9277-A7F7-3AAA34F51615</referredTableID>
<keyObject>49716D26-E1B3-A417-24FE-D4EA1D76D501</keyObject>
<referredKeyID>49716D26-E1B3-A417-24FE-D4EA1D76D501</referredKeyID>
<mandatory>true</mandatory>
<transferable>true</transferable>
<rely>false</rely>
<columnDependencyConstraintGenerateInDDL>true</columnDependencyConstraintGenerateInDDL>
</FKIndexAssociation>