<?xml version = '1.0' encoding = 'UTF-8'?>
<FKIndexAssociation class="oracle.dbtools.crest.model.design.relational.FKIndexAssociation" directorySegmentName="seg_0" id="E1BA33AE-3B28-AB89-6665-F0285A07BCB9" containerWithKeyObject="8344B197-B069-C277-FA63-F9495068510F" localFKIndex="0057E03A-A0C2-8A72-BF45-9C3E2BCEDEA0" name="FK_PRECO_SV_HIST_2">
<sourceConnName>HIGIA_DEV.CONTRATO</sourceConnName>
<sourceObjSchema>CONTRATO</sourceObjSchema>
<sourceObjName>FK_PRECO_SV_HIST_2</sourceObjName>
<createdBy>labbe</createdBy>
<createdTime>2017-06-28 17:56:23 UTC</createdTime>
<ownerDesignName>higia</ownerDesignName>
<importedID>0E0EB98C-8DF7-D744-977A-DC4C9B373045</importedID>
<deleteRule>NO ACTION</deleteRule>
<referredTableID>A8B0EA75-55AA-B6C5-E71A-283DB45FE8B7</referredTableID>
<keyObject>1377FB86-26FC-80BC-CB41-B2E9337534B3</keyObject>
<referredKeyID>1377FB86-26FC-80BC-CB41-B2E9337534B3</referredKeyID>
<mandatory>true</mandatory>
<transferable>true</transferable>
<rely>false</rely>
<columnDependencyConstraintGenerateInDDL>true</columnDependencyConstraintGenerateInDDL>
</FKIndexAssociation>