<?xml version = '1.0' encoding = 'UTF-8'?>
<FKIndexAssociation class="oracle.dbtools.crest.model.design.relational.FKIndexAssociation" directorySegmentName="seg_0" id="E26717C8-C63F-FABB-4E7A-2D11922BAE92" containerWithKeyObject="1DCB1E4A-7CDB-7149-9868-A72D90237B29" localFKIndex="286C82FE-2374-6E98-E661-8DD4A47D1A35" name="FK_PRECO_SERVICO_1">
<sourceConnName>HIGIA_DEV.CONTRATO</sourceConnName>
<sourceObjSchema>CONTRATO</sourceObjSchema>
<sourceObjName>FK_PRECO_SERVICO_1</sourceObjName>
<createdBy>labbe</createdBy>
<createdTime>2017-06-28 17:56:23 UTC</createdTime>
<ownerDesignName>higia</ownerDesignName>
<importedID>F6485F04-AF25-F4A9-2731-538DFC6D13C5</importedID>
<deleteRule>NO ACTION</deleteRule>
<referredTableID>64E830F7-60FE-85E2-7434-F836A84D8C95</referredTableID>
<keyObject>B22A141C-8FC6-9372-6D1C-6720C9CBDBA0</keyObject>
<referredKeyID>B22A141C-8FC6-9372-6D1C-6720C9CBDBA0</referredKeyID>
<mandatory>true</mandatory>
<transferable>true</transferable>
<rely>false</rely>
<columnDependencyConstraintGenerateInDDL>true</columnDependencyConstraintGenerateInDDL>
</FKIndexAssociation>