<?xml version = '1.0' encoding = 'UTF-8'?>
<FKIndexAssociation class="oracle.dbtools.crest.model.design.relational.FKIndexAssociation" directorySegmentName="seg_0" id="E3A0E3EE-B5E9-0C7D-2CC9-2B3D78D80C45" containerWithKeyObject="C3B21708-DCEA-E1FB-33E1-7DD5EF4587D1" localFKIndex="C024EC37-3526-355F-7407-0599FB6D5610" name="FK_ABRANGENCIA_PADRAO_1">
<sourceConnName>HIGIA_DEV.CONTRATO</sourceConnName>
<sourceObjSchema>CONTRATO</sourceObjSchema>
<sourceObjName>FK_ABRANGENCIA_PADRAO_1</sourceObjName>
<createdBy>labbe</createdBy>
<createdTime>2017-06-28 17:56:23 UTC</createdTime>
<ownerDesignName>higia</ownerDesignName>
<importedID>05AC193B-AEAC-C020-DEF7-115B86B6DD8E</importedID>
<deleteRule>NO ACTION</deleteRule>
<referredTableID>BEAB0C5F-6FCD-394E-7E22-A77C73DD458C</referredTableID>
<keyObject>E629E29B-93DD-DFE4-36F8-B7267C58A96C</keyObject>
<referredKeyID>E629E29B-93DD-DFE4-36F8-B7267C58A96C</referredKeyID>
<mandatory>true</mandatory>
<transferable>true</transferable>
<rely>false</rely>
<columnDependencyConstraintGenerateInDDL>true</columnDependencyConstraintGenerateInDDL>
</FKIndexAssociation>