<?xml version = '1.0' encoding = 'UTF-8'?>
<FKIndexAssociation class="oracle.dbtools.crest.model.design.relational.FKIndexAssociation" directorySegmentName="seg_0" id="E7A2D82A-AD69-50E6-0B32-D8AED863D5DF" containerWithKeyObject="518FB346-012C-A620-0819-BB52B98C77DE" localFKIndex="E5BDE593-3A6A-41C1-57B1-3B08389A3229" name="FK_PRODUTO_ANS_TIPO_SERVICO_2">
<sourceConnName>HIGIA_DEV.CONTRATO</sourceConnName>
<sourceObjSchema>CONTRATO</sourceObjSchema>
<sourceObjName>FK_PRODUTO_ANS_TIPO_SERVICO_2</sourceObjName>
<createdBy>labbe</createdBy>
<createdTime>2017-06-28 17:56:23 UTC</createdTime>
<ownerDesignName>higia</ownerDesignName>
<importedID>18FBC8E5-79BB-16CB-66C8-33B6693908DA</importedID>
<deleteRule>NO ACTION</deleteRule>
<referredTableID>A4F24429-B2FC-8901-1C3F-E1A60AA3E3EE</referredTableID>
<keyObject>C9B3256B-2E08-E071-9757-434F1EB4C118</keyObject>
<referredKeyID>C9B3256B-2E08-E071-9757-434F1EB4C118</referredKeyID>
<mandatory>true</mandatory>
<transferable>true</transferable>
<rely>false</rely>
<columnDependencyConstraintGenerateInDDL>true</columnDependencyConstraintGenerateInDDL>
</FKIndexAssociation>