<?xml version = '1.0' encoding = 'UTF-8'?>
<FKIndexAssociation class="oracle.dbtools.crest.model.design.relational.FKIndexAssociation" directorySegmentName="seg_0" id="F2C20470-8194-6C35-5E13-156F845017DA" containerWithKeyObject="9F05242D-A557-44AD-ADA4-7A4871C6F137" localFKIndex="EC5862B4-D33F-5A59-AC28-B94E012FE8B4" name="FK_COPART_HIST_2">
<sourceConnName>HIGIA_DEV.CONTRATO</sourceConnName>
<sourceObjSchema>CONTRATO</sourceObjSchema>
<sourceObjName>FK_COPART_HIST_2</sourceObjName>
<createdBy>labbe</createdBy>
<createdTime>2017-06-28 17:56:23 UTC</createdTime>
<ownerDesignName>higia</ownerDesignName>
<importedID>A97DF640-8715-C9E3-96A1-83643765F5AE</importedID>
<deleteRule>NO ACTION</deleteRule>
<referredTableID>69D5522C-86F9-B002-7445-03B541A628E1</referredTableID>
<keyObject>24BCFF06-0490-1323-6151-EBF8CBE018C2</keyObject>
<referredKeyID>24BCFF06-0490-1323-6151-EBF8CBE018C2</referredKeyID>
<mandatory>true</mandatory>
<transferable>true</transferable>
<rely>false</rely>
<columnDependencyConstraintGenerateInDDL>true</columnDependencyConstraintGenerateInDDL>
</FKIndexAssociation>