<?xml version = '1.0' encoding = 'UTF-8'?>
<FKIndexAssociation class="oracle.dbtools.crest.model.design.relational.FKIndexAssociation" directorySegmentName="seg_0" id="F9E442A0-D3DE-9476-BB0C-72B02578C2E6" containerWithKeyObject="1DCB1E4A-7CDB-7149-9868-A72D90237B29" localFKIndex="18D3217D-5033-FB6F-4E96-29CA396788BE" name="FK_PRECO_SERVICO_2">
<sourceConnName>HIGIA_DEV.CONTRATO</sourceConnName>
<sourceObjSchema>CONTRATO</sourceObjSchema>
<sourceObjName>FK_PRECO_SERVICO_2</sourceObjName>
<createdBy>labbe</createdBy>
<createdTime>2017-06-28 17:56:23 UTC</createdTime>
<ownerDesignName>higia</ownerDesignName>
<importedID>D4614135-DA7E-066A-DAD3-FF2016CDEB44</importedID>
<deleteRule>NO ACTION</deleteRule>
<referredTableID>A8B0EA75-55AA-B6C5-E71A-283DB45FE8B7</referredTableID>
<keyObject>1377FB86-26FC-80BC-CB41-B2E9337534B3</keyObject>
<referredKeyID>1377FB86-26FC-80BC-CB41-B2E9337534B3</referredKeyID>
<mandatory>true</mandatory>
<transferable>true</transferable>
<rely>false</rely>
<columnDependencyConstraintGenerateInDDL>true</columnDependencyConstraintGenerateInDDL>
</FKIndexAssociation>