<?xml version = '1.0' encoding = 'UTF-8'?>
<FKIndexAssociation class="oracle.dbtools.crest.model.design.relational.FKIndexAssociation" directorySegmentName="seg_0" id="FC627B63-B08E-D858-294C-91BD524523A8" containerWithKeyObject="6C8173DA-49B6-A6FA-5B68-83DC6205CD45" localFKIndex="00B49DF2-91AB-FC16-564A-03C7386DE666" name="FK_PROCEDIMENTO_1">
<sourceConnName>HIGIA_DEV.CONTRATO</sourceConnName>
<sourceObjSchema>CONTRATO</sourceObjSchema>
<sourceObjName>FK_PROCEDIMENTO_1</sourceObjName>
<createdBy>labbe</createdBy>
<createdTime>2017-06-28 17:56:23 UTC</createdTime>
<ownerDesignName>higia</ownerDesignName>
<importedID>16E314F1-9B03-A5BE-FFF0-FF506CA796DF</importedID>
<deleteRule>NO ACTION</deleteRule>
<referredTableID>A23516EC-6019-3345-855F-612E23623769</referredTableID>
<keyObject>EA20E495-CFF3-DE8A-DFBB-E5954BE05D3E</keyObject>
<referredKeyID>EA20E495-CFF3-DE8A-DFBB-E5954BE05D3E</referredKeyID>
<mandatory>true</mandatory>
<transferable>true</transferable>
<rely>false</rely>
<columnDependencyConstraintGenerateInDDL>true</columnDependencyConstraintGenerateInDDL>
</FKIndexAssociation>