<?xml version = '1.0' encoding = 'UTF-8'?>
<SegmentOraclev10g class="oracle.dbtools.crest.model.design.storage.oracle.v10g.SegmentOraclev10g" name="Storage28" directorySegmentName="seg_0" id="0F184C2D-5F6D-0336-291A-2F9696959BE8">
<createdBy>labbe</createdBy>
<createdTime>2017-06-28 18:27:44 UTC</createdTime>
<ownerDesignName>higia</ownerDesignName>
<initrans>2</initrans>
<maxTrans>255</maxTrans>
<scInitialExtent>65536</scInitialExtent>
<scMaxExtents>2147483645</scMaxExtents>
<scNextExtent>1048576</scNextExtent>
</SegmentOraclev10g>