<?xml version = '1.0' encoding = 'UTF-8'?>
<TableProxyOraclev12c class="oracle.dbtools.crest.model.design.storage.oracle.v12c.TableProxyOraclev12c" name="LOG_LOCALIDADE" directorySegmentName="seg_0" id="0EFF47C0-9DFD-F9C5-F8E7-8127301AB20D">
<createdBy>labbe</createdBy>
<createdTime>2017-06-28 18:27:12 UTC</createdTime>
<ownerDesignName>higia</ownerDesignName>
<schemaObject>98BF7BAD-6E06-AAA5-C899-4E17FCC779A9</schemaObject>
<logging>YES</logging>
<partitionedRowMovement>DISABLE</partitionedRowMovement>
<segment>C9AE4FC3-DF74-0139-4DF8-63147568B270</segment>
<tableSpace>DA3E11EE-3457-69C8-C185-40CEE8DF8F4E</tableSpace>
<temporaryChanged>false</temporaryChanged>
<accessDriverType>oracle_loader</accessDriverType>
<rejectLimit></rejectLimit>
<inMemory>NO</inMemory>
<columnProxies itemClass="oracle.dbtools.crest.model.design.storage.oracle.v12c.ColumnProxyOraclev12c">
<ColumnProxy name="CEP" id="05AAA677-11A8-E789-142D-9B834F20A1C1">
<createdBy>labbe</createdBy>
<createdTime>2017-06-28 18:27:33 UTC</createdTime>
<ownerDesignName>higia</ownerDesignName>
</ColumnProxy>
<ColumnProxy name="UFE_SG" id="3582B22B-30CD-D7DE-5DC8-E8B623C1EBCA">
<createdBy>labbe</createdBy>
<createdTime>2017-06-28 18:27:33 UTC</createdTime>
<ownerDesignName>higia</ownerDesignName>
</ColumnProxy>
<ColumnProxy name="LOC_IN_TIPO_LOC" id="36A93AE5-A3B9-4045-48A0-17B0616BAB32">
<createdBy>labbe</createdBy>
<createdTime>2017-06-28 18:27:34 UTC</createdTime>
<ownerDesignName>higia</ownerDesignName>
</ColumnProxy>
<ColumnProxy name="LOC_NU_SUB" id="6CB1C94C-9E99-0DEB-C91D-1835A0BFBACD">
<createdBy>labbe</createdBy>
<createdTime>2017-06-28 18:27:34 UTC</createdTime>
<ownerDesignName>higia</ownerDesignName>
</ColumnProxy>
<ColumnProxy name="LOC_IN_SIT" id="80FC5385-ECDD-3809-1E5E-20ABC8C50FE6">
<createdBy>labbe</createdBy>
<createdTime>2017-06-28 18:27:34 UTC</createdTime>
<ownerDesignName>higia</ownerDesignName>
</ColumnProxy>
<ColumnProxy name="MUN_NU" id="87D8191D-899C-BFA2-D3E0-C64B90102F5E">
<createdBy>labbe</createdBy>
<createdTime>2017-06-28 18:27:34 UTC</createdTime>
<ownerDesignName>higia</ownerDesignName>
</ColumnProxy>
<ColumnProxy name="LOC_NO_ABREV" id="8DE8D061-B10D-8538-A5C5-844E6AACEAE6">
<createdBy>labbe</createdBy>
<createdTime>2017-06-28 18:27:34 UTC</createdTime>
<ownerDesignName>higia</ownerDesignName>
</ColumnProxy>
<ColumnProxy name="LOC_NO" id="AC2DD7E8-5DC8-6594-2286-82B3515C8688">
<createdBy>labbe</createdBy>
<createdTime>2017-06-28 18:27:33 UTC</createdTime>
<ownerDesignName>higia</ownerDesignName>
</ColumnProxy>
<ColumnProxy name="LOC_NU" id="AE5EA858-CE3C-1996-FD73-49CFC9057AFD">
<createdBy>labbe</createdBy>
<createdTime>2017-06-28 18:27:33 UTC</createdTime>
<ownerDesignName>higia</ownerDesignName>
</ColumnProxy>
</columnProxies>
<indexProxies>
<IndexProxy class="oracle.dbtools.crest.model.design.storage.oracle.v10g.IndexProxyOraclev10g" name="PK_LOG_LOCALIDADE" id="1B111C16-1871-4311-59FA-14DA5642EE24">
<createdBy>labbe</createdBy>
<createdTime>2017-06-28 18:27:48 UTC</createdTime>
<ownerDesignName>higia</ownerDesignName>
<schemaObject>98BF7BAD-6E06-AAA5-C899-4E17FCC779A9</schemaObject>
<segment>0F184C2D-5F6D-0336-291A-2F9696959BE8</segment>
<tableSpace>DA3E11EE-3457-69C8-C185-40CEE8DF8F4E</tableSpace>
</IndexProxy>
</indexProxies>
<synonyms>
<Synonym class="oracle.dbtools.crest.model.design.storage.oracle.v10g.SynonymOraclev10g" name="LOG_LOCALIDADE" directorySegmentName="seg_0" id="8184662F-0908-1200-6457-F9D48F001649">
<sourceConnName>HIGIA_DEV.ENDERECO</sourceConnName>
<sourceObjSchema>PUBLIC</sourceObjSchema>
<sourceObjName>LOG_LOCALIDADE</sourceObjName>
<createdBy>labbe</createdBy>
<createdTime>2017-06-28 18:28:40 UTC</createdTime>
<ownerDesignName>higia</ownerDesignName>
<object>LOG_LOCALIDADE</object>
<objectUser>7736E6F4-2849-56D9-71B9-657642C40FBD</objectUser>
<public>YES</public>
<referredObjectID>0EFF47C0-9DFD-F9C5-F8E7-8127301AB20D</referredObjectID>
</Synonym>
</synonyms>
<primaryKeys>
<PrimaryKey class="oracle.dbtools.crest.model.design.storage.oracle.v10g.PKProxyOraclev10g" name="PK_LOG_LOCALIDADE" id="B06D40D9-8AA5-5D76-FE3E-B140C29E44D3">
<createdBy>labbe</createdBy>
<createdTime>2017-06-28 18:28:14 UTC</createdTime>
<ownerDesignName>higia</ownerDesignName>
<segment>0F184C2D-5F6D-0336-291A-2F9696959BE8</segment>
<tableSpace>DA3E11EE-3457-69C8-C185-40CEE8DF8F4E</tableSpace>
<existingIndex>1B111C16-1871-4311-59FA-14DA5642EE24</existingIndex>
<indexSegment>0F184C2D-5F6D-0336-291A-2F9696959BE8</indexSegment>
<indexSort>SORTED</indexSort>
<usingIndex>BY INDEX NAME</usingIndex>
</PrimaryKey>
</primaryKeys>
</TableProxyOraclev12c>