<?xml version = '1.0' encoding = 'UTF-8'?>
<TableProxyOraclev12c class="oracle.dbtools.crest.model.design.storage.oracle.v12c.TableProxyOraclev12c" name="LOG_FAIXA_BAIRRO" directorySegmentName="seg_0" id="2F08A12E-9D7C-BBF6-26CD-87337CCD64C6">
<createdBy>labbe</createdBy>
<createdTime>2017-06-28 18:27:09 UTC</createdTime>
<ownerDesignName>higia</ownerDesignName>
<schemaObject>98BF7BAD-6E06-AAA5-C899-4E17FCC779A9</schemaObject>
<logging>YES</logging>
<partitionedRowMovement>DISABLE</partitionedRowMovement>
<segment>C9AE4FC3-DF74-0139-4DF8-63147568B270</segment>
<tableSpace>DA3E11EE-3457-69C8-C185-40CEE8DF8F4E</tableSpace>
<temporaryChanged>false</temporaryChanged>
<accessDriverType>oracle_loader</accessDriverType>
<rejectLimit></rejectLimit>
<inMemory>NO</inMemory>
<columnProxies itemClass="oracle.dbtools.crest.model.design.storage.oracle.v12c.ColumnProxyOraclev12c">
<ColumnProxy name="FCB_CEP_INI" id="195037C5-2B70-D3BF-9A55-0804C5A5D849">
<createdBy>labbe</createdBy>
<createdTime>2017-06-28 18:27:27 UTC</createdTime>
<ownerDesignName>higia</ownerDesignName>
</ColumnProxy>
<ColumnProxy name="BAI_NU" id="1A540213-73FF-65E8-33F5-5BA1DCB6A920">
<createdBy>labbe</createdBy>
<createdTime>2017-06-28 18:27:26 UTC</createdTime>
<ownerDesignName>higia</ownerDesignName>
</ColumnProxy>
<ColumnProxy name="FCB_CEP_FIM" id="34C3B8F4-37E0-DFDC-113B-B81B3FB52CB7">
<createdBy>labbe</createdBy>
<createdTime>2017-06-28 18:27:27 UTC</createdTime>
<ownerDesignName>higia</ownerDesignName>
</ColumnProxy>
</columnProxies>
<indexProxies>
<IndexProxy class="oracle.dbtools.crest.model.design.storage.oracle.v10g.IndexProxyOraclev10g" name="PK_LOG_FAIXA_BAIRRO" id="FA713153-32DB-C79D-9FBF-A2A1283884ED">
<createdBy>labbe</createdBy>
<createdTime>2017-06-28 18:27:47 UTC</createdTime>
<ownerDesignName>higia</ownerDesignName>
<schemaObject>98BF7BAD-6E06-AAA5-C899-4E17FCC779A9</schemaObject>
<segment>0F184C2D-5F6D-0336-291A-2F9696959BE8</segment>
<tableSpace>DA3E11EE-3457-69C8-C185-40CEE8DF8F4E</tableSpace>
</IndexProxy>
</indexProxies>
<synonyms>
<Synonym class="oracle.dbtools.crest.model.design.storage.oracle.v10g.SynonymOraclev10g" name="LOG_FAIXA_BAIRRO" directorySegmentName="seg_0" id="41E5740C-1E38-3E8A-96E2-67049F356E0E">
<sourceConnName>HIGIA_DEV.ENDERECO</sourceConnName>
<sourceObjSchema>PUBLIC</sourceObjSchema>
<sourceObjName>LOG_FAIXA_BAIRRO</sourceObjName>
<createdBy>labbe</createdBy>
<createdTime>2017-06-28 18:28:40 UTC</createdTime>
<ownerDesignName>higia</ownerDesignName>
<object>LOG_FAIXA_BAIRRO</object>
<objectUser>7736E6F4-2849-56D9-71B9-657642C40FBD</objectUser>
<public>YES</public>
<referredObjectID>2F08A12E-9D7C-BBF6-26CD-87337CCD64C6</referredObjectID>
</Synonym>
</synonyms>
<primaryKeys>
<PrimaryKey class="oracle.dbtools.crest.model.design.storage.oracle.v10g.PKProxyOraclev10g" name="PK_LOG_FAIXA_BAIRRO" id="DA2E2473-34A1-AF85-6AE0-E2F4262D30ED">
<createdBy>labbe</createdBy>
<createdTime>2017-06-28 18:28:05 UTC</createdTime>
<ownerDesignName>higia</ownerDesignName>
<segment>0F184C2D-5F6D-0336-291A-2F9696959BE8</segment>
<tableSpace>DA3E11EE-3457-69C8-C185-40CEE8DF8F4E</tableSpace>
<existingIndex>FA713153-32DB-C79D-9FBF-A2A1283884ED</existingIndex>
<indexSegment>0F184C2D-5F6D-0336-291A-2F9696959BE8</indexSegment>
<indexSort>SORTED</indexSort>
<usingIndex>BY INDEX NAME</usingIndex>
</PrimaryKey>
</primaryKeys>
</TableProxyOraclev12c>