<?xml version = '1.0' encoding = 'UTF-8'?>
<TableProxyOraclev12c class="oracle.dbtools.crest.model.design.storage.oracle.v12c.TableProxyOraclev12c" name="LOG_CPC" directorySegmentName="seg_0" id="3C2D6D53-5CF2-8986-2858-6E5264727E1F">
<createdBy>labbe</createdBy>
<createdTime>2017-06-28 18:27:09 UTC</createdTime>
<ownerDesignName>higia</ownerDesignName>
<schemaObject>98BF7BAD-6E06-AAA5-C899-4E17FCC779A9</schemaObject>
<logging>YES</logging>
<partitionedRowMovement>DISABLE</partitionedRowMovement>
<segment>C9AE4FC3-DF74-0139-4DF8-63147568B270</segment>
<tableSpace>DA3E11EE-3457-69C8-C185-40CEE8DF8F4E</tableSpace>
<temporaryChanged>false</temporaryChanged>
<accessDriverType>oracle_loader</accessDriverType>
<rejectLimit></rejectLimit>
<inMemory>NO</inMemory>
<columnProxies itemClass="oracle.dbtools.crest.model.design.storage.oracle.v12c.ColumnProxyOraclev12c">
<ColumnProxy name="CPC_NU" id="351A343D-B5A4-EE44-25FD-8F01915805C5">
<createdBy>labbe</createdBy>
<createdTime>2017-06-28 18:27:25 UTC</createdTime>
<ownerDesignName>higia</ownerDesignName>
</ColumnProxy>
<ColumnProxy name="CPC_NO" id="566701A9-E5B0-56F8-80CF-FFE3E776A140">
<createdBy>labbe</createdBy>
<createdTime>2017-06-28 18:27:26 UTC</createdTime>
<ownerDesignName>higia</ownerDesignName>
</ColumnProxy>
<ColumnProxy name="LOC_NU" id="663D48F8-3986-B98B-5D75-743CAE5D03C9">
<createdBy>labbe</createdBy>
<createdTime>2017-06-28 18:27:25 UTC</createdTime>
<ownerDesignName>higia</ownerDesignName>
</ColumnProxy>
<ColumnProxy name="UFE_SG" id="716DF102-1D12-A195-5840-ABCAD3F4A9F0">
<createdBy>labbe</createdBy>
<createdTime>2017-06-28 18:27:25 UTC</createdTime>
<ownerDesignName>higia</ownerDesignName>
</ColumnProxy>
<ColumnProxy name="CPC_ENDERECO" id="EF2DBF5F-18E8-8F80-DD0F-3E738EDD7314">
<createdBy>labbe</createdBy>
<createdTime>2017-06-28 18:27:26 UTC</createdTime>
<ownerDesignName>higia</ownerDesignName>
</ColumnProxy>
<ColumnProxy name="CEP" id="FB87FEFB-7604-9481-97A5-EE083ECE88ED">
<createdBy>labbe</createdBy>
<createdTime>2017-06-28 18:27:26 UTC</createdTime>
<ownerDesignName>higia</ownerDesignName>
</ColumnProxy>
</columnProxies>
<indexProxies>
<IndexProxy class="oracle.dbtools.crest.model.design.storage.oracle.v10g.IndexProxyOraclev10g" name="PK_LOG_CPC" id="31ADDF7C-81A4-716F-6517-73DB706E9871">
<createdBy>labbe</createdBy>
<createdTime>2017-06-28 18:27:47 UTC</createdTime>
<ownerDesignName>higia</ownerDesignName>
<schemaObject>98BF7BAD-6E06-AAA5-C899-4E17FCC779A9</schemaObject>
<segment>0F184C2D-5F6D-0336-291A-2F9696959BE8</segment>
<tableSpace>DA3E11EE-3457-69C8-C185-40CEE8DF8F4E</tableSpace>
</IndexProxy>
</indexProxies>
<synonyms>
<Synonym class="oracle.dbtools.crest.model.design.storage.oracle.v10g.SynonymOraclev10g" name="LOG_CPC" directorySegmentName="seg_0" id="1F24E1A1-07E3-5A4F-C6FE-F1E5EC2066C5">
<sourceConnName>HIGIA_DEV.ENDERECO</sourceConnName>
<sourceObjSchema>PUBLIC</sourceObjSchema>
<sourceObjName>LOG_CPC</sourceObjName>
<createdBy>labbe</createdBy>
<createdTime>2017-06-28 18:28:40 UTC</createdTime>
<ownerDesignName>higia</ownerDesignName>
<object>LOG_CPC</object>
<objectUser>7736E6F4-2849-56D9-71B9-657642C40FBD</objectUser>
<public>YES</public>
<referredObjectID>3C2D6D53-5CF2-8986-2858-6E5264727E1F</referredObjectID>
</Synonym>
</synonyms>
<primaryKeys>
<PrimaryKey class="oracle.dbtools.crest.model.design.storage.oracle.v10g.PKProxyOraclev10g" name="PK_LOG_CPC" id="A95FEDF0-C169-F744-9147-02B8A0D5ABC6">
<createdBy>labbe</createdBy>
<createdTime>2017-06-28 18:28:04 UTC</createdTime>
<ownerDesignName>higia</ownerDesignName>
<segment>0F184C2D-5F6D-0336-291A-2F9696959BE8</segment>
<tableSpace>DA3E11EE-3457-69C8-C185-40CEE8DF8F4E</tableSpace>
<existingIndex>31ADDF7C-81A4-716F-6517-73DB706E9871</existingIndex>
<indexSegment>0F184C2D-5F6D-0336-291A-2F9696959BE8</indexSegment>
<indexSort>SORTED</indexSort>
<usingIndex>BY INDEX NAME</usingIndex>
</PrimaryKey>
</primaryKeys>
</TableProxyOraclev12c>