<?xml version = '1.0' encoding = 'UTF-8'?>
<TableProxyOraclev12c class="oracle.dbtools.crest.model.design.storage.oracle.v12c.TableProxyOraclev12c" name="HT_COBRANCA_ENDERECO" directorySegmentName="seg_0" id="3E406F43-5ED0-4F4A-620E-4A65FB28ABEA">
<createdBy>labbe</createdBy>
<createdTime>2017-06-28 18:27:07 UTC</createdTime>
<ownerDesignName>higia</ownerDesignName>
<schemaObject>98BF7BAD-6E06-AAA5-C899-4E17FCC779A9</schemaObject>
<logging>NO</logging>
<partitionedRowMovement>DISABLE</partitionedRowMovement>
<segment>627D97C1-3505-0929-92D6-1C8FD058ABA2</segment>
<tempPreserveRows>NO</tempPreserveRows>
<temporary>YES</temporary>
<accessDriverType>oracle_loader</accessDriverType>
<rejectLimit></rejectLimit>
<inMemory>NO</inMemory>
<columnProxies itemClass="oracle.dbtools.crest.model.design.storage.oracle.v12c.ColumnProxyOraclev12c">
<ColumnProxy name="COD_ENDERECO" id="85F86D7C-2BD5-98C3-A228-97EB1A2C337F">
<createdBy>labbe</createdBy>
<createdTime>2017-06-28 18:27:22 UTC</createdTime>
<ownerDesignName>higia</ownerDesignName>
</ColumnProxy>
</columnProxies>
<synonyms>
<Synonym class="oracle.dbtools.crest.model.design.storage.oracle.v10g.SynonymOraclev10g" name="HT_COBRANCA_ENDERECO" directorySegmentName="seg_0" id="1E0D16FA-49C1-0FCC-2FCC-A9B0D095E0C6">
<sourceConnName>HIGIA_DEV.ENDERECO</sourceConnName>
<sourceObjSchema>PUBLIC</sourceObjSchema>
<sourceObjName>HT_COBRANCA_ENDERECO</sourceObjName>
<createdBy>labbe</createdBy>
<createdTime>2017-06-28 18:28:40 UTC</createdTime>
<ownerDesignName>higia</ownerDesignName>
<object>HT_COBRANCA_ENDERECO</object>
<objectUser>7736E6F4-2849-56D9-71B9-657642C40FBD</objectUser>
<public>YES</public>
<referredObjectID>3E406F43-5ED0-4F4A-620E-4A65FB28ABEA</referredObjectID>
</Synonym>
</synonyms>
</TableProxyOraclev12c>