<?xml version = '1.0' encoding = 'UTF-8'?>
<TableProxyOraclev12c class="oracle.dbtools.crest.model.design.storage.oracle.v12c.TableProxyOraclev12c" name="HT_USUARIO_SF_ENDERECO" directorySegmentName="seg_0" id="43B6A34C-0F38-9E41-1E8B-344563739171">
<createdBy>labbe</createdBy>
<createdTime>2017-06-28 18:27:08 UTC</createdTime>
<ownerDesignName>higia</ownerDesignName>
<schemaObject>98BF7BAD-6E06-AAA5-C899-4E17FCC779A9</schemaObject>
<logging>NO</logging>
<partitionedRowMovement>DISABLE</partitionedRowMovement>
<segment>627D97C1-3505-0929-92D6-1C8FD058ABA2</segment>
<tempPreserveRows>NO</tempPreserveRows>
<temporary>YES</temporary>
<accessDriverType>oracle_loader</accessDriverType>
<rejectLimit></rejectLimit>
<inMemory>NO</inMemory>
<columnProxies itemClass="oracle.dbtools.crest.model.design.storage.oracle.v12c.ColumnProxyOraclev12c">
<ColumnProxy name="COD_ENDERECO" id="32042AA0-CFAC-A2D5-8B0B-82412F78230F">
<createdBy>labbe</createdBy>
<createdTime>2017-06-28 18:27:23 UTC</createdTime>
<ownerDesignName>higia</ownerDesignName>
</ColumnProxy>
</columnProxies>
<synonyms>
<Synonym class="oracle.dbtools.crest.model.design.storage.oracle.v10g.SynonymOraclev10g" name="HT_USUARIO_SF_ENDERECO" directorySegmentName="seg_0" id="8E1324A9-9C14-3C72-7F71-98D2B3041E5A">
<sourceConnName>HIGIA_DEV.ENDERECO</sourceConnName>
<sourceObjSchema>PUBLIC</sourceObjSchema>
<sourceObjName>HT_USUARIO_SF_ENDERECO</sourceObjName>
<createdBy>labbe</createdBy>
<createdTime>2017-06-28 18:28:40 UTC</createdTime>
<ownerDesignName>higia</ownerDesignName>
<object>HT_USUARIO_SF_ENDERECO</object>
<objectUser>7736E6F4-2849-56D9-71B9-657642C40FBD</objectUser>
<public>YES</public>
<referredObjectID>43B6A34C-0F38-9E41-1E8B-344563739171</referredObjectID>
</Synonym>
</synonyms>
</TableProxyOraclev12c>