<?xml version = '1.0' encoding = 'UTF-8'?>
<TableProxyOraclev12c class="oracle.dbtools.crest.model.design.storage.oracle.v12c.TableProxyOraclev12c" name="ENDERECO" directorySegmentName="seg_0" id="4EC7BAB0-3ABE-DE38-EA04-5CBA5C1863F1">
<createdBy>labbe</createdBy>
<createdTime>2017-06-28 18:27:06 UTC</createdTime>
<ownerDesignName>higia</ownerDesignName>
<schemaObject>98BF7BAD-6E06-AAA5-C899-4E17FCC779A9</schemaObject>
<logging>YES</logging>
<partitionedRowMovement>DISABLE</partitionedRowMovement>
<segment>C9AE4FC3-DF74-0139-4DF8-63147568B270</segment>
<tableSpace>DA3E11EE-3457-69C8-C185-40CEE8DF8F4E</tableSpace>
<temporaryChanged>false</temporaryChanged>
<accessDriverType>oracle_loader</accessDriverType>
<rejectLimit></rejectLimit>
<inMemory>NO</inMemory>
<columnProxies itemClass="oracle.dbtools.crest.model.design.storage.oracle.v12c.ColumnProxyOraclev12c">
<ColumnProxy name="COD_STATUS_CADASTRO" id="1FA783E5-BDFF-022D-44F1-8F8B3DF4118C">
<createdBy>labbe</createdBy>
<createdTime>2017-06-28 18:27:21 UTC</createdTime>
<ownerDesignName>higia</ownerDesignName>
<defaultValue>1</defaultValue>
</ColumnProxy>
<ColumnProxy name="FL_VALIDO" id="2B7936D0-506F-1956-99D4-3C2B6A4B51CC">
<createdBy>labbe</createdBy>
<createdTime>2017-06-28 18:27:21 UTC</createdTime>
<ownerDesignName>higia</ownerDesignName>
<defaultValue>&apos;N&apos;</defaultValue>
</ColumnProxy>
<ColumnProxy name="NUM_ENDERECO" id="38024C48-B713-ECBF-F2C8-31227729D6FC">
<createdBy>labbe</createdBy>
<createdTime>2017-06-28 18:27:20 UTC</createdTime>
<ownerDesignName>higia</ownerDesignName>
</ColumnProxy>
<ColumnProxy name="COD_CEP" id="3F906663-683E-05DF-6C8F-8AC2075FA298">
<createdBy>labbe</createdBy>
<createdTime>2017-06-28 18:27:19 UTC</createdTime>
<ownerDesignName>higia</ownerDesignName>
</ColumnProxy>
<ColumnProxy name="TP_ENDERECO" id="41C23658-4BA9-72FB-F676-80F763C6EC91">
<createdBy>labbe</createdBy>
<createdTime>2017-06-28 18:27:21 UTC</createdTime>
<ownerDesignName>higia</ownerDesignName>
</ColumnProxy>
<ColumnProxy name="DSC_TIPO_LOGRADOURO" id="4C0A948F-3876-D25F-C076-B2E925BA2BAD">
<createdBy>labbe</createdBy>
<createdTime>2017-06-28 18:27:19 UTC</createdTime>
<ownerDesignName>higia</ownerDesignName>
</ColumnProxy>
<ColumnProxy name="DSC_CIDADE" id="581AEE5D-46F5-75CD-E313-80D7625BC12F">
<createdBy>labbe</createdBy>
<createdTime>2017-06-28 18:27:20 UTC</createdTime>
<ownerDesignName>higia</ownerDesignName>
</ColumnProxy>
<ColumnProxy name="COD_ENDERECO" id="65AA8B92-DDCF-D1CE-C0A4-8CC7487C3B59">
<createdBy>labbe</createdBy>
<createdTime>2017-06-28 18:27:19 UTC</createdTime>
<ownerDesignName>higia</ownerDesignName>
</ColumnProxy>
<ColumnProxy name="SG_UF" id="723716F6-1B63-E24B-ED78-894E56B91852">
<createdBy>labbe</createdBy>
<createdTime>2017-06-28 18:27:20 UTC</createdTime>
<ownerDesignName>higia</ownerDesignName>
</ColumnProxy>
<ColumnProxy name="DSC_BAIRRO" id="D1AB9F07-2E01-EDE4-DDF3-5BCE36AB3E6E">
<createdBy>labbe</createdBy>
<createdTime>2017-06-28 18:27:20 UTC</createdTime>
<ownerDesignName>higia</ownerDesignName>
</ColumnProxy>
<ColumnProxy name="NUM_COMPLEMENTO" id="EBECCFE8-496C-D55B-0C57-3D551631D6D4">
<createdBy>labbe</createdBy>
<createdTime>2017-06-28 18:27:20 UTC</createdTime>
<ownerDesignName>higia</ownerDesignName>
</ColumnProxy>
<ColumnProxy name="LOGRADOURO" id="F87378B7-FA52-9672-AFFD-C0D66ED3EAE4">
<createdBy>labbe</createdBy>
<createdTime>2017-06-28 18:27:19 UTC</createdTime>
<ownerDesignName>higia</ownerDesignName>
</ColumnProxy>
</columnProxies>
<indexProxies>
<IndexProxy class="oracle.dbtools.crest.model.design.storage.oracle.v10g.IndexProxyOraclev10g" name="PK_ENDERECO" id="C5F6E36A-1EEC-F25F-7AF4-2F15FA99312E">
<createdBy>labbe</createdBy>
<createdTime>2017-06-28 18:27:45 UTC</createdTime>
<ownerDesignName>higia</ownerDesignName>
<schemaObject>98BF7BAD-6E06-AAA5-C899-4E17FCC779A9</schemaObject>
<segment>0F184C2D-5F6D-0336-291A-2F9696959BE8</segment>
<tableSpace>DA3E11EE-3457-69C8-C185-40CEE8DF8F4E</tableSpace>
</IndexProxy>
</indexProxies>
<synonyms>
<Synonym class="oracle.dbtools.crest.model.design.storage.oracle.v10g.SynonymOraclev10g" name="ENDERECO" directorySegmentName="seg_0" id="0B5FA621-0E88-F0F7-5B8E-C661680162D7">
<sourceConnName>HIGIA_DEV.ENDERECO</sourceConnName>
<sourceObjSchema>PUBLIC</sourceObjSchema>
<sourceObjName>ENDERECO</sourceObjName>
<createdBy>labbe</createdBy>
<createdTime>2017-06-28 18:28:40 UTC</createdTime>
<ownerDesignName>higia</ownerDesignName>
<object>ENDERECO</object>
<objectUser>7736E6F4-2849-56D9-71B9-657642C40FBD</objectUser>
<public>YES</public>
<referredObjectID>4EC7BAB0-3ABE-DE38-EA04-5CBA5C1863F1</referredObjectID>
</Synonym>
</synonyms>
<primaryKeys>
<PrimaryKey class="oracle.dbtools.crest.model.design.storage.oracle.v10g.PKProxyOraclev10g" name="PK_ENDERECO" id="7A6AF864-3312-F96E-DC55-D1E157E0B0BB">
<createdBy>labbe</createdBy>
<createdTime>2017-06-28 18:27:57 UTC</createdTime>
<ownerDesignName>higia</ownerDesignName>
<segment>0F184C2D-5F6D-0336-291A-2F9696959BE8</segment>
<tableSpace>DA3E11EE-3457-69C8-C185-40CEE8DF8F4E</tableSpace>
<existingIndex>C5F6E36A-1EEC-F25F-7AF4-2F15FA99312E</existingIndex>
<indexSegment>0F184C2D-5F6D-0336-291A-2F9696959BE8</indexSegment>
<indexSort>SORTED</indexSort>
<usingIndex>BY INDEX NAME</usingIndex>
</PrimaryKey>
</primaryKeys>
</TableProxyOraclev12c>