<?xml version = '1.0' encoding = 'UTF-8'?>
<TableProxyOraclev12c class="oracle.dbtools.crest.model.design.storage.oracle.v12c.TableProxyOraclev12c" name="HT_ENDERECO" directorySegmentName="seg_0" id="6803775D-5E2B-CDB1-F1AC-A2EE6E20B35D">
<createdBy>labbe</createdBy>
<createdTime>2017-06-28 18:27:07 UTC</createdTime>
<ownerDesignName>higia</ownerDesignName>
<schemaObject>98BF7BAD-6E06-AAA5-C899-4E17FCC779A9</schemaObject>
<logging>NO</logging>
<partitionedRowMovement>DISABLE</partitionedRowMovement>
<segment>627D97C1-3505-0929-92D6-1C8FD058ABA2</segment>
<tempPreserveRows>NO</tempPreserveRows>
<temporary>YES</temporary>
<accessDriverType>oracle_loader</accessDriverType>
<rejectLimit></rejectLimit>
<inMemory>NO</inMemory>
<columnProxies itemClass="oracle.dbtools.crest.model.design.storage.oracle.v12c.ColumnProxyOraclev12c">
<ColumnProxy name="COD_ENDERECO" id="34C20DA9-A0C5-9492-8339-141BAE3E14A2">
<createdBy>labbe</createdBy>
<createdTime>2017-06-28 18:27:23 UTC</createdTime>
<ownerDesignName>higia</ownerDesignName>
</ColumnProxy>
</columnProxies>
<synonyms>
<Synonym class="oracle.dbtools.crest.model.design.storage.oracle.v10g.SynonymOraclev10g" name="HT_ENDERECO" directorySegmentName="seg_0" id="C932B359-D041-2FD1-204C-42A21069ACD2">
<sourceConnName>HIGIA_DEV.ENDERECO</sourceConnName>
<sourceObjSchema>PUBLIC</sourceObjSchema>
<sourceObjName>HT_ENDERECO</sourceObjName>
<createdBy>labbe</createdBy>
<createdTime>2017-06-28 18:28:40 UTC</createdTime>
<ownerDesignName>higia</ownerDesignName>
<object>HT_ENDERECO</object>
<objectUser>7736E6F4-2849-56D9-71B9-657642C40FBD</objectUser>
<public>YES</public>
<referredObjectID>6803775D-5E2B-CDB1-F1AC-A2EE6E20B35D</referredObjectID>
</Synonym>
</synonyms>
</TableProxyOraclev12c>