<?xml version = '1.0' encoding = 'UTF-8'?>
<TableProxyOraclev12c class="oracle.dbtools.crest.model.design.storage.oracle.v12c.TableProxyOraclev12c" name="LOG_UNID_OPER" directorySegmentName="seg_0" id="6836E010-5E95-0C5C-B1C3-3438ACD73BD7">
<createdBy>labbe</createdBy>
<createdTime>2017-06-28 18:27:13 UTC</createdTime>
<ownerDesignName>higia</ownerDesignName>
<schemaObject>98BF7BAD-6E06-AAA5-C899-4E17FCC779A9</schemaObject>
<logging>YES</logging>
<partitionedRowMovement>DISABLE</partitionedRowMovement>
<segment>C9AE4FC3-DF74-0139-4DF8-63147568B270</segment>
<tableSpace>DA3E11EE-3457-69C8-C185-40CEE8DF8F4E</tableSpace>
<temporaryChanged>false</temporaryChanged>
<accessDriverType>oracle_loader</accessDriverType>
<rejectLimit></rejectLimit>
<inMemory>NO</inMemory>
<columnProxies itemClass="oracle.dbtools.crest.model.design.storage.oracle.v12c.ColumnProxyOraclev12c">
<ColumnProxy name="UOP_ENDERECO" id="12E9E9AE-4060-410E-BD7F-B30B6C93E6DD">
<createdBy>labbe</createdBy>
<createdTime>2017-06-28 18:27:39 UTC</createdTime>
<ownerDesignName>higia</ownerDesignName>
</ColumnProxy>
<ColumnProxy name="UOP_IN_CP" id="42ADA8DA-EF32-B2A0-C758-13DB300F4D06">
<createdBy>labbe</createdBy>
<createdTime>2017-06-28 18:27:40 UTC</createdTime>
<ownerDesignName>higia</ownerDesignName>
</ColumnProxy>
<ColumnProxy name="UFE_SG" id="47694F03-FB85-8890-B48F-E9F52782FA72">
<createdBy>labbe</createdBy>
<createdTime>2017-06-28 18:27:38 UTC</createdTime>
<ownerDesignName>higia</ownerDesignName>
</ColumnProxy>
<ColumnProxy name="LOC_NU" id="8A798A7B-C536-B206-A54C-C9819D44E853">
<createdBy>labbe</createdBy>
<createdTime>2017-06-28 18:27:39 UTC</createdTime>
<ownerDesignName>higia</ownerDesignName>
</ColumnProxy>
<ColumnProxy name="UOP_NO" id="95D49498-6D70-03BC-5333-EF69D9C00F93">
<createdBy>labbe</createdBy>
<createdTime>2017-06-28 18:27:39 UTC</createdTime>
<ownerDesignName>higia</ownerDesignName>
</ColumnProxy>
<ColumnProxy name="UOP_NU" id="AB526D2E-750F-623F-7BFE-38F026504A28">
<createdBy>labbe</createdBy>
<createdTime>2017-06-28 18:27:38 UTC</createdTime>
<ownerDesignName>higia</ownerDesignName>
</ColumnProxy>
<ColumnProxy name="CEP" id="D56F909B-10E1-CD51-91A5-DA1E17A0959D">
<createdBy>labbe</createdBy>
<createdTime>2017-06-28 18:27:40 UTC</createdTime>
<ownerDesignName>higia</ownerDesignName>
</ColumnProxy>
<ColumnProxy name="BAI_NU" id="D9D3627D-92A0-98E4-F94F-9BFC1730AA30">
<createdBy>labbe</createdBy>
<createdTime>2017-06-28 18:27:39 UTC</createdTime>
<ownerDesignName>higia</ownerDesignName>
</ColumnProxy>
<ColumnProxy name="UOP_NO_ABREV" id="F2AD43C6-25BE-6CF0-B3CE-380DB4F15E69">
<createdBy>labbe</createdBy>
<createdTime>2017-06-28 18:27:40 UTC</createdTime>
<ownerDesignName>higia</ownerDesignName>
</ColumnProxy>
<ColumnProxy name="LOG_NU" id="F4A74ED7-4E49-1682-B3EE-8F0C4ECBA337">
<createdBy>labbe</createdBy>
<createdTime>2017-06-28 18:27:39 UTC</createdTime>
<ownerDesignName>higia</ownerDesignName>
</ColumnProxy>
</columnProxies>
<indexProxies>
<IndexProxy class="oracle.dbtools.crest.model.design.storage.oracle.v10g.IndexProxyOraclev10g" name="PK_LOG_UNID_OPER" id="6A415FF5-B241-4359-7D2B-0EE504CF649D">
<createdBy>labbe</createdBy>
<createdTime>2017-06-28 18:27:49 UTC</createdTime>
<ownerDesignName>higia</ownerDesignName>
<schemaObject>98BF7BAD-6E06-AAA5-C899-4E17FCC779A9</schemaObject>
<segment>0F184C2D-5F6D-0336-291A-2F9696959BE8</segment>
<tableSpace>DA3E11EE-3457-69C8-C185-40CEE8DF8F4E</tableSpace>
</IndexProxy>
</indexProxies>
<synonyms>
<Synonym class="oracle.dbtools.crest.model.design.storage.oracle.v10g.SynonymOraclev10g" name="LOG_UNID_OPER" directorySegmentName="seg_0" id="F1B88614-A22D-1D27-EB8F-70238E43FC74">
<sourceConnName>HIGIA_DEV.ENDERECO</sourceConnName>
<sourceObjSchema>PUBLIC</sourceObjSchema>
<sourceObjName>LOG_UNID_OPER</sourceObjName>
<createdBy>labbe</createdBy>
<createdTime>2017-06-28 18:28:40 UTC</createdTime>
<ownerDesignName>higia</ownerDesignName>
<object>LOG_UNID_OPER</object>
<objectUser>7736E6F4-2849-56D9-71B9-657642C40FBD</objectUser>
<public>YES</public>
<referredObjectID>6836E010-5E95-0C5C-B1C3-3438ACD73BD7</referredObjectID>
</Synonym>
</synonyms>
<primaryKeys>
<PrimaryKey class="oracle.dbtools.crest.model.design.storage.oracle.v10g.PKProxyOraclev10g" name="PK_LOG_UNID_OPER" id="F9FDB3E0-F0EE-6894-B222-4CA6346B3E18">
<createdBy>labbe</createdBy>
<createdTime>2017-06-28 18:28:19 UTC</createdTime>
<ownerDesignName>higia</ownerDesignName>
<segment>0F184C2D-5F6D-0336-291A-2F9696959BE8</segment>
<tableSpace>DA3E11EE-3457-69C8-C185-40CEE8DF8F4E</tableSpace>
<existingIndex>6A415FF5-B241-4359-7D2B-0EE504CF649D</existingIndex>
<indexSegment>0F184C2D-5F6D-0336-291A-2F9696959BE8</indexSegment>
<indexSort>SORTED</indexSort>
<usingIndex>BY INDEX NAME</usingIndex>
</PrimaryKey>
</primaryKeys>
</TableProxyOraclev12c>