<?xml version = '1.0' encoding = 'UTF-8'?>
<TableProxyOraclev12c class="oracle.dbtools.crest.model.design.storage.oracle.v12c.TableProxyOraclev12c" name="LOG_GRANDE_USUARIO" directorySegmentName="seg_0" id="6E66DDDF-7E48-F6DD-FCF7-DB4F5B73CFB4">
<createdBy>labbe</createdBy>
<createdTime>2017-06-28 18:27:11 UTC</createdTime>
<ownerDesignName>higia</ownerDesignName>
<schemaObject>98BF7BAD-6E06-AAA5-C899-4E17FCC779A9</schemaObject>
<logging>YES</logging>
<partitionedRowMovement>DISABLE</partitionedRowMovement>
<segment>C9AE4FC3-DF74-0139-4DF8-63147568B270</segment>
<tableSpace>DA3E11EE-3457-69C8-C185-40CEE8DF8F4E</tableSpace>
<temporaryChanged>false</temporaryChanged>
<accessDriverType>oracle_loader</accessDriverType>
<rejectLimit></rejectLimit>
<inMemory>NO</inMemory>
<columnProxies itemClass="oracle.dbtools.crest.model.design.storage.oracle.v12c.ColumnProxyOraclev12c">
<ColumnProxy name="GRU_NO_ABREV" id="0CE76B95-F70B-2647-D847-62C51F977028">
<createdBy>labbe</createdBy>
<createdTime>2017-06-28 18:27:32 UTC</createdTime>
<ownerDesignName>higia</ownerDesignName>
</ColumnProxy>
<ColumnProxy name="LOC_NU" id="0DD6FBE8-11C3-7720-AD74-83DDBC7B7609">
<createdBy>labbe</createdBy>
<createdTime>2017-06-28 18:27:31 UTC</createdTime>
<ownerDesignName>higia</ownerDesignName>
</ColumnProxy>
<ColumnProxy name="GRU_NO" id="302E30A4-88BF-68EA-939A-C228D6A43D57">
<createdBy>labbe</createdBy>
<createdTime>2017-06-28 18:27:32 UTC</createdTime>
<ownerDesignName>higia</ownerDesignName>
</ColumnProxy>
<ColumnProxy name="GRU_NU" id="309379B7-398E-0B43-9605-78F7C56C1C22">
<createdBy>labbe</createdBy>
<createdTime>2017-06-28 18:27:31 UTC</createdTime>
<ownerDesignName>higia</ownerDesignName>
</ColumnProxy>
<ColumnProxy name="LOG_NU" id="3A4643E0-5BE7-F3C6-CFD0-0290147ADD9B">
<createdBy>labbe</createdBy>
<createdTime>2017-06-28 18:27:31 UTC</createdTime>
<ownerDesignName>higia</ownerDesignName>
</ColumnProxy>
<ColumnProxy name="BAI_NU" id="8E7A2452-66DA-0E0C-B67F-4FCF65AFDF46">
<createdBy>labbe</createdBy>
<createdTime>2017-06-28 18:27:31 UTC</createdTime>
<ownerDesignName>higia</ownerDesignName>
</ColumnProxy>
<ColumnProxy name="GRU_ENDERECO" id="9912435E-8BCC-C669-484D-BD2E0CB465F7">
<createdBy>labbe</createdBy>
<createdTime>2017-06-28 18:27:32 UTC</createdTime>
<ownerDesignName>higia</ownerDesignName>
</ColumnProxy>
<ColumnProxy name="UFE_SG" id="CB086EB4-365A-6A49-45DF-ACCFA4C2A0A4">
<createdBy>labbe</createdBy>
<createdTime>2017-06-28 18:27:31 UTC</createdTime>
<ownerDesignName>higia</ownerDesignName>
</ColumnProxy>
<ColumnProxy name="CEP" id="EFAF4A98-35D4-3DBE-D3A8-8104044D1339">
<createdBy>labbe</createdBy>
<createdTime>2017-06-28 18:27:32 UTC</createdTime>
<ownerDesignName>higia</ownerDesignName>
</ColumnProxy>
</columnProxies>
<indexProxies>
<IndexProxy class="oracle.dbtools.crest.model.design.storage.oracle.v10g.IndexProxyOraclev10g" name="PK_LOG_GRANDE_USUARIO" id="78E18BAA-A2D4-3558-0447-B189FFA0E652">
<createdBy>labbe</createdBy>
<createdTime>2017-06-28 18:27:48 UTC</createdTime>
<ownerDesignName>higia</ownerDesignName>
<schemaObject>98BF7BAD-6E06-AAA5-C899-4E17FCC779A9</schemaObject>
<segment>0F184C2D-5F6D-0336-291A-2F9696959BE8</segment>
<tableSpace>DA3E11EE-3457-69C8-C185-40CEE8DF8F4E</tableSpace>
</IndexProxy>
</indexProxies>
<synonyms>
<Synonym class="oracle.dbtools.crest.model.design.storage.oracle.v10g.SynonymOraclev10g" name="LOG_GRANDE_USUARIO" directorySegmentName="seg_0" id="EC450947-3682-6D08-3278-F8D046A3D507">
<sourceConnName>HIGIA_DEV.ENDERECO</sourceConnName>
<sourceObjSchema>PUBLIC</sourceObjSchema>
<sourceObjName>LOG_GRANDE_USUARIO</sourceObjName>
<createdBy>labbe</createdBy>
<createdTime>2017-06-28 18:28:40 UTC</createdTime>
<ownerDesignName>higia</ownerDesignName>
<object>LOG_GRANDE_USUARIO</object>
<objectUser>7736E6F4-2849-56D9-71B9-657642C40FBD</objectUser>
<public>YES</public>
<referredObjectID>6E66DDDF-7E48-F6DD-FCF7-DB4F5B73CFB4</referredObjectID>
</Synonym>
</synonyms>
<primaryKeys>
<PrimaryKey class="oracle.dbtools.crest.model.design.storage.oracle.v10g.PKProxyOraclev10g" name="PK_LOG_GRANDE_USUARIO" id="194EA09D-4AA0-BC12-F2F7-7553AE4CA7B6">
<createdBy>labbe</createdBy>
<createdTime>2017-06-28 18:28:12 UTC</createdTime>
<ownerDesignName>higia</ownerDesignName>
<segment>0F184C2D-5F6D-0336-291A-2F9696959BE8</segment>
<tableSpace>DA3E11EE-3457-69C8-C185-40CEE8DF8F4E</tableSpace>
<existingIndex>78E18BAA-A2D4-3558-0447-B189FFA0E652</existingIndex>
<indexSegment>0F184C2D-5F6D-0336-291A-2F9696959BE8</indexSegment>
<indexSort>SORTED</indexSort>
<usingIndex>BY INDEX NAME</usingIndex>
</PrimaryKey>
</primaryKeys>
</TableProxyOraclev12c>