<?xml version = '1.0' encoding = 'UTF-8'?>
<TableProxyOraclev12c class="oracle.dbtools.crest.model.design.storage.oracle.v12c.TableProxyOraclev12c" name="USUARIO_SF_ENDERECO" directorySegmentName="seg_0" id="6F1C9649-B0CE-6E1E-262A-F17080573AC4">
<createdBy>labbe</createdBy>
<createdTime>2017-06-28 18:27:15 UTC</createdTime>
<ownerDesignName>higia</ownerDesignName>
<schemaObject>98BF7BAD-6E06-AAA5-C899-4E17FCC779A9</schemaObject>
<logging>YES</logging>
<partitionedRowMovement>DISABLE</partitionedRowMovement>
<segment>C9AE4FC3-DF74-0139-4DF8-63147568B270</segment>
<tableSpace>DA3E11EE-3457-69C8-C185-40CEE8DF8F4E</tableSpace>
<temporaryChanged>false</temporaryChanged>
<accessDriverType>oracle_loader</accessDriverType>
<rejectLimit></rejectLimit>
<inMemory>NO</inMemory>
<columnProxies itemClass="oracle.dbtools.crest.model.design.storage.oracle.v12c.ColumnProxyOraclev12c">
<ColumnProxy name="COD_ENDERECO" id="1EDE05E2-4800-FE64-1D02-0630F2309E89">
<createdBy>labbe</createdBy>
<createdTime>2017-06-28 18:27:44 UTC</createdTime>
<ownerDesignName>higia</ownerDesignName>
</ColumnProxy>
<ColumnProxy name="COD_USUARIO_SF" id="DBCCC3BE-0078-2DCF-0277-265F350556BC">
<createdBy>labbe</createdBy>
<createdTime>2017-06-28 18:27:44 UTC</createdTime>
<ownerDesignName>higia</ownerDesignName>
</ColumnProxy>
</columnProxies>
<indexProxies>
<IndexProxy class="oracle.dbtools.crest.model.design.storage.oracle.v10g.IndexProxyOraclev10g" name="PK_USUARIO_SF_ENDERECO" id="65E2EEF6-B02B-BF40-FE58-B5D5057F58EC">
<createdBy>labbe</createdBy>
<createdTime>2017-06-28 18:27:50 UTC</createdTime>
<ownerDesignName>higia</ownerDesignName>
<schemaObject>98BF7BAD-6E06-AAA5-C899-4E17FCC779A9</schemaObject>
<segment>0F184C2D-5F6D-0336-291A-2F9696959BE8</segment>
<tableSpace>DA3E11EE-3457-69C8-C185-40CEE8DF8F4E</tableSpace>
</IndexProxy>
</indexProxies>
<synonyms>
<Synonym class="oracle.dbtools.crest.model.design.storage.oracle.v10g.SynonymOraclev10g" name="USUARIO_SF_ENDERECO" directorySegmentName="seg_0" id="6C93727F-AB50-1FB4-EB6A-E12522A39B03">
<sourceConnName>HIGIA_DEV.ENDERECO</sourceConnName>
<sourceObjSchema>PUBLIC</sourceObjSchema>
<sourceObjName>USUARIO_SF_ENDERECO</sourceObjName>
<createdBy>labbe</createdBy>
<createdTime>2017-06-28 18:28:40 UTC</createdTime>
<ownerDesignName>higia</ownerDesignName>
<object>USUARIO_SF_ENDERECO</object>
<objectUser>7736E6F4-2849-56D9-71B9-657642C40FBD</objectUser>
<public>YES</public>
<referredObjectID>6F1C9649-B0CE-6E1E-262A-F17080573AC4</referredObjectID>
</Synonym>
</synonyms>
<foreignKeys>
<ForeignKey class="oracle.dbtools.crest.model.design.storage.oracle.v10g.FKProxyOraclev10g" name="FK_USUARIO_SF_ENDERECO_1" id="BE3E18EB-46E0-1040-E9DD-42477CAF4494">
<createdBy>labbe</createdBy>
<createdTime>2017-06-28 18:28:27 UTC</createdTime>
<ownerDesignName>higia</ownerDesignName>
</ForeignKey>
</foreignKeys>
<primaryKeys>
<PrimaryKey class="oracle.dbtools.crest.model.design.storage.oracle.v10g.PKProxyOraclev10g" name="PK_USUARIO_SF_ENDERECO" id="03DDBC2F-A93D-0C69-7611-51F247707B95">
<createdBy>labbe</createdBy>
<createdTime>2017-06-28 18:28:26 UTC</createdTime>
<ownerDesignName>higia</ownerDesignName>
<segment>0F184C2D-5F6D-0336-291A-2F9696959BE8</segment>
<tableSpace>DA3E11EE-3457-69C8-C185-40CEE8DF8F4E</tableSpace>
<existingIndex>65E2EEF6-B02B-BF40-FE58-B5D5057F58EC</existingIndex>
<indexSegment>0F184C2D-5F6D-0336-291A-2F9696959BE8</indexSegment>
<indexSort>SORTED</indexSort>
<usingIndex>BY INDEX NAME</usingIndex>
</PrimaryKey>
</primaryKeys>
</TableProxyOraclev12c>