<?xml version = '1.0' encoding = 'UTF-8'?>
<TableProxyOraclev12c class="oracle.dbtools.crest.model.design.storage.oracle.v12c.TableProxyOraclev12c" name="HT_EMPRESA_ENDERECO" directorySegmentName="seg_0" id="C126F92A-8B28-B330-42AF-7DA663632169">
<createdBy>labbe</createdBy>
<createdTime>2017-06-28 18:27:07 UTC</createdTime>
<ownerDesignName>higia</ownerDesignName>
<schemaObject>98BF7BAD-6E06-AAA5-C899-4E17FCC779A9</schemaObject>
<logging>NO</logging>
<partitionedRowMovement>DISABLE</partitionedRowMovement>
<segment>627D97C1-3505-0929-92D6-1C8FD058ABA2</segment>
<tempPreserveRows>NO</tempPreserveRows>
<temporary>YES</temporary>
<accessDriverType>oracle_loader</accessDriverType>
<rejectLimit></rejectLimit>
<inMemory>NO</inMemory>
<columnProxies itemClass="oracle.dbtools.crest.model.design.storage.oracle.v12c.ColumnProxyOraclev12c">
<ColumnProxy name="ID_ADDRESS" id="818802C5-765A-6D68-0BCE-6933D8091593">
<createdBy>labbe</createdBy>
<createdTime>2017-06-28 18:27:22 UTC</createdTime>
<ownerDesignName>higia</ownerDesignName>
</ColumnProxy>
</columnProxies>
<synonyms>
<Synonym class="oracle.dbtools.crest.model.design.storage.oracle.v10g.SynonymOraclev10g" name="HT_EMPRESA_ENDERECO" directorySegmentName="seg_0" id="A7B23D74-1133-C4FE-8638-19ED6AD9FABD">
<sourceConnName>HIGIA_DEV.ENDERECO</sourceConnName>
<sourceObjSchema>PUBLIC</sourceObjSchema>
<sourceObjName>HT_EMPRESA_ENDERECO</sourceObjName>
<createdBy>labbe</createdBy>
<createdTime>2017-06-28 18:28:40 UTC</createdTime>
<ownerDesignName>higia</ownerDesignName>
<object>HT_EMPRESA_ENDERECO</object>
<objectUser>7736E6F4-2849-56D9-71B9-657642C40FBD</objectUser>
<public>YES</public>
<referredObjectID>C126F92A-8B28-B330-42AF-7DA663632169</referredObjectID>
</Synonym>
</synonyms>
</TableProxyOraclev12c>