<?xml version = '1.0' encoding = 'UTF-8'?>
<TableProxyOraclev12c class="oracle.dbtools.crest.model.design.storage.oracle.v12c.TableProxyOraclev12c" name="LOG_BAIRRO" directorySegmentName="seg_0" id="D93F181D-DA4E-89D8-D80D-DD0B7A62A2D4">
<createdBy>labbe</createdBy>
<createdTime>2017-06-28 18:27:08 UTC</createdTime>
<ownerDesignName>higia</ownerDesignName>
<schemaObject>98BF7BAD-6E06-AAA5-C899-4E17FCC779A9</schemaObject>
<logging>YES</logging>
<partitionedRowMovement>DISABLE</partitionedRowMovement>
<segment>C9AE4FC3-DF74-0139-4DF8-63147568B270</segment>
<tableSpace>DA3E11EE-3457-69C8-C185-40CEE8DF8F4E</tableSpace>
<temporaryChanged>false</temporaryChanged>
<accessDriverType>oracle_loader</accessDriverType>
<rejectLimit></rejectLimit>
<inMemory>NO</inMemory>
<columnProxies itemClass="oracle.dbtools.crest.model.design.storage.oracle.v12c.ColumnProxyOraclev12c">
<ColumnProxy name="LOC_NU" id="16C5B0CE-16CA-7368-91D3-32F225A0A195">
<createdBy>labbe</createdBy>
<createdTime>2017-06-28 18:27:24 UTC</createdTime>
<ownerDesignName>higia</ownerDesignName>
</ColumnProxy>
<ColumnProxy name="BAI_NO_ABREV" id="1F77CF03-F780-07D4-550C-63F5C953FF5C">
<createdBy>labbe</createdBy>
<createdTime>2017-06-28 18:27:25 UTC</createdTime>
<ownerDesignName>higia</ownerDesignName>
</ColumnProxy>
<ColumnProxy name="BAI_NO" id="5E4CBE16-4AE2-0436-5D6C-ED91F65913AC">
<createdBy>labbe</createdBy>
<createdTime>2017-06-28 18:27:24 UTC</createdTime>
<ownerDesignName>higia</ownerDesignName>
</ColumnProxy>
<ColumnProxy name="UFE_SG" id="C5D1F699-206A-1F87-E607-94610ED18FC9">
<createdBy>labbe</createdBy>
<createdTime>2017-06-28 18:27:24 UTC</createdTime>
<ownerDesignName>higia</ownerDesignName>
</ColumnProxy>
<ColumnProxy name="BAI_NU" id="EB969A9A-151A-BCE1-B536-4E0D5F4C921E">
<createdBy>labbe</createdBy>
<createdTime>2017-06-28 18:27:24 UTC</createdTime>
<ownerDesignName>higia</ownerDesignName>
</ColumnProxy>
</columnProxies>
<indexProxies>
<IndexProxy class="oracle.dbtools.crest.model.design.storage.oracle.v10g.IndexProxyOraclev10g" name="PK_LOG_BAIRRO" id="BA81D263-547D-E332-7BB2-11DCD025ABE0">
<createdBy>labbe</createdBy>
<createdTime>2017-06-28 18:27:46 UTC</createdTime>
<ownerDesignName>higia</ownerDesignName>
<schemaObject>98BF7BAD-6E06-AAA5-C899-4E17FCC779A9</schemaObject>
<segment>0F184C2D-5F6D-0336-291A-2F9696959BE8</segment>
<tableSpace>DA3E11EE-3457-69C8-C185-40CEE8DF8F4E</tableSpace>
</IndexProxy>
</indexProxies>
<synonyms>
<Synonym class="oracle.dbtools.crest.model.design.storage.oracle.v10g.SynonymOraclev10g" name="LOG_BAIRRO" directorySegmentName="seg_0" id="8A7A72C4-5A7C-3D1D-7F12-A94A59414432">
<sourceConnName>HIGIA_DEV.ENDERECO</sourceConnName>
<sourceObjSchema>PUBLIC</sourceObjSchema>
<sourceObjName>LOG_BAIRRO</sourceObjName>
<createdBy>labbe</createdBy>
<createdTime>2017-06-28 18:28:40 UTC</createdTime>
<ownerDesignName>higia</ownerDesignName>
<object>LOG_BAIRRO</object>
<objectUser>7736E6F4-2849-56D9-71B9-657642C40FBD</objectUser>
<public>YES</public>
<referredObjectID>D93F181D-DA4E-89D8-D80D-DD0B7A62A2D4</referredObjectID>
</Synonym>
</synonyms>
<primaryKeys>
<PrimaryKey class="oracle.dbtools.crest.model.design.storage.oracle.v10g.PKProxyOraclev10g" name="PK_LOG_BAIRRO" id="D73653B2-8912-C5B7-033D-C0D90762DCB6">
<createdBy>labbe</createdBy>
<createdTime>2017-06-28 18:28:02 UTC</createdTime>
<ownerDesignName>higia</ownerDesignName>
<segment>0F184C2D-5F6D-0336-291A-2F9696959BE8</segment>
<tableSpace>DA3E11EE-3457-69C8-C185-40CEE8DF8F4E</tableSpace>
<existingIndex>BA81D263-547D-E332-7BB2-11DCD025ABE0</existingIndex>
<indexSegment>0F184C2D-5F6D-0336-291A-2F9696959BE8</indexSegment>
<indexSort>SORTED</indexSort>
<usingIndex>BY INDEX NAME</usingIndex>
</PrimaryKey>
</primaryKeys>
</TableProxyOraclev12c>