<?xml version = '1.0' encoding = 'UTF-8'?>
<TableProxyOraclev12c class="oracle.dbtools.crest.model.design.storage.oracle.v12c.TableProxyOraclev12c" name="RESP_FINANCEIRO_ENDERECO" directorySegmentName="seg_0" id="DC04A00A-804D-046D-36BE-C816730FB779">
<createdBy>labbe</createdBy>
<createdTime>2017-06-28 18:27:14 UTC</createdTime>
<ownerDesignName>higia</ownerDesignName>
<schemaObject>98BF7BAD-6E06-AAA5-C899-4E17FCC779A9</schemaObject>
<logging>YES</logging>
<partitionedRowMovement>DISABLE</partitionedRowMovement>
<segment>C9AE4FC3-DF74-0139-4DF8-63147568B270</segment>
<tableSpace>DA3E11EE-3457-69C8-C185-40CEE8DF8F4E</tableSpace>
<temporaryChanged>false</temporaryChanged>
<accessDriverType>oracle_loader</accessDriverType>
<rejectLimit></rejectLimit>
<inMemory>NO</inMemory>
<columnProxies itemClass="oracle.dbtools.crest.model.design.storage.oracle.v12c.ColumnProxyOraclev12c">
<ColumnProxy name="COD_ENDERECO" id="31D9F257-7905-4FA5-81E1-86CE318F3C03">
<createdBy>labbe</createdBy>
<createdTime>2017-06-28 18:27:43 UTC</createdTime>
<ownerDesignName>higia</ownerDesignName>
</ColumnProxy>
<ColumnProxy name="COD_RESPONSAVEL_FINANCEIRO" id="74E3FA57-B50E-B076-F367-5222E14AA3FF">
<createdBy>labbe</createdBy>
<createdTime>2017-06-28 18:27:43 UTC</createdTime>
<ownerDesignName>higia</ownerDesignName>
</ColumnProxy>
</columnProxies>
<indexProxies>
<IndexProxy class="oracle.dbtools.crest.model.design.storage.oracle.v10g.IndexProxyOraclev10g" name="PK_RESP_FINANCEIRO" id="AACD390E-ED64-C4B4-CAC0-CF3434CE79AA">
<createdBy>labbe</createdBy>
<createdTime>2017-06-28 18:27:50 UTC</createdTime>
<ownerDesignName>higia</ownerDesignName>
<schemaObject>98BF7BAD-6E06-AAA5-C899-4E17FCC779A9</schemaObject>
<segment>0F184C2D-5F6D-0336-291A-2F9696959BE8</segment>
<tableSpace>DA3E11EE-3457-69C8-C185-40CEE8DF8F4E</tableSpace>
</IndexProxy>
</indexProxies>
<synonyms>
<Synonym class="oracle.dbtools.crest.model.design.storage.oracle.v10g.SynonymOraclev10g" name="RESP_FINANCEIRO_ENDERECO" directorySegmentName="seg_0" id="2F33131E-F401-58F0-99C2-D6D60CD36DB5">
<sourceConnName>HIGIA_DEV.ENDERECO</sourceConnName>
<sourceObjSchema>PUBLIC</sourceObjSchema>
<sourceObjName>RESP_FINANCEIRO_ENDERECO</sourceObjName>
<createdBy>labbe</createdBy>
<createdTime>2017-06-28 18:28:40 UTC</createdTime>
<ownerDesignName>higia</ownerDesignName>
<object>RESP_FINANCEIRO_ENDERECO</object>
<objectUser>7736E6F4-2849-56D9-71B9-657642C40FBD</objectUser>
<public>YES</public>
<referredObjectID>DC04A00A-804D-046D-36BE-C816730FB779</referredObjectID>
</Synonym>
</synonyms>
<foreignKeys>
<ForeignKey class="oracle.dbtools.crest.model.design.storage.oracle.v10g.FKProxyOraclev10g" name="FK_RESP_FINANCEIRO_1" id="4D4BB901-EDE7-4DE7-5734-B16DDE46F684">
<createdBy>labbe</createdBy>
<createdTime>2017-06-28 18:28:27 UTC</createdTime>
<ownerDesignName>higia</ownerDesignName>
</ForeignKey>
</foreignKeys>
<primaryKeys>
<PrimaryKey class="oracle.dbtools.crest.model.design.storage.oracle.v10g.PKProxyOraclev10g" name="PK_RESP_FINANCEIRO" id="B87CE53A-F5BC-9B46-383F-8B048502AD0E">
<createdBy>labbe</createdBy>
<createdTime>2017-06-28 18:28:25 UTC</createdTime>
<ownerDesignName>higia</ownerDesignName>
<segment>0F184C2D-5F6D-0336-291A-2F9696959BE8</segment>
<tableSpace>DA3E11EE-3457-69C8-C185-40CEE8DF8F4E</tableSpace>
<existingIndex>AACD390E-ED64-C4B4-CAC0-CF3434CE79AA</existingIndex>
<indexSegment>0F184C2D-5F6D-0336-291A-2F9696959BE8</indexSegment>
<indexSort>SORTED</indexSort>
<usingIndex>BY INDEX NAME</usingIndex>
</PrimaryKey>
</primaryKeys>
</TableProxyOraclev12c>