<?xml version = '1.0' encoding = 'UTF-8'?>
<TableProxyOraclev12c class="oracle.dbtools.crest.model.design.storage.oracle.v12c.TableProxyOraclev12c" name="LOG_LOGRADOURO" directorySegmentName="seg_0" id="E4ED0886-158E-EEA7-1A38-75371E2D75B1">
<createdBy>labbe</createdBy>
<createdTime>2017-06-28 18:27:12 UTC</createdTime>
<ownerDesignName>higia</ownerDesignName>
<schemaObject>98BF7BAD-6E06-AAA5-C899-4E17FCC779A9</schemaObject>
<logging>YES</logging>
<partitionedRowMovement>DISABLE</partitionedRowMovement>
<segment>C9AE4FC3-DF74-0139-4DF8-63147568B270</segment>
<tableSpace>DA3E11EE-3457-69C8-C185-40CEE8DF8F4E</tableSpace>
<temporaryChanged>false</temporaryChanged>
<accessDriverType>oracle_loader</accessDriverType>
<rejectLimit></rejectLimit>
<inMemory>NO</inMemory>
<columnProxies itemClass="oracle.dbtools.crest.model.design.storage.oracle.v12c.ColumnProxyOraclev12c">
<ColumnProxy name="TLO_TX" id="05DA3F2A-AD85-2BA7-DB6B-60A4C7E78EB9">
<createdBy>labbe</createdBy>
<createdTime>2017-06-28 18:27:36 UTC</createdTime>
<ownerDesignName>higia</ownerDesignName>
</ColumnProxy>
<ColumnProxy name="LOG_NO" id="3B0F1B3D-7508-AD76-92CE-40CB88E338EE">
<createdBy>labbe</createdBy>
<createdTime>2017-06-28 18:27:36 UTC</createdTime>
<ownerDesignName>higia</ownerDesignName>
</ColumnProxy>
<ColumnProxy name="LOG_NO_ABREV" id="491038D0-5BB0-6300-5527-A61CC6CD7809">
<createdBy>labbe</createdBy>
<createdTime>2017-06-28 18:27:37 UTC</createdTime>
<ownerDesignName>higia</ownerDesignName>
</ColumnProxy>
<ColumnProxy name="LOG_NU" id="65B63B8A-37EB-4A69-9D71-977F068DA871">
<createdBy>labbe</createdBy>
<createdTime>2017-06-28 18:27:35 UTC</createdTime>
<ownerDesignName>higia</ownerDesignName>
</ColumnProxy>
<ColumnProxy name="LOG_COMPLEMENTO" id="6A773964-2937-A5BA-BD6D-F2B08758A092">
<createdBy>labbe</createdBy>
<createdTime>2017-06-28 18:27:36 UTC</createdTime>
<ownerDesignName>higia</ownerDesignName>
</ColumnProxy>
<ColumnProxy name="CEP" id="9625F41C-6CF8-606D-12BB-CD1D548ACA2D">
<createdBy>labbe</createdBy>
<createdTime>2017-06-28 18:27:36 UTC</createdTime>
<ownerDesignName>higia</ownerDesignName>
</ColumnProxy>
<ColumnProxy name="UFE_SG" id="97EB110E-A5BB-05F0-45E2-A9808838078C">
<createdBy>labbe</createdBy>
<createdTime>2017-06-28 18:27:35 UTC</createdTime>
<ownerDesignName>higia</ownerDesignName>
</ColumnProxy>
<ColumnProxy name="LOC_NU" id="A40FD5DD-ACD5-7085-3B8D-802BB849B2DD">
<createdBy>labbe</createdBy>
<createdTime>2017-06-28 18:27:35 UTC</createdTime>
<ownerDesignName>higia</ownerDesignName>
</ColumnProxy>
<ColumnProxy name="BAI_NU_INI" id="D51C9D8D-795C-69CA-4724-355A9CB07C7E">
<createdBy>labbe</createdBy>
<createdTime>2017-06-28 18:27:35 UTC</createdTime>
<ownerDesignName>higia</ownerDesignName>
</ColumnProxy>
<ColumnProxy name="BAI_NU_FIM" id="EFBEECAA-9DAB-2E62-1047-6688DE919BA9">
<createdBy>labbe</createdBy>
<createdTime>2017-06-28 18:27:36 UTC</createdTime>
<ownerDesignName>higia</ownerDesignName>
</ColumnProxy>
<ColumnProxy name="LOG_STA_TLO" id="F03FDC1F-F777-7DCF-381C-DE51077B91F7">
<createdBy>labbe</createdBy>
<createdTime>2017-06-28 18:27:37 UTC</createdTime>
<ownerDesignName>higia</ownerDesignName>
</ColumnProxy>
</columnProxies>
<indexProxies>
<IndexProxy class="oracle.dbtools.crest.model.design.storage.oracle.v10g.IndexProxyOraclev10g" name="PK_LOG_LOGRADOURO" id="9350F4D8-D5E0-C1CE-F38B-1F8080970ACC">
<createdBy>labbe</createdBy>
<createdTime>2017-06-28 18:27:48 UTC</createdTime>
<ownerDesignName>higia</ownerDesignName>
<schemaObject>98BF7BAD-6E06-AAA5-C899-4E17FCC779A9</schemaObject>
<segment>0F184C2D-5F6D-0336-291A-2F9696959BE8</segment>
<tableSpace>DA3E11EE-3457-69C8-C185-40CEE8DF8F4E</tableSpace>
</IndexProxy>
</indexProxies>
<synonyms>
<Synonym class="oracle.dbtools.crest.model.design.storage.oracle.v10g.SynonymOraclev10g" name="LOG_LOGRADOURO" directorySegmentName="seg_0" id="EF20F79E-5162-328A-6991-602F6C72C86B">
<sourceConnName>HIGIA_DEV.ENDERECO</sourceConnName>
<sourceObjSchema>PUBLIC</sourceObjSchema>
<sourceObjName>LOG_LOGRADOURO</sourceObjName>
<createdBy>labbe</createdBy>
<createdTime>2017-06-28 18:28:40 UTC</createdTime>
<ownerDesignName>higia</ownerDesignName>
<object>LOG_LOGRADOURO</object>
<objectUser>7736E6F4-2849-56D9-71B9-657642C40FBD</objectUser>
<public>YES</public>
<referredObjectID>E4ED0886-158E-EEA7-1A38-75371E2D75B1</referredObjectID>
</Synonym>
</synonyms>
<primaryKeys>
<PrimaryKey class="oracle.dbtools.crest.model.design.storage.oracle.v10g.PKProxyOraclev10g" name="PK_LOG_LOGRADOURO" id="9797F267-93E2-76F3-C839-BBC2CEF0D4C3">
<createdBy>labbe</createdBy>
<createdTime>2017-06-28 18:28:15 UTC</createdTime>
<ownerDesignName>higia</ownerDesignName>
<segment>0F184C2D-5F6D-0336-291A-2F9696959BE8</segment>
<tableSpace>DA3E11EE-3457-69C8-C185-40CEE8DF8F4E</tableSpace>
<existingIndex>9350F4D8-D5E0-C1CE-F38B-1F8080970ACC</existingIndex>
<indexSegment>0F184C2D-5F6D-0336-291A-2F9696959BE8</indexSegment>
<indexSort>SORTED</indexSort>
<usingIndex>BY INDEX NAME</usingIndex>
</PrimaryKey>
</primaryKeys>
</TableProxyOraclev12c>