<?xml version = '1.0' encoding = 'UTF-8'?>
<TableProxyOraclev12c class="oracle.dbtools.crest.model.design.storage.oracle.v12c.TableProxyOraclev12c" name="ECT_PAIS" directorySegmentName="seg_0" id="EF9FFDFD-C263-5090-47B6-002A9EB40586">
<createdBy>labbe</createdBy>
<createdTime>2017-06-28 18:27:05 UTC</createdTime>
<ownerDesignName>higia</ownerDesignName>
<schemaObject>98BF7BAD-6E06-AAA5-C899-4E17FCC779A9</schemaObject>
<logging>YES</logging>
<partitionedRowMovement>DISABLE</partitionedRowMovement>
<segment>C9AE4FC3-DF74-0139-4DF8-63147568B270</segment>
<tableSpace>DA3E11EE-3457-69C8-C185-40CEE8DF8F4E</tableSpace>
<temporaryChanged>false</temporaryChanged>
<accessDriverType>oracle_loader</accessDriverType>
<rejectLimit></rejectLimit>
<inMemory>NO</inMemory>
<columnProxies itemClass="oracle.dbtools.crest.model.design.storage.oracle.v12c.ColumnProxyOraclev12c">
<ColumnProxy name="PAI_NO_INGLES" id="48321EF0-5409-4126-1464-188C6AD36CC4">
<createdBy>labbe</createdBy>
<createdTime>2017-06-28 18:27:18 UTC</createdTime>
<ownerDesignName>higia</ownerDesignName>
</ColumnProxy>
<ColumnProxy name="PAI_NO_FRANCES" id="93A91A1F-99F5-4403-6F58-A454C4416D70">
<createdBy>labbe</createdBy>
<createdTime>2017-06-28 18:27:17 UTC</createdTime>
<ownerDesignName>higia</ownerDesignName>
</ColumnProxy>
<ColumnProxy name="PAI_SG" id="CFA0A7C4-538D-9567-C8C9-5511106B273C">
<createdBy>labbe</createdBy>
<createdTime>2017-06-28 18:27:17 UTC</createdTime>
<ownerDesignName>higia</ownerDesignName>
</ColumnProxy>
<ColumnProxy name="PAI_NO_PORTUGUES" id="D75508DD-D133-813C-F4A7-336B13E9282A">
<createdBy>labbe</createdBy>
<createdTime>2017-06-28 18:27:17 UTC</createdTime>
<ownerDesignName>higia</ownerDesignName>
</ColumnProxy>
<ColumnProxy name="PAI_ABREVIATURA" id="DD14FCBC-5F51-3C05-0C55-8C844010889C">
<createdBy>labbe</createdBy>
<createdTime>2017-06-28 18:27:18 UTC</createdTime>
<ownerDesignName>higia</ownerDesignName>
</ColumnProxy>
<ColumnProxy name="PAI_SG_ALTERNATIVA" id="EA43E57E-AB70-D32A-2A6D-51FBA2108C73">
<createdBy>labbe</createdBy>
<createdTime>2017-06-28 18:27:17 UTC</createdTime>
<ownerDesignName>higia</ownerDesignName>
</ColumnProxy>
</columnProxies>
<indexProxies>
<IndexProxy class="oracle.dbtools.crest.model.design.storage.oracle.v10g.IndexProxyOraclev10g" name="PK_ECT_PAIS" id="E407B8F7-9A33-95D8-7333-C583CF77A905">
<createdBy>labbe</createdBy>
<createdTime>2017-06-28 18:27:45 UTC</createdTime>
<ownerDesignName>higia</ownerDesignName>
<schemaObject>98BF7BAD-6E06-AAA5-C899-4E17FCC779A9</schemaObject>
<segment>0F184C2D-5F6D-0336-291A-2F9696959BE8</segment>
<tableSpace>DA3E11EE-3457-69C8-C185-40CEE8DF8F4E</tableSpace>
</IndexProxy>
</indexProxies>
<synonyms>
<Synonym class="oracle.dbtools.crest.model.design.storage.oracle.v10g.SynonymOraclev10g" name="ECT_PAIS" directorySegmentName="seg_0" id="4FB0751E-5B14-D0E8-8246-1D40324A67F3">
<sourceConnName>HIGIA_DEV.ENDERECO</sourceConnName>
<sourceObjSchema>PUBLIC</sourceObjSchema>
<sourceObjName>ECT_PAIS</sourceObjName>
<createdBy>labbe</createdBy>
<createdTime>2017-06-28 18:28:40 UTC</createdTime>
<ownerDesignName>higia</ownerDesignName>
<object>ECT_PAIS</object>
<objectUser>7736E6F4-2849-56D9-71B9-657642C40FBD</objectUser>
<public>YES</public>
<referredObjectID>EF9FFDFD-C263-5090-47B6-002A9EB40586</referredObjectID>
</Synonym>
</synonyms>
<primaryKeys>
<PrimaryKey class="oracle.dbtools.crest.model.design.storage.oracle.v10g.PKProxyOraclev10g" name="PK_ECT_PAIS" id="9C9C6920-0053-0BDC-8263-1E3E1A3DE9C0">
<createdBy>labbe</createdBy>
<createdTime>2017-06-28 18:27:53 UTC</createdTime>
<ownerDesignName>higia</ownerDesignName>
<segment>0F184C2D-5F6D-0336-291A-2F9696959BE8</segment>
<tableSpace>DA3E11EE-3457-69C8-C185-40CEE8DF8F4E</tableSpace>
<existingIndex>E407B8F7-9A33-95D8-7333-C583CF77A905</existingIndex>
<indexSegment>0F184C2D-5F6D-0336-291A-2F9696959BE8</indexSegment>
<indexSort>SORTED</indexSort>
<usingIndex>BY INDEX NAME</usingIndex>
</PrimaryKey>
</primaryKeys>
</TableProxyOraclev12c>