<?xml version = '1.0' encoding = 'UTF-8'?>
<TableProxyOraclev12c class="oracle.dbtools.crest.model.design.storage.oracle.v12c.TableProxyOraclev12c" name="HT_BENEFICIARIO_ENDERECO" directorySegmentName="seg_0" id="FF92675E-1917-4963-FA0C-BA8970CEAC9C">
<createdBy>labbe</createdBy>
<createdTime>2017-06-28 18:27:06 UTC</createdTime>
<ownerDesignName>higia</ownerDesignName>
<schemaObject>98BF7BAD-6E06-AAA5-C899-4E17FCC779A9</schemaObject>
<logging>NO</logging>
<partitionedRowMovement>DISABLE</partitionedRowMovement>
<segment>627D97C1-3505-0929-92D6-1C8FD058ABA2</segment>
<tempPreserveRows>NO</tempPreserveRows>
<temporary>YES</temporary>
<accessDriverType>oracle_loader</accessDriverType>
<rejectLimit></rejectLimit>
<inMemory>NO</inMemory>
<columnProxies itemClass="oracle.dbtools.crest.model.design.storage.oracle.v12c.ColumnProxyOraclev12c">
<ColumnProxy name="COD_ENDERECO" id="D57883D9-8C57-6E8C-CA23-C6FD1604497C">
<createdBy>labbe</createdBy>
<createdTime>2017-06-28 18:27:22 UTC</createdTime>
<ownerDesignName>higia</ownerDesignName>
</ColumnProxy>
</columnProxies>
<synonyms>
<Synonym class="oracle.dbtools.crest.model.design.storage.oracle.v10g.SynonymOraclev10g" name="HT_BENEFICIARIO_ENDERECO" directorySegmentName="seg_0" id="9EC5921A-3DB2-C052-F0FB-69408BA5D5C2">
<sourceConnName>HIGIA_DEV.ENDERECO</sourceConnName>
<sourceObjSchema>PUBLIC</sourceObjSchema>
<sourceObjName>HT_BENEFICIARIO_ENDERECO</sourceObjName>
<createdBy>labbe</createdBy>
<createdTime>2017-06-28 18:28:40 UTC</createdTime>
<ownerDesignName>higia</ownerDesignName>
<object>HT_BENEFICIARIO_ENDERECO</object>
<objectUser>7736E6F4-2849-56D9-71B9-657642C40FBD</objectUser>
<public>YES</public>
<referredObjectID>FF92675E-1917-4963-FA0C-BA8970CEAC9C</referredObjectID>
</Synonym>
</synonyms>
</TableProxyOraclev12c>