<?xml version = '1.0' encoding = 'UTF-8'?>
<SynonymOraclev10g class="oracle.dbtools.crest.model.design.storage.oracle.v10g.SynonymOraclev10g" name="ACRESCIMO_DESCONTO" directorySegmentName="seg_0" id="6BC117E7-3D96-682E-993D-E0799DB4315A">
<sourceConnName>HIGIA_DEV.FATURAMENTO</sourceConnName>
<sourceObjSchema>PUBLIC</sourceObjSchema>
<sourceObjName>ACRESCIMO_DESCONTO</sourceObjName>
<createdBy>labbe</createdBy>
<createdTime>2017-06-28 18:05:52 UTC</createdTime>
<ownerDesignName>higia</ownerDesignName>
<object>ACRESCIMO_DESCONTO</object>
<objectUser>A5D8CB42-4695-E689-5AE6-33D1309388DF</objectUser>
<public>YES</public>
<referredObjectID>4CCB1D67-A436-9DAC-4FCA-3552610A3192</referredObjectID>
</SynonymOraclev10g>