<?xml version = '1.0' encoding = 'UTF-8'?>
<SynonymOraclev10g class="oracle.dbtools.crest.model.design.storage.oracle.v10g.SynonymOraclev10g" name="CALCULO_PRO_RATA" directorySegmentName="seg_0" id="C969DB1C-541A-E75A-B580-E38184144D9E">
<sourceConnName>HIGIA_DEV.FATURAMENTO</sourceConnName>
<sourceObjSchema>PUBLIC</sourceObjSchema>
<sourceObjName>CALCULO_PRO_RATA</sourceObjName>
<createdBy>labbe</createdBy>
<createdTime>2017-06-28 18:05:52 UTC</createdTime>
<ownerDesignName>higia</ownerDesignName>
<object>CALCULO_PRO_RATA</object>
<objectUser>A5D8CB42-4695-E689-5AE6-33D1309388DF</objectUser>
<public>YES</public>
<referredObjectID>706A4C50-EE94-92C8-3A8B-EFA72F43FA88</referredObjectID>
</SynonymOraclev10g>