<?xml version = '1.0' encoding = 'UTF-8'?>
<SynonymOraclev10g class="oracle.dbtools.crest.model.design.storage.oracle.v10g.SynonymOraclev10g" name="CONTA_CORRENTE" directorySegmentName="seg_0" id="DDE3A805-3202-F43D-9817-449223B4D5E5">
<sourceConnName>HIGIA_DEV.FATURAMENTO</sourceConnName>
<sourceObjSchema>PUBLIC</sourceObjSchema>
<sourceObjName>CONTA_CORRENTE</sourceObjName>
<createdBy>labbe</createdBy>
<createdTime>2017-06-28 18:05:52 UTC</createdTime>
<ownerDesignName>higia</ownerDesignName>
<object>CONTA_CORRENTE</object>
<objectUser>A5D8CB42-4695-E689-5AE6-33D1309388DF</objectUser>
<public>YES</public>
<referredObjectID>FA03346F-138C-6C0A-C462-ECD355643B31</referredObjectID>
</SynonymOraclev10g>