<?xml version = '1.0' encoding = 'UTF-8'?>
<SynonymOraclev10g class="oracle.dbtools.crest.model.design.storage.oracle.v10g.SynonymOraclev10g" name="RESPONSAVEL_FINANCEIRO" directorySegmentName="seg_0" id="DEF0DC51-5DD2-00BC-0298-DA1A46A6F283">
<sourceConnName>HIGIA_DEV.FATURAMENTO</sourceConnName>
<sourceObjSchema>PUBLIC</sourceObjSchema>
<sourceObjName>RESPONSAVEL_FINANCEIRO</sourceObjName>
<createdBy>labbe</createdBy>
<createdTime>2017-06-28 18:05:52 UTC</createdTime>
<ownerDesignName>higia</ownerDesignName>
<object>RESPONSAVEL_FINANCEIRO</object>
<objectUser>A5D8CB42-4695-E689-5AE6-33D1309388DF</objectUser>
<public>YES</public>
<referredObjectID>884185AB-3C54-0800-484D-329E857FB742</referredObjectID>
</SynonymOraclev10g>