<?xml version = '1.0' encoding = 'UTF-8'?>
<SynonymOraclev10g class="oracle.dbtools.crest.model.design.storage.oracle.v10g.SynonymOraclev10g" name="FATURAMENTO_HISTORICO" directorySegmentName="seg_0" id="DF69BC77-3F4A-8862-AC90-5A52D6DE73E8">
<sourceConnName>HIGIA_DEV.FATURAMENTO</sourceConnName>
<sourceObjSchema>PUBLIC</sourceObjSchema>
<sourceObjName>FATURAMENTO_HISTORICO</sourceObjName>
<createdBy>labbe</createdBy>
<createdTime>2017-06-28 18:05:52 UTC</createdTime>
<ownerDesignName>higia</ownerDesignName>
<object>FATURAMENTO_HISTORICO</object>
<objectUser>A5D8CB42-4695-E689-5AE6-33D1309388DF</objectUser>
<public>YES</public>
<referredObjectID>78A6FDCE-0EE3-E91A-5FCA-78329301EFDD</referredObjectID>
</SynonymOraclev10g>