<?xml version = '1.0' encoding = 'UTF-8'?>
<SynonymOraclev10g class="oracle.dbtools.crest.model.design.storage.oracle.v10g.SynonymOraclev10g" name="SQ_RESPONSAVEL_FINANCEIRO" directorySegmentName="seg_0" id="E347A470-D629-78FD-E6FE-63346AB31AE4">
<sourceConnName>HIGIA_DEV.FATURAMENTO</sourceConnName>
<sourceObjSchema>PUBLIC</sourceObjSchema>
<sourceObjName>SQ_RESPONSAVEL_FINANCEIRO</sourceObjName>
<createdBy>labbe</createdBy>
<createdTime>2017-06-28 18:05:52 UTC</createdTime>
<ownerDesignName>higia</ownerDesignName>
<object>SQ_RESPONSAVEL_FINANCEIRO</object>
<objectUser>A5D8CB42-4695-E689-5AE6-33D1309388DF</objectUser>
<public>YES</public>
<referredObjectID>321E2AE5-2CB3-CC04-090B-80C843C01E08</referredObjectID>
</SynonymOraclev10g>