<?xml version = '1.0' encoding = 'UTF-8'?>
<RoleOraclev10g class="oracle.dbtools.crest.model.design.storage.oracle.v10g.RoleOraclev10g" name="SERVICO_CONTRATO" directorySegmentName="seg_0" id="0F04CECE-267D-3E89-44E7-6580CA4669ED">
<sourceConnName>HIGIA_DEV.CONTRATO</sourceConnName>
<sourceObjName>SERVICO_CONTRATO</sourceObjName>
<createdBy>labbe</createdBy>
<createdTime>2017-06-28 17:49:04 UTC</createdTime>
<ownerDesignName>higia</ownerDesignName>
<permissions>
<Permission class="oracle.dbtools.crest.model.design.storage.oracle.v10g.PermissionsOraclev10g" name="Permissions1" id="44EB17E8-ADFE-50F2-481B-F0673BE36914">
<createdBy>labbe</createdBy>
<createdTime>2017-07-04 21:07:02 UTC</createdTime>
<ownerDesignName>higia</ownerDesignName>
<privileges>SELECT</privileges>
<sequence>D6C3E554-AAA9-AC28-B6A6-31682BDBF583</sequence>
</Permission>
<Permission class="oracle.dbtools.crest.model.design.storage.oracle.v10g.PermissionsOraclev10g" name="Permissions10" id="C1164EA2-F821-08A0-F2D5-F393A4BD4F46">
<createdBy>labbe</createdBy>
<createdTime>2017-07-04 21:07:02 UTC</createdTime>
<ownerDesignName>higia</ownerDesignName>
<privileges>SELECT</privileges>
<sequence>455B56AC-3E7E-1C7D-9D5C-F6E623AF4A34</sequence>
</Permission>
<Permission class="oracle.dbtools.crest.model.design.storage.oracle.v10g.PermissionsOraclev10g" name="Permissions100" id="F667425E-20EE-510B-AF5C-BAFBDE9C5A8B">
<createdBy>labbe</createdBy>
<createdTime>2017-07-04 21:07:02 UTC</createdTime>
<ownerDesignName>higia</ownerDesignName>
<privileges>DELETE, INSERT, SELECT, UPDATE</privileges>
<table>83E5ADC5-25AB-3D44-39A7-E3B015F6587D</table>
</Permission>
<Permission class="oracle.dbtools.crest.model.design.storage.oracle.v10g.PermissionsOraclev10g" name="Permissions101" id="78B49143-4B4A-9EA5-4F69-4E861A5CC8C1">
<createdBy>labbe</createdBy>
<createdTime>2017-07-04 21:07:02 UTC</createdTime>
<ownerDesignName>higia</ownerDesignName>
<privileges>DELETE, INSERT, SELECT, UPDATE</privileges>
<table>BEAB0C5F-6FCD-394E-7E22-A77C73DD458C</table>
</Permission>
<Permission class="oracle.dbtools.crest.model.design.storage.oracle.v10g.PermissionsOraclev10g" name="Permissions102" id="C2757FE0-AD52-CB91-A553-4470EB37731F">
<createdBy>labbe</createdBy>
<createdTime>2017-07-04 21:07:02 UTC</createdTime>
<ownerDesignName>higia</ownerDesignName>
<privileges>DELETE, INSERT, SELECT, UPDATE</privileges>
<table>1D198754-5476-33B7-E29A-7ECC7E0B5DFE</table>
</Permission>
<Permission class="oracle.dbtools.crest.model.design.storage.oracle.v10g.PermissionsOraclev10g" name="Permissions104" id="A0B17E0E-F233-0EC9-D6BF-D1778B0233E8">
<createdBy>labbe</createdBy>
<createdTime>2017-07-04 21:07:02 UTC</createdTime>
<ownerDesignName>higia</ownerDesignName>
<privileges>DELETE, INSERT, SELECT, UPDATE</privileges>
<table>64E830F7-60FE-85E2-7434-F836A84D8C95</table>
</Permission>
<Permission class="oracle.dbtools.crest.model.design.storage.oracle.v10g.PermissionsOraclev10g" name="Permissions105" id="A10A76CC-1569-1BF0-1251-FC68002B460D">
<createdBy>labbe</createdBy>
<createdTime>2017-07-04 21:07:02 UTC</createdTime>
<ownerDesignName>higia</ownerDesignName>
<privileges>DELETE, INSERT, SELECT, UPDATE</privileges>
<table>9E4B081D-C2DC-C5A5-3922-55F9399E70B6</table>
</Permission>
<Permission class="oracle.dbtools.crest.model.design.storage.oracle.v10g.PermissionsOraclev10g" name="Permissions106" id="8BACDA0A-F12C-0660-9AC6-1F1BE6336FDF">
<createdBy>labbe</createdBy>
<createdTime>2017-07-04 21:07:02 UTC</createdTime>
<ownerDesignName>higia</ownerDesignName>
<privileges>DELETE, INSERT, SELECT, UPDATE</privileges>
<table>17905545-3293-1BA5-D44C-87FF76E1AFB5</table>
</Permission>
<Permission class="oracle.dbtools.crest.model.design.storage.oracle.v10g.PermissionsOraclev10g" name="Permissions107" id="28B07019-F6BC-BBE2-6208-889F057C190F">
<createdBy>labbe</createdBy>
<createdTime>2017-07-04 21:07:02 UTC</createdTime>
<ownerDesignName>higia</ownerDesignName>
<privileges>DELETE, INSERT, SELECT, UPDATE</privileges>
<table>0CB90CF9-5A7E-5C13-B8E9-95C277BE645E</table>
</Permission>
<Permission class="oracle.dbtools.crest.model.design.storage.oracle.v10g.PermissionsOraclev10g" name="Permissions108" id="16BD64FB-8E11-A469-BBAC-EF3BE2991D11">
<createdBy>labbe</createdBy>
<createdTime>2017-07-04 21:07:02 UTC</createdTime>
<ownerDesignName>higia</ownerDesignName>
<privileges>DELETE, INSERT, SELECT, UPDATE</privileges>
<table>FF598493-50B9-15F2-4FD9-53A0AD9DA46D</table>
</Permission>
<Permission class="oracle.dbtools.crest.model.design.storage.oracle.v10g.PermissionsOraclev10g" name="Permissions109" id="3E8C2944-AFA6-312F-E24C-9CC81EF01FCF">
<createdBy>labbe</createdBy>
<createdTime>2017-07-04 21:07:02 UTC</createdTime>
<ownerDesignName>higia</ownerDesignName>
<privileges>DELETE, INSERT, SELECT, UPDATE</privileges>
<table>035E3C74-1C6C-695C-46AD-89A11CB7BB37</table>
</Permission>
<Permission class="oracle.dbtools.crest.model.design.storage.oracle.v10g.PermissionsOraclev10g" name="Permissions11" id="DC34DAA9-8FA2-3437-18E2-2948F9B896A7">
<createdBy>labbe</createdBy>
<createdTime>2017-07-04 21:07:02 UTC</createdTime>
<ownerDesignName>higia</ownerDesignName>
<privileges>SELECT</privileges>
<sequence>DBE88819-917B-A4FA-F4FC-41D2A0FA22E6</sequence>
</Permission>
<Permission class="oracle.dbtools.crest.model.design.storage.oracle.v10g.PermissionsOraclev10g" name="Permissions110" id="1C90DE94-E89D-EC7E-01A4-A6DD3F321A43">
<createdBy>labbe</createdBy>
<createdTime>2017-07-04 21:07:02 UTC</createdTime>
<ownerDesignName>higia</ownerDesignName>
<privileges>DELETE, INSERT, SELECT, UPDATE</privileges>
<table>2959A8B9-0BF7-E296-50B9-7B9877BCCC3D</table>
</Permission>
<Permission class="oracle.dbtools.crest.model.design.storage.oracle.v10g.PermissionsOraclev10g" name="Permissions111" id="17CB6E2F-E6A2-7911-CFE7-E0DC3CAB1099">
<createdBy>labbe</createdBy>
<createdTime>2017-07-04 21:07:02 UTC</createdTime>
<ownerDesignName>higia</ownerDesignName>
<privileges>DELETE, INSERT, SELECT, UPDATE</privileges>
<table>1DCB1E4A-7CDB-7149-9868-A72D90237B29</table>
</Permission>
<Permission class="oracle.dbtools.crest.model.design.storage.oracle.v10g.PermissionsOraclev10g" name="Permissions112" id="CBFEF3CA-CD1F-7511-5057-1CB165C347B5">
<createdBy>labbe</createdBy>
<createdTime>2017-07-04 21:07:02 UTC</createdTime>
<ownerDesignName>higia</ownerDesignName>
<privileges>DELETE, INSERT, SELECT, UPDATE</privileges>
<table>8344B197-B069-C277-FA63-F9495068510F</table>
</Permission>
<Permission class="oracle.dbtools.crest.model.design.storage.oracle.v10g.PermissionsOraclev10g" name="Permissions113" id="8C785F64-B0E9-AC0B-DC18-25246AB227B4">
<createdBy>labbe</createdBy>
<createdTime>2017-07-04 21:07:02 UTC</createdTime>
<ownerDesignName>higia</ownerDesignName>
<privileges>DELETE, INSERT, SELECT, UPDATE</privileges>
<table>6C8173DA-49B6-A6FA-5B68-83DC6205CD45</table>
</Permission>
<Permission class="oracle.dbtools.crest.model.design.storage.oracle.v10g.PermissionsOraclev10g" name="Permissions114" id="09C3316A-AD1F-EA87-C1BB-7EDD73066464">
<createdBy>labbe</createdBy>
<createdTime>2017-07-04 21:07:02 UTC</createdTime>
<ownerDesignName>higia</ownerDesignName>
<privileges>DELETE, INSERT, SELECT, UPDATE</privileges>
<table>A129B117-87A8-3DF5-288B-C56183945413</table>
</Permission>
<Permission class="oracle.dbtools.crest.model.design.storage.oracle.v10g.PermissionsOraclev10g" name="Permissions115" id="EE1AE047-9C5F-FEB7-71B8-6549A9BBEEA9">
<createdBy>labbe</createdBy>
<createdTime>2017-07-04 21:07:02 UTC</createdTime>
<ownerDesignName>higia</ownerDesignName>
<privileges>DELETE, INSERT, SELECT, UPDATE</privileges>
<table>518FB346-012C-A620-0819-BB52B98C77DE</table>
</Permission>
<Permission class="oracle.dbtools.crest.model.design.storage.oracle.v10g.PermissionsOraclev10g" name="Permissions116" id="976329FD-C532-D781-F27F-FD44F6C70689">
<createdBy>labbe</createdBy>
<createdTime>2017-07-04 21:07:02 UTC</createdTime>
<ownerDesignName>higia</ownerDesignName>
<privileges>DELETE, INSERT, SELECT, UPDATE</privileges>
<table>0C69E129-E6A5-9141-9367-DB3AE8291219</table>
</Permission>
<Permission class="oracle.dbtools.crest.model.design.storage.oracle.v10g.PermissionsOraclev10g" name="Permissions117" id="5849B62A-66AE-C9AE-1236-FBC3A7CC7FA3">
<createdBy>labbe</createdBy>
<createdTime>2017-07-04 21:07:02 UTC</createdTime>
<ownerDesignName>higia</ownerDesignName>
<privileges>DELETE, INSERT, SELECT, UPDATE</privileges>
<table>32DC86D7-B772-FA10-487A-6D290C2DF6C7</table>
</Permission>
<Permission class="oracle.dbtools.crest.model.design.storage.oracle.v10g.PermissionsOraclev10g" name="Permissions118" id="B421FB5A-325F-68D2-C8F2-18A8CCBDB728">
<createdBy>labbe</createdBy>
<createdTime>2017-07-04 21:07:02 UTC</createdTime>
<ownerDesignName>higia</ownerDesignName>
<privileges>DELETE, INSERT, SELECT, UPDATE</privileges>
<table>436205E1-18BA-6C76-E314-C8A0CB3B59A6</table>
</Permission>
<Permission class="oracle.dbtools.crest.model.design.storage.oracle.v10g.PermissionsOraclev10g" name="Permissions119" id="CC29827A-4896-2C14-CEBA-92CD24B77F8A">
<createdBy>labbe</createdBy>
<createdTime>2017-07-04 21:07:02 UTC</createdTime>
<ownerDesignName>higia</ownerDesignName>
<privileges>DELETE, INSERT, SELECT, UPDATE</privileges>
<table>A8B0EA75-55AA-B6C5-E71A-283DB45FE8B7</table>
</Permission>
<Permission class="oracle.dbtools.crest.model.design.storage.oracle.v10g.PermissionsOraclev10g" name="Permissions12" id="46BDD69F-073D-FA36-9522-F2F94866C08B">
<createdBy>labbe</createdBy>
<createdTime>2017-07-04 21:07:02 UTC</createdTime>
<ownerDesignName>higia</ownerDesignName>
<privileges>SELECT</privileges>
<sequence>1D030936-C414-73A9-7D2D-4BBCA3FAD04B</sequence>
</Permission>
<Permission class="oracle.dbtools.crest.model.design.storage.oracle.v10g.PermissionsOraclev10g" name="Permissions120" id="344DEB9C-4CF3-690A-3E3D-0F4D44298F6D">
<createdBy>labbe</createdBy>
<createdTime>2017-07-04 21:07:02 UTC</createdTime>
<ownerDesignName>higia</ownerDesignName>
<privileges>DELETE, INSERT, SELECT, UPDATE</privileges>
<table>69D5522C-86F9-B002-7445-03B541A628E1</table>
</Permission>
<Permission class="oracle.dbtools.crest.model.design.storage.oracle.v10g.PermissionsOraclev10g" name="Permissions121" id="81B7D8EC-16A3-F6B6-0F93-0F473B500C2B">
<createdBy>labbe</createdBy>
<createdTime>2017-07-04 21:07:02 UTC</createdTime>
<ownerDesignName>higia</ownerDesignName>
<privileges>DELETE, INSERT, SELECT, UPDATE</privileges>
<table>33E9AD91-8BC3-E09D-2233-D00A32D5438A</table>
</Permission>
<Permission class="oracle.dbtools.crest.model.design.storage.oracle.v10g.PermissionsOraclev10g" name="Permissions122" id="AE3506DD-3ECE-6F1F-CECF-B1C1AC4E20C1">
<createdBy>labbe</createdBy>
<createdTime>2017-07-04 21:07:02 UTC</createdTime>
<ownerDesignName>higia</ownerDesignName>
<privileges>DELETE, INSERT, SELECT, UPDATE</privileges>
<table>85869893-8008-0687-FBBE-E39075A4DB5B</table>
</Permission>
<Permission class="oracle.dbtools.crest.model.design.storage.oracle.v10g.PermissionsOraclev10g" name="Permissions123" id="E6D0787A-8B3F-472E-50E7-6C3C6003362A">
<createdBy>labbe</createdBy>
<createdTime>2017-07-04 21:07:02 UTC</createdTime>
<ownerDesignName>higia</ownerDesignName>
<privileges>DELETE, INSERT, SELECT, UPDATE</privileges>
<table>7129931A-C5A1-E7F0-5871-E6B69BD0A081</table>
</Permission>
<Permission class="oracle.dbtools.crest.model.design.storage.oracle.v10g.PermissionsOraclev10g" name="Permissions125" id="8E67CBDB-4C1E-DA9E-8316-CEF7B161CA90">
<createdBy>labbe</createdBy>
<createdTime>2017-07-04 21:07:02 UTC</createdTime>
<ownerDesignName>higia</ownerDesignName>
<privileges>DELETE, INSERT, SELECT, UPDATE</privileges>
<table>00BDE256-FF03-876C-38D4-6084CCA1D075</table>
</Permission>
<Permission class="oracle.dbtools.crest.model.design.storage.oracle.v10g.PermissionsOraclev10g" name="Permissions127" id="95963D53-005E-32BC-DEED-0C4C0CAECC8C">
<createdBy>labbe</createdBy>
<createdTime>2017-07-04 21:07:02 UTC</createdTime>
<ownerDesignName>higia</ownerDesignName>
<privileges>DELETE, INSERT, SELECT, UPDATE</privileges>
<table>E5BFCAD7-C05A-C73F-EA86-4EC24C3B0C7E</table>
</Permission>
<Permission class="oracle.dbtools.crest.model.design.storage.oracle.v10g.PermissionsOraclev10g" name="Permissions128" id="65FB52E0-600B-3F83-2BE2-F6703D554176">
<createdBy>labbe</createdBy>
<createdTime>2017-07-04 21:07:02 UTC</createdTime>
<ownerDesignName>higia</ownerDesignName>
<privileges>DELETE, INSERT, SELECT, UPDATE</privileges>
<table>B7350188-D60C-A48B-7E51-16F7FC6B1EFD</table>
</Permission>
<Permission class="oracle.dbtools.crest.model.design.storage.oracle.v10g.PermissionsOraclev10g" name="Permissions129" id="A2421D71-9A83-F017-E5E6-09CA4CEE84EA">
<createdBy>labbe</createdBy>
<createdTime>2017-07-04 21:07:02 UTC</createdTime>
<ownerDesignName>higia</ownerDesignName>
<privileges>DELETE, INSERT, SELECT, UPDATE</privileges>
<table>A4F24429-B2FC-8901-1C3F-E1A60AA3E3EE</table>
</Permission>
<Permission class="oracle.dbtools.crest.model.design.storage.oracle.v10g.PermissionsOraclev10g" name="Permissions13" id="C61375FA-C762-B935-61A1-272B6AECD9DB">
<createdBy>labbe</createdBy>
<createdTime>2017-07-04 21:07:02 UTC</createdTime>
<ownerDesignName>higia</ownerDesignName>
<privileges>SELECT</privileges>
<sequence>6C95C917-07C6-2CEC-CC47-60C05E1A70FE</sequence>
</Permission>
<Permission class="oracle.dbtools.crest.model.design.storage.oracle.v10g.PermissionsOraclev10g" name="Permissions130" id="77DB8442-0F7D-C1C5-70C6-52AC88CFD23B">
<createdBy>labbe</createdBy>
<createdTime>2017-07-04 21:07:02 UTC</createdTime>
<ownerDesignName>higia</ownerDesignName>
<privileges>DELETE, INSERT, SELECT, UPDATE</privileges>
<table>18DE934E-D542-736B-4B70-D7149D337D73</table>
</Permission>
<Permission class="oracle.dbtools.crest.model.design.storage.oracle.v10g.PermissionsOraclev10g" name="Permissions134" id="45D2EF3D-9937-E9D0-5DC1-9DCE5FC79903">
<createdBy>labbe</createdBy>
<createdTime>2017-07-04 21:07:02 UTC</createdTime>
<ownerDesignName>higia</ownerDesignName>
<privileges>DELETE, INSERT, SELECT, UPDATE</privileges>
<table>4639FDA2-0339-FA9C-7180-7DA531192B4F</table>
</Permission>
<Permission class="oracle.dbtools.crest.model.design.storage.oracle.v10g.PermissionsOraclev10g" name="Permissions14" id="FC0E85D4-4482-4901-0631-DBF5949BC3AB">
<createdBy>labbe</createdBy>
<createdTime>2017-07-04 21:07:02 UTC</createdTime>
<ownerDesignName>higia</ownerDesignName>
<privileges>SELECT</privileges>
<sequence>74DBE9B7-77A8-A9B6-D47C-3364C4EFB046</sequence>
</Permission>
<Permission class="oracle.dbtools.crest.model.design.storage.oracle.v10g.PermissionsOraclev10g" name="Permissions15" id="3C8DF1D9-69E1-7CED-C080-CDC725D321A3">
<createdBy>labbe</createdBy>
<createdTime>2017-07-04 21:07:02 UTC</createdTime>
<ownerDesignName>higia</ownerDesignName>
<privileges>SELECT</privileges>
<sequence>9378BA1F-4664-ECD3-1D60-282DBF46CD9D</sequence>
</Permission>
<Permission class="oracle.dbtools.crest.model.design.storage.oracle.v10g.PermissionsOraclev10g" name="Permissions16" id="4682AB77-A89D-E599-002A-1DE4839FF8A7">
<createdBy>labbe</createdBy>
<createdTime>2017-07-04 21:07:02 UTC</createdTime>
<ownerDesignName>higia</ownerDesignName>
<privileges>SELECT</privileges>
<sequence>FD3D4DA9-135A-4F2C-0FCF-401962B424C7</sequence>
</Permission>
<Permission class="oracle.dbtools.crest.model.design.storage.oracle.v10g.PermissionsOraclev10g" name="Permissions17" id="E3C05DCC-883D-BF12-9CBE-D7E7519140F1">
<createdBy>labbe</createdBy>
<createdTime>2017-07-04 21:07:02 UTC</createdTime>
<ownerDesignName>higia</ownerDesignName>
<privileges>SELECT</privileges>
<sequence>F450CFAA-9C92-A9AF-B775-2AF3DF3B45BA</sequence>
</Permission>
<Permission class="oracle.dbtools.crest.model.design.storage.oracle.v10g.PermissionsOraclev10g" name="Permissions18" id="F3D7D7F9-2522-9E1F-D8CD-89BE8CA2F64A">
<createdBy>labbe</createdBy>
<createdTime>2017-07-04 21:07:02 UTC</createdTime>
<ownerDesignName>higia</ownerDesignName>
<privileges>SELECT</privileges>
<sequence>38133973-0194-9970-638F-0DECF1ED9AA0</sequence>
</Permission>
<Permission class="oracle.dbtools.crest.model.design.storage.oracle.v10g.PermissionsOraclev10g" name="Permissions19" id="1CEE72B5-C064-805E-3A7C-EE2257E873E9">
<createdBy>labbe</createdBy>
<createdTime>2017-07-04 21:07:02 UTC</createdTime>
<ownerDesignName>higia</ownerDesignName>
<privileges>SELECT</privileges>
<sequence>69640929-D28B-7CE3-A082-9891E2344E47</sequence>
</Permission>
<Permission class="oracle.dbtools.crest.model.design.storage.oracle.v10g.PermissionsOraclev10g" name="Permissions2" id="8C2E13C4-8DD4-6A04-61AD-1A30CDFC1787">
<createdBy>labbe</createdBy>
<createdTime>2017-07-04 21:07:02 UTC</createdTime>
<ownerDesignName>higia</ownerDesignName>
<privileges>SELECT</privileges>
<sequence>CC35E7B1-B932-85FA-7554-1EBA961CBA2D</sequence>
</Permission>
<Permission class="oracle.dbtools.crest.model.design.storage.oracle.v10g.PermissionsOraclev10g" name="Permissions20" id="4226F79D-A7C7-5366-C751-9760D3F4D6AE">
<createdBy>labbe</createdBy>
<createdTime>2017-07-04 21:07:02 UTC</createdTime>
<ownerDesignName>higia</ownerDesignName>
<privileges>SELECT</privileges>
<sequence>33770CE5-BC74-93B4-6713-F0D830B137FD</sequence>
</Permission>
<Permission class="oracle.dbtools.crest.model.design.storage.oracle.v10g.PermissionsOraclev10g" name="Permissions21" id="107ECB9C-2241-A3B0-9631-99746F0E2120">
<createdBy>labbe</createdBy>
<createdTime>2017-07-04 21:07:02 UTC</createdTime>
<ownerDesignName>higia</ownerDesignName>
<privileges>SELECT</privileges>
<sequence>8E0803C7-6118-87F2-C3F6-A9131505D86D</sequence>
</Permission>
<Permission class="oracle.dbtools.crest.model.design.storage.oracle.v10g.PermissionsOraclev10g" name="Permissions22" id="846F9A14-60D9-6C52-3696-116E21C9CEB6">
<createdBy>labbe</createdBy>
<createdTime>2017-07-04 21:07:02 UTC</createdTime>
<ownerDesignName>higia</ownerDesignName>
<privileges>SELECT</privileges>
<sequence>33FC2885-C9ED-C37F-E305-387759F4D9C5</sequence>
</Permission>
<Permission class="oracle.dbtools.crest.model.design.storage.oracle.v10g.PermissionsOraclev10g" name="Permissions23" id="0D6FC13F-83CA-0AF7-E7E4-78ADB9D9DC19">
<createdBy>labbe</createdBy>
<createdTime>2017-07-04 21:07:02 UTC</createdTime>
<ownerDesignName>higia</ownerDesignName>
<privileges>SELECT</privileges>
<sequence>AF865406-CDC7-A9A1-A62F-E1338A49D863</sequence>
</Permission>
<Permission class="oracle.dbtools.crest.model.design.storage.oracle.v10g.PermissionsOraclev10g" name="Permissions24" id="3F77CAE3-C499-51E6-D768-2450CDEFCDE5">
<createdBy>labbe</createdBy>
<createdTime>2017-07-04 21:07:02 UTC</createdTime>
<ownerDesignName>higia</ownerDesignName>
<privileges>SELECT</privileges>
<sequence>DE1B8E62-E88B-0D0A-2855-A6DCCD3F61F8</sequence>
</Permission>
<Permission class="oracle.dbtools.crest.model.design.storage.oracle.v10g.PermissionsOraclev10g" name="Permissions25" id="A9A04B24-139F-A59C-E114-125406796144">
<createdBy>labbe</createdBy>
<createdTime>2017-07-04 21:07:02 UTC</createdTime>
<ownerDesignName>higia</ownerDesignName>
<privileges>SELECT</privileges>
<sequence>EA17DDAD-0215-1760-F906-864F88BFDFEC</sequence>
</Permission>
<Permission class="oracle.dbtools.crest.model.design.storage.oracle.v10g.PermissionsOraclev10g" name="Permissions26" id="2A32AB13-86D5-EACB-761A-D96DB652F059">
<createdBy>labbe</createdBy>
<createdTime>2017-07-04 21:07:02 UTC</createdTime>
<ownerDesignName>higia</ownerDesignName>
<privileges>SELECT</privileges>
<sequence>5B46336D-72E9-2C4B-5370-E0F265954841</sequence>
</Permission>
<Permission class="oracle.dbtools.crest.model.design.storage.oracle.v10g.PermissionsOraclev10g" name="Permissions27" id="587BCB97-8855-8736-1C48-193CCBEE71D3">
<createdBy>labbe</createdBy>
<createdTime>2017-07-04 21:07:02 UTC</createdTime>
<ownerDesignName>higia</ownerDesignName>
<privileges>SELECT</privileges>
<sequence>AC06AD6C-B61C-3A48-C4B0-8FFB47B2B5B0</sequence>
</Permission>
<Permission class="oracle.dbtools.crest.model.design.storage.oracle.v10g.PermissionsOraclev10g" name="Permissions28" id="5743072A-F461-3560-11B7-FE8F0F3755F4">
<createdBy>labbe</createdBy>
<createdTime>2017-07-04 21:07:02 UTC</createdTime>
<ownerDesignName>higia</ownerDesignName>
<privileges>SELECT</privileges>
<sequence>AF41BE4B-45A2-7A93-07E2-52C30C0EE203</sequence>
</Permission>
<Permission class="oracle.dbtools.crest.model.design.storage.oracle.v10g.PermissionsOraclev10g" name="Permissions29" id="33EB4FDB-40C3-A14A-A485-6F54FA7587BF">
<createdBy>labbe</createdBy>
<createdTime>2017-07-04 21:07:02 UTC</createdTime>
<ownerDesignName>higia</ownerDesignName>
<privileges>SELECT</privileges>
<sequence>D8B2FAD9-9BDD-BE6E-50FD-37A618DA4B4C</sequence>
</Permission>
<Permission class="oracle.dbtools.crest.model.design.storage.oracle.v10g.PermissionsOraclev10g" name="Permissions3" id="27AE6D0A-708C-80EA-9A2D-8C3B34B586B5">
<createdBy>labbe</createdBy>
<createdTime>2017-07-04 21:07:02 UTC</createdTime>
<ownerDesignName>higia</ownerDesignName>
<privileges>SELECT</privileges>
<sequence>D4D0DB17-AC9A-3DDB-67E3-61566378A333</sequence>
</Permission>
<Permission class="oracle.dbtools.crest.model.design.storage.oracle.v10g.PermissionsOraclev10g" name="Permissions30" id="DFD85742-9DE5-0E8C-6F85-D10CF7F6C3C6">
<createdBy>labbe</createdBy>
<createdTime>2017-07-04 21:07:02 UTC</createdTime>
<ownerDesignName>higia</ownerDesignName>
<privileges>SELECT</privileges>
<sequence>5CF8EA17-7B5B-7422-CECB-935FA886D211</sequence>
</Permission>
<Permission class="oracle.dbtools.crest.model.design.storage.oracle.v10g.PermissionsOraclev10g" name="Permissions31" id="24D12F99-F853-BF45-AFD1-E9CA10C6A54A">
<createdBy>labbe</createdBy>
<createdTime>2017-07-04 21:07:02 UTC</createdTime>
<ownerDesignName>higia</ownerDesignName>
<privileges>SELECT</privileges>
<sequence>7D9EA8D1-DFEF-234F-62B1-2A6A377E1C6A</sequence>
</Permission>
<Permission class="oracle.dbtools.crest.model.design.storage.oracle.v10g.PermissionsOraclev10g" name="Permissions32" id="5666C28A-E079-0460-F3ED-1F329223157E">
<createdBy>labbe</createdBy>
<createdTime>2017-07-04 21:07:02 UTC</createdTime>
<ownerDesignName>higia</ownerDesignName>
<privileges>SELECT</privileges>
<sequence>7E1E7066-D61D-7639-6B9F-88699FC7C40B</sequence>
</Permission>
<Permission class="oracle.dbtools.crest.model.design.storage.oracle.v10g.PermissionsOraclev10g" name="Permissions33" id="564FE080-128A-9CD0-FB43-EC7052D3B5D6">
<createdBy>labbe</createdBy>
<createdTime>2017-07-04 21:07:02 UTC</createdTime>
<ownerDesignName>higia</ownerDesignName>
<privileges>SELECT</privileges>
<sequence>FF5845A6-3585-3FEA-C0E1-9408F010B198</sequence>
</Permission>
<Permission class="oracle.dbtools.crest.model.design.storage.oracle.v10g.PermissionsOraclev10g" name="Permissions34" id="D8D619EA-B764-4C99-BC50-3D047ECAE0D9">
<createdBy>labbe</createdBy>
<createdTime>2017-07-04 21:07:02 UTC</createdTime>
<ownerDesignName>higia</ownerDesignName>
<privileges>SELECT</privileges>
<sequence>D13C6C02-3CB2-8AD4-D5E9-975B5DEEE80D</sequence>
</Permission>
<Permission class="oracle.dbtools.crest.model.design.storage.oracle.v10g.PermissionsOraclev10g" name="Permissions35" id="D2BD9E23-3340-8EE8-4AF3-5C791267927A">
<createdBy>labbe</createdBy>
<createdTime>2017-07-04 21:07:02 UTC</createdTime>
<ownerDesignName>higia</ownerDesignName>
<privileges>SELECT</privileges>
<sequence>2C75D009-36AA-0DE2-6E6C-3503A75E257F</sequence>
</Permission>
<Permission class="oracle.dbtools.crest.model.design.storage.oracle.v10g.PermissionsOraclev10g" name="Permissions36" id="FB998155-0841-008E-7519-D83BC7414E87">
<createdBy>labbe</createdBy>
<createdTime>2017-07-04 21:07:02 UTC</createdTime>
<ownerDesignName>higia</ownerDesignName>
<privileges>SELECT</privileges>
<sequence>675175D2-0382-20B5-99C7-81F7B8B4D949</sequence>
</Permission>
<Permission class="oracle.dbtools.crest.model.design.storage.oracle.v10g.PermissionsOraclev10g" name="Permissions37" id="1E636648-462F-C5C3-B98D-D12765F61679">
<createdBy>labbe</createdBy>
<createdTime>2017-07-04 21:07:02 UTC</createdTime>
<ownerDesignName>higia</ownerDesignName>
<privileges>SELECT</privileges>
<sequence>2F29B6CA-F178-8C9F-A21E-95933E889133</sequence>
</Permission>
<Permission class="oracle.dbtools.crest.model.design.storage.oracle.v10g.PermissionsOraclev10g" name="Permissions38" id="4EB71433-1A45-C290-AAE2-DD0AAF3D7FCC">
<createdBy>labbe</createdBy>
<createdTime>2017-07-04 21:07:02 UTC</createdTime>
<ownerDesignName>higia</ownerDesignName>
<privileges>SELECT</privileges>
<sequence>DF0ED36A-23D5-96BE-092F-22EFC8A9023B</sequence>
</Permission>
<Permission class="oracle.dbtools.crest.model.design.storage.oracle.v10g.PermissionsOraclev10g" name="Permissions39" id="F3D88BCA-B179-5E77-FB94-2C87079AB19E">
<createdBy>labbe</createdBy>
<createdTime>2017-07-04 21:07:02 UTC</createdTime>
<ownerDesignName>higia</ownerDesignName>
<privileges>SELECT</privileges>
<sequence>639A549B-F3C2-BC2F-0ACA-63D2ADB5D0CA</sequence>
</Permission>
<Permission class="oracle.dbtools.crest.model.design.storage.oracle.v10g.PermissionsOraclev10g" name="Permissions4" id="732606D2-768C-E9A0-F1E8-CB20F844B001">
<createdBy>labbe</createdBy>
<createdTime>2017-07-04 21:07:02 UTC</createdTime>
<ownerDesignName>higia</ownerDesignName>
<privileges>SELECT</privileges>
<sequence>744B31C0-E737-C3C0-6E62-5EF6DE2B7551</sequence>
</Permission>
<Permission class="oracle.dbtools.crest.model.design.storage.oracle.v10g.PermissionsOraclev10g" name="Permissions40" id="E7DCCD8E-6EF3-C538-D5AD-D6EB1C9CA813">
<createdBy>labbe</createdBy>
<createdTime>2017-07-04 21:07:02 UTC</createdTime>
<ownerDesignName>higia</ownerDesignName>
<privileges>SELECT</privileges>
<sequence>7F091A42-5AAF-96F6-C7DD-BF5C034DF834</sequence>
</Permission>
<Permission class="oracle.dbtools.crest.model.design.storage.oracle.v10g.PermissionsOraclev10g" name="Permissions41" id="DB3C56A9-6F51-EB60-F547-13EC4555E111">
<createdBy>labbe</createdBy>
<createdTime>2017-07-04 21:07:02 UTC</createdTime>
<ownerDesignName>higia</ownerDesignName>
<privileges>SELECT</privileges>
<sequence>2D2D10AB-F5A2-C282-AFED-E2B49E5F1308</sequence>
</Permission>
<Permission class="oracle.dbtools.crest.model.design.storage.oracle.v10g.PermissionsOraclev10g" name="Permissions42" id="23B866B4-BB21-BF7C-0DEB-A5954D96E603">
<createdBy>labbe</createdBy>
<createdTime>2017-07-04 21:07:02 UTC</createdTime>
<ownerDesignName>higia</ownerDesignName>
<privileges>SELECT</privileges>
<sequence>1FE2BBAD-8B8D-7538-F84C-214B60A1E438</sequence>
</Permission>
<Permission class="oracle.dbtools.crest.model.design.storage.oracle.v10g.PermissionsOraclev10g" name="Permissions43" id="80E7D263-E804-D82C-9452-643DDBB0D0B5">
<createdBy>labbe</createdBy>
<createdTime>2017-07-04 21:07:02 UTC</createdTime>
<ownerDesignName>higia</ownerDesignName>
<privileges>SELECT</privileges>
<sequence>2CAAAFB9-0E16-61D9-18DA-D2DDC045F5EB</sequence>
</Permission>
<Permission class="oracle.dbtools.crest.model.design.storage.oracle.v10g.PermissionsOraclev10g" name="Permissions44" id="443C0D3E-9FBB-C9A0-0507-7E6926FA2536">
<createdBy>labbe</createdBy>
<createdTime>2017-07-04 21:07:02 UTC</createdTime>
<ownerDesignName>higia</ownerDesignName>
<privileges>SELECT</privileges>
<sequence>08EB92B2-C037-A28F-BDD0-DCD8CB43F7F4</sequence>
</Permission>
<Permission class="oracle.dbtools.crest.model.design.storage.oracle.v10g.PermissionsOraclev10g" name="Permissions45" id="81B79D9F-59D9-7346-79E3-6D56E0E7C057">
<createdBy>labbe</createdBy>
<createdTime>2017-07-04 21:07:02 UTC</createdTime>
<ownerDesignName>higia</ownerDesignName>
<privileges>SELECT</privileges>
<sequence>6A298DCB-BAB6-91E4-3D25-08FC7062BC55</sequence>
</Permission>
<Permission class="oracle.dbtools.crest.model.design.storage.oracle.v10g.PermissionsOraclev10g" name="Permissions46" id="C475DCC3-629E-84F3-D6DB-25D26A621388">
<createdBy>labbe</createdBy>
<createdTime>2017-07-04 21:07:02 UTC</createdTime>
<ownerDesignName>higia</ownerDesignName>
<privileges>SELECT</privileges>
<sequence>EECF3304-17DF-E29E-5F58-A798F650F54A</sequence>
</Permission>
<Permission class="oracle.dbtools.crest.model.design.storage.oracle.v10g.PermissionsOraclev10g" name="Permissions47" id="81366020-5D5F-6742-61F4-220EBBFF2DE4">
<createdBy>labbe</createdBy>
<createdTime>2017-07-04 21:07:02 UTC</createdTime>
<ownerDesignName>higia</ownerDesignName>
<privileges>SELECT</privileges>
<sequence>2CCFEFAB-D74D-58CE-846A-03F8F2E3ECA9</sequence>
</Permission>
<Permission class="oracle.dbtools.crest.model.design.storage.oracle.v10g.PermissionsOraclev10g" name="Permissions48" id="6F58A425-E5A9-75B6-7ED9-62CF684255EF">
<createdBy>labbe</createdBy>
<createdTime>2017-07-04 21:07:02 UTC</createdTime>
<ownerDesignName>higia</ownerDesignName>
<privileges>SELECT</privileges>
<sequence>FB556DD1-B830-E243-5E81-93C005EBD477</sequence>
</Permission>
<Permission class="oracle.dbtools.crest.model.design.storage.oracle.v10g.PermissionsOraclev10g" name="Permissions49" id="66641A0A-FC3F-E08B-7D21-BC2102BA2D8E">
<createdBy>labbe</createdBy>
<createdTime>2017-07-04 21:07:02 UTC</createdTime>
<ownerDesignName>higia</ownerDesignName>
<privileges>SELECT</privileges>
<sequence>1143C1D4-6B6F-4B3D-851A-494884564D6D</sequence>
</Permission>
<Permission class="oracle.dbtools.crest.model.design.storage.oracle.v10g.PermissionsOraclev10g" name="Permissions5" id="446D7B99-2784-552D-2412-79DB2C31F16A">
<createdBy>labbe</createdBy>
<createdTime>2017-07-04 21:07:02 UTC</createdTime>
<ownerDesignName>higia</ownerDesignName>
<privileges>SELECT</privileges>
<sequence>B9924C6F-21B0-A286-D951-EB2863118B52</sequence>
</Permission>
<Permission class="oracle.dbtools.crest.model.design.storage.oracle.v10g.PermissionsOraclev10g" name="Permissions50" id="923FD8B5-A903-F400-953C-D2FE40B44745">
<createdBy>labbe</createdBy>
<createdTime>2017-07-04 21:07:02 UTC</createdTime>
<ownerDesignName>higia</ownerDesignName>
<privileges>SELECT</privileges>
<sequence>3686CA71-3387-437C-ACD1-F348BF014983</sequence>
</Permission>
<Permission class="oracle.dbtools.crest.model.design.storage.oracle.v10g.PermissionsOraclev10g" name="Permissions51" id="A1D2B60D-6276-9BD4-938C-B9FEF5AF3212">
<createdBy>labbe</createdBy>
<createdTime>2017-07-04 21:07:02 UTC</createdTime>
<ownerDesignName>higia</ownerDesignName>
<privileges>SELECT</privileges>
<sequence>2A58AD9A-A42B-267C-FACA-4983D86D6C7D</sequence>
</Permission>
<Permission class="oracle.dbtools.crest.model.design.storage.oracle.v10g.PermissionsOraclev10g" name="Permissions52" id="2FF454FF-A5D7-BD2D-506A-46283814F99D">
<createdBy>labbe</createdBy>
<createdTime>2017-07-04 21:07:02 UTC</createdTime>
<ownerDesignName>higia</ownerDesignName>
<privileges>SELECT</privileges>
<sequence>E38394E3-0551-F637-6756-0B646E440A59</sequence>
</Permission>
<Permission class="oracle.dbtools.crest.model.design.storage.oracle.v10g.PermissionsOraclev10g" name="Permissions53" id="B7DC1504-E926-7143-EFDB-D37A15B046C6">
<createdBy>labbe</createdBy>
<createdTime>2017-07-04 21:07:02 UTC</createdTime>
<ownerDesignName>higia</ownerDesignName>
<privileges>SELECT</privileges>
<sequence>90A5FA17-4462-EC5B-E7D9-7703BD907E1F</sequence>
</Permission>
<Permission class="oracle.dbtools.crest.model.design.storage.oracle.v10g.PermissionsOraclev10g" name="Permissions54" id="0B84CD4A-6CBD-7A8A-4862-552E722EF7C6">
<createdBy>labbe</createdBy>
<createdTime>2017-07-04 21:07:02 UTC</createdTime>
<ownerDesignName>higia</ownerDesignName>
<privileges>SELECT</privileges>
<sequence>628B9522-0E5B-AD20-B5A2-4F4C8D17E356</sequence>
</Permission>
<Permission class="oracle.dbtools.crest.model.design.storage.oracle.v10g.PermissionsOraclev10g" name="Permissions55" id="6D496FE5-2C42-034C-6C6D-9C98885C1587">
<createdBy>labbe</createdBy>
<createdTime>2017-07-04 21:07:02 UTC</createdTime>
<ownerDesignName>higia</ownerDesignName>
<privileges>SELECT</privileges>
<sequence>00F1B085-3877-D0A7-6B52-928D9096F036</sequence>
</Permission>
<Permission class="oracle.dbtools.crest.model.design.storage.oracle.v10g.PermissionsOraclev10g" name="Permissions56" id="0246EBD4-86D2-4D7B-8824-95DF585D141A">
<createdBy>labbe</createdBy>
<createdTime>2017-07-04 21:07:02 UTC</createdTime>
<ownerDesignName>higia</ownerDesignName>
<privileges>SELECT</privileges>
<sequence>3B0A0A48-A821-4CB0-31A3-FEA4B1DE36F3</sequence>
</Permission>
<Permission class="oracle.dbtools.crest.model.design.storage.oracle.v10g.PermissionsOraclev10g" name="Permissions57" id="205742B3-9690-E503-4242-D6E5C89EF516">
<createdBy>labbe</createdBy>
<createdTime>2017-07-04 21:07:02 UTC</createdTime>
<ownerDesignName>higia</ownerDesignName>
<privileges>SELECT</privileges>
<sequence>FEF81EB9-F350-9CA4-0910-AFA75DDCAC69</sequence>
</Permission>
<Permission class="oracle.dbtools.crest.model.design.storage.oracle.v10g.PermissionsOraclev10g" name="Permissions58" id="8363456C-BB69-2E57-561D-0CD985FACA11">
<createdBy>labbe</createdBy>
<createdTime>2017-07-04 21:07:02 UTC</createdTime>
<ownerDesignName>higia</ownerDesignName>
<privileges>SELECT</privileges>
<sequence>6EACAA71-ADDA-A9F9-874F-9A4E3D47D559</sequence>
</Permission>
<Permission class="oracle.dbtools.crest.model.design.storage.oracle.v10g.PermissionsOraclev10g" name="Permissions59" id="8227AF8D-87E9-13BE-B182-34A034BF08BB">
<createdBy>labbe</createdBy>
<createdTime>2017-07-04 21:07:02 UTC</createdTime>
<ownerDesignName>higia</ownerDesignName>
<privileges>SELECT</privileges>
<sequence>8DF91627-EFF2-D264-E8A2-F4B43AD3C9C9</sequence>
</Permission>
<Permission class="oracle.dbtools.crest.model.design.storage.oracle.v10g.PermissionsOraclev10g" name="Permissions6" id="A4ED32D8-7B00-8DBE-632D-62A780226343">
<createdBy>labbe</createdBy>
<createdTime>2017-07-04 21:07:02 UTC</createdTime>
<ownerDesignName>higia</ownerDesignName>
<privileges>SELECT</privileges>
<sequence>EBDFA030-84F7-46F0-3E99-057BF202F96B</sequence>
</Permission>
<Permission class="oracle.dbtools.crest.model.design.storage.oracle.v10g.PermissionsOraclev10g" name="Permissions60" id="F8B91858-35A6-1E34-1B73-70B945247888">
<createdBy>labbe</createdBy>
<createdTime>2017-07-04 21:07:02 UTC</createdTime>
<ownerDesignName>higia</ownerDesignName>
<privileges>DELETE, INSERT, SELECT, UPDATE</privileges>
<table>2927949C-3A7D-165E-64D6-EC6EAC8E83F1</table>
</Permission>
<Permission class="oracle.dbtools.crest.model.design.storage.oracle.v10g.PermissionsOraclev10g" name="Permissions61" id="4578D020-4462-6AAE-12B5-3D96933AEEBE">
<createdBy>labbe</createdBy>
<createdTime>2017-07-04 21:07:02 UTC</createdTime>
<ownerDesignName>higia</ownerDesignName>
<privileges>DELETE, INSERT, SELECT, UPDATE</privileges>
<table>C3B21708-DCEA-E1FB-33E1-7DD5EF4587D1</table>
</Permission>
<Permission class="oracle.dbtools.crest.model.design.storage.oracle.v10g.PermissionsOraclev10g" name="Permissions62" id="BCEE1785-874D-59B5-3CFC-3532B4D783F2">
<createdBy>labbe</createdBy>
<createdTime>2017-07-04 21:07:02 UTC</createdTime>
<ownerDesignName>higia</ownerDesignName>
<privileges>DELETE, INSERT, SELECT, UPDATE</privileges>
<table>B0DF9535-978E-DD7E-CDF5-B1705D9013B4</table>
</Permission>
<Permission class="oracle.dbtools.crest.model.design.storage.oracle.v10g.PermissionsOraclev10g" name="Permissions63" id="3AF11302-EF1E-B0C2-46C9-925EF653149A">
<createdBy>labbe</createdBy>
<createdTime>2017-07-04 21:07:02 UTC</createdTime>
<ownerDesignName>higia</ownerDesignName>
<privileges>DELETE, INSERT, SELECT, UPDATE</privileges>
<table>CEC105CE-A934-B55F-EC85-572B57186D50</table>
</Permission>
<Permission class="oracle.dbtools.crest.model.design.storage.oracle.v10g.PermissionsOraclev10g" name="Permissions64" id="2E705EA8-9B16-6E32-2A01-D04CC8C2A014">
<createdBy>labbe</createdBy>
<createdTime>2017-07-04 21:07:02 UTC</createdTime>
<ownerDesignName>higia</ownerDesignName>
<privileges>DELETE, INSERT, SELECT, UPDATE</privileges>
<table>AE4BF8C6-B73E-CB41-2D49-D5D866E8B01F</table>
</Permission>
<Permission class="oracle.dbtools.crest.model.design.storage.oracle.v10g.PermissionsOraclev10g" name="Permissions65" id="004CBCDB-DE8C-1774-507A-72E185B0C881">
<createdBy>labbe</createdBy>
<createdTime>2017-07-04 21:07:02 UTC</createdTime>
<ownerDesignName>higia</ownerDesignName>
<privileges>DELETE, INSERT, SELECT, UPDATE</privileges>
<table>375178D4-FAE1-4C9A-7732-559B474F1A1B</table>
</Permission>
<Permission class="oracle.dbtools.crest.model.design.storage.oracle.v10g.PermissionsOraclev10g" name="Permissions66" id="1C32AC8C-AC78-F5F4-7C45-EAAFC816B447">
<createdBy>labbe</createdBy>
<createdTime>2017-07-04 21:07:02 UTC</createdTime>
<ownerDesignName>higia</ownerDesignName>
<privileges>DELETE, INSERT, SELECT, UPDATE</privileges>
<table>6B1770C5-2DF6-C9DA-C09F-312AE0F32D04</table>
</Permission>
<Permission class="oracle.dbtools.crest.model.design.storage.oracle.v10g.PermissionsOraclev10g" name="Permissions67" id="E65EFB3B-48B9-9C1F-9B70-692A8F69E001">
<createdBy>labbe</createdBy>
<createdTime>2017-07-04 21:07:02 UTC</createdTime>
<ownerDesignName>higia</ownerDesignName>
<privileges>DELETE, INSERT, SELECT, UPDATE</privileges>
<table>6ED63EFB-83DD-DABA-5046-96AE8EDFD65B</table>
</Permission>
<Permission class="oracle.dbtools.crest.model.design.storage.oracle.v10g.PermissionsOraclev10g" name="Permissions68" id="A56123C5-F375-86DA-B936-49114D167C62">
<createdBy>labbe</createdBy>
<createdTime>2017-07-04 21:07:02 UTC</createdTime>
<ownerDesignName>higia</ownerDesignName>
<privileges>DELETE, INSERT, SELECT, UPDATE</privileges>
<table>E5615650-7FC7-AA79-EC03-2F81254A523A</table>
</Permission>
<Permission class="oracle.dbtools.crest.model.design.storage.oracle.v10g.PermissionsOraclev10g" name="Permissions69" id="D938348F-070F-F541-0E35-B98FFC4DBF98">
<createdBy>labbe</createdBy>
<createdTime>2017-07-04 21:07:02 UTC</createdTime>
<ownerDesignName>higia</ownerDesignName>
<privileges>DELETE, INSERT, SELECT, UPDATE</privileges>
<table>F8ECD86D-52BE-F9DF-C4FA-07F0BB0121E9</table>
</Permission>
<Permission class="oracle.dbtools.crest.model.design.storage.oracle.v10g.PermissionsOraclev10g" name="Permissions7" id="826C9158-9542-0B89-642A-40DD61C8E355">
<createdBy>labbe</createdBy>
<createdTime>2017-07-04 21:07:02 UTC</createdTime>
<ownerDesignName>higia</ownerDesignName>
<privileges>SELECT</privileges>
<sequence>2E429F61-45CE-717F-35D4-DE8D8B31A84C</sequence>
</Permission>
<Permission class="oracle.dbtools.crest.model.design.storage.oracle.v10g.PermissionsOraclev10g" name="Permissions74" id="3A80F64C-86A7-599D-4D55-07CBA359AC9F">
<createdBy>labbe</createdBy>
<createdTime>2017-07-04 21:07:02 UTC</createdTime>
<ownerDesignName>higia</ownerDesignName>
<privileges>DELETE, INSERT, SELECT, UPDATE</privileges>
<table>CECE11A5-FBEC-D89B-98F8-C3232F8015AC</table>
</Permission>
<Permission class="oracle.dbtools.crest.model.design.storage.oracle.v10g.PermissionsOraclev10g" name="Permissions76" id="2E34995C-1E34-62AE-9E39-BA120CEDFF89">
<createdBy>labbe</createdBy>
<createdTime>2017-07-04 21:07:02 UTC</createdTime>
<ownerDesignName>higia</ownerDesignName>
<privileges>DELETE, INSERT, SELECT, UPDATE</privileges>
<table>3542F99D-C204-76F8-FE10-5B5D5BE11D45</table>
</Permission>
<Permission class="oracle.dbtools.crest.model.design.storage.oracle.v10g.PermissionsOraclev10g" name="Permissions77" id="9F9C2A5F-E0E3-8C69-EA36-0D092D307B40">
<createdBy>labbe</createdBy>
<createdTime>2017-07-04 21:07:02 UTC</createdTime>
<ownerDesignName>higia</ownerDesignName>
<privileges>DELETE, INSERT, SELECT, UPDATE</privileges>
<table>C2739651-F351-2E4D-68A4-9D1A11D390C3</table>
</Permission>
<Permission class="oracle.dbtools.crest.model.design.storage.oracle.v10g.PermissionsOraclev10g" name="Permissions78" id="9C57E449-8CAC-E261-EE86-754DE516F507">
<createdBy>labbe</createdBy>
<createdTime>2017-07-04 21:07:02 UTC</createdTime>
<ownerDesignName>higia</ownerDesignName>
<privileges>DELETE, INSERT, SELECT, UPDATE</privileges>
<table>203D8D3F-C3A7-D8A7-03F2-79CE29481A9F</table>
</Permission>
<Permission class="oracle.dbtools.crest.model.design.storage.oracle.v10g.PermissionsOraclev10g" name="Permissions79" id="EBE6F0AC-8360-223E-5045-CC823D7A28A9">
<createdBy>labbe</createdBy>
<createdTime>2017-07-04 21:07:02 UTC</createdTime>
<ownerDesignName>higia</ownerDesignName>
<privileges>DELETE, INSERT, SELECT, UPDATE</privileges>
<table>1C276017-0D76-4170-B756-7B4EF226DFFB</table>
</Permission>
<Permission class="oracle.dbtools.crest.model.design.storage.oracle.v10g.PermissionsOraclev10g" name="Permissions8" id="361F1835-B750-52BE-79D3-C039808F064A">
<createdBy>labbe</createdBy>
<createdTime>2017-07-04 21:07:02 UTC</createdTime>
<ownerDesignName>higia</ownerDesignName>
<privileges>SELECT</privileges>
<sequence>9F83CE82-2979-8CEB-9A55-E18C0263A0FD</sequence>
</Permission>
<Permission class="oracle.dbtools.crest.model.design.storage.oracle.v10g.PermissionsOraclev10g" name="Permissions81" id="9AD27F32-FFA9-6205-354E-4D10935FB381">
<createdBy>labbe</createdBy>
<createdTime>2017-07-04 21:07:02 UTC</createdTime>
<ownerDesignName>higia</ownerDesignName>
<privileges>DELETE, INSERT, SELECT, UPDATE</privileges>
<table>D1546C43-EAE1-9277-A7F7-3AAA34F51615</table>
</Permission>
<Permission class="oracle.dbtools.crest.model.design.storage.oracle.v10g.PermissionsOraclev10g" name="Permissions83" id="D3833C8E-63CB-ECE2-139A-1238825AA5EA">
<createdBy>labbe</createdBy>
<createdTime>2017-07-04 21:07:02 UTC</createdTime>
<ownerDesignName>higia</ownerDesignName>
<privileges>DELETE, INSERT, SELECT, UPDATE</privileges>
<table>452B4AA6-5293-B151-A5D6-00EF4308D6DD</table>
</Permission>
<Permission class="oracle.dbtools.crest.model.design.storage.oracle.v10g.PermissionsOraclev10g" name="Permissions84" id="1D4BE40C-0E61-781F-A034-46856B4BB966">
<createdBy>labbe</createdBy>
<createdTime>2017-07-04 21:07:02 UTC</createdTime>
<ownerDesignName>higia</ownerDesignName>
<privileges>DELETE, INSERT, SELECT, UPDATE</privileges>
<table>624F15CC-948B-E196-9AB1-1B5BCC1B1F44</table>
</Permission>
<Permission class="oracle.dbtools.crest.model.design.storage.oracle.v10g.PermissionsOraclev10g" name="Permissions85" id="9DF07745-C481-1137-D22D-B8CE0690B4BD">
<createdBy>labbe</createdBy>
<createdTime>2017-07-04 21:07:02 UTC</createdTime>
<ownerDesignName>higia</ownerDesignName>
<privileges>DELETE, INSERT, SELECT, UPDATE</privileges>
<table>9F05242D-A557-44AD-ADA4-7A4871C6F137</table>
</Permission>
<Permission class="oracle.dbtools.crest.model.design.storage.oracle.v10g.PermissionsOraclev10g" name="Permissions86" id="C71A7310-E7B2-321A-50AD-B9C740522D76">
<createdBy>labbe</createdBy>
<createdTime>2017-07-04 21:07:02 UTC</createdTime>
<ownerDesignName>higia</ownerDesignName>
<privileges>DELETE, INSERT, SELECT, UPDATE</privileges>
<table>206E9F18-A240-0FD2-2DCE-5DA543B96198</table>
</Permission>
<Permission class="oracle.dbtools.crest.model.design.storage.oracle.v10g.PermissionsOraclev10g" name="Permissions87" id="B327B5F7-EC5F-E9EF-9E52-0F5989075B8E">
<createdBy>labbe</createdBy>
<createdTime>2017-07-04 21:07:02 UTC</createdTime>
<ownerDesignName>higia</ownerDesignName>
<privileges>DELETE, INSERT, SELECT, UPDATE</privileges>
<table>A335D726-F516-89ED-6494-4D43F0A7AA43</table>
</Permission>
<Permission class="oracle.dbtools.crest.model.design.storage.oracle.v10g.PermissionsOraclev10g" name="Permissions88" id="C2DB8894-08B1-7566-8ABA-042FC73F7EE2">
<createdBy>labbe</createdBy>
<createdTime>2017-07-04 21:07:02 UTC</createdTime>
<ownerDesignName>higia</ownerDesignName>
<privileges>DELETE, INSERT, SELECT, UPDATE</privileges>
<table>D4C77362-7CA4-2734-46E1-E2E56D91A147</table>
</Permission>
<Permission class="oracle.dbtools.crest.model.design.storage.oracle.v10g.PermissionsOraclev10g" name="Permissions89" id="901D2144-2C4D-496D-1138-95A7B821B1C3">
<createdBy>labbe</createdBy>
<createdTime>2017-07-04 21:07:02 UTC</createdTime>
<ownerDesignName>higia</ownerDesignName>
<privileges>DELETE, INSERT, SELECT, UPDATE</privileges>
<table>8C49A542-0D9D-1687-93DA-E49E3A64E6C7</table>
</Permission>
<Permission class="oracle.dbtools.crest.model.design.storage.oracle.v10g.PermissionsOraclev10g" name="Permissions9" id="38652BE6-C0BD-AD9C-B3B0-3BC03234ED57">
<createdBy>labbe</createdBy>
<createdTime>2017-07-04 21:07:02 UTC</createdTime>
<ownerDesignName>higia</ownerDesignName>
<privileges>SELECT</privileges>
<sequence>50573330-137C-A0F4-1232-C2EFA39C5219</sequence>
</Permission>
<Permission class="oracle.dbtools.crest.model.design.storage.oracle.v10g.PermissionsOraclev10g" name="Permissions90" id="02CA14E3-7484-19C2-2EFB-517AD96E1386">
<createdBy>labbe</createdBy>
<createdTime>2017-07-04 21:07:02 UTC</createdTime>
<ownerDesignName>higia</ownerDesignName>
<privileges>DELETE, INSERT, SELECT, UPDATE</privileges>
<table>67986421-E0EC-CC0B-2469-29984A7B6AE8</table>
</Permission>
<Permission class="oracle.dbtools.crest.model.design.storage.oracle.v10g.PermissionsOraclev10g" name="Permissions91" id="B430FC38-4254-A8A5-6B13-57EC660B4861">
<createdBy>labbe</createdBy>
<createdTime>2017-07-04 21:07:02 UTC</createdTime>
<ownerDesignName>higia</ownerDesignName>
<privileges>DELETE, INSERT, SELECT, UPDATE</privileges>
<table>A23516EC-6019-3345-855F-612E23623769</table>
</Permission>
<Permission class="oracle.dbtools.crest.model.design.storage.oracle.v10g.PermissionsOraclev10g" name="Permissions92" id="3D24B274-E965-EB5F-B581-3527CC69126C">
<createdBy>labbe</createdBy>
<createdTime>2017-07-04 21:07:02 UTC</createdTime>
<ownerDesignName>higia</ownerDesignName>
<privileges>DELETE, INSERT, SELECT, UPDATE</privileges>
<table>DCF6C682-73E9-313A-B1C7-2857CC896187</table>
</Permission>
<Permission class="oracle.dbtools.crest.model.design.storage.oracle.v10g.PermissionsOraclev10g" name="Permissions93" id="A1F7A6F4-B037-F6CF-E0F7-5DAF62BBEB8A">
<createdBy>labbe</createdBy>
<createdTime>2017-07-04 21:07:02 UTC</createdTime>
<ownerDesignName>higia</ownerDesignName>
<privileges>DELETE, INSERT, SELECT, UPDATE</privileges>
<table>56A6348B-4143-1659-3A62-DA91EB84D45B</table>
</Permission>
<Permission class="oracle.dbtools.crest.model.design.storage.oracle.v10g.PermissionsOraclev10g" name="Permissions94" id="AB4D2A9A-C465-5F08-7999-CA8AEC2AD973">
<createdBy>labbe</createdBy>
<createdTime>2017-07-04 21:07:02 UTC</createdTime>
<ownerDesignName>higia</ownerDesignName>
<privileges>DELETE, INSERT, SELECT, UPDATE</privileges>
<table>43AC8F77-51F5-D520-AC99-48DB3EB8A598</table>
</Permission>
<Permission class="oracle.dbtools.crest.model.design.storage.oracle.v10g.PermissionsOraclev10g" name="Permissions95" id="5381DC4E-EE7D-377B-D014-199539CD52E1">
<createdBy>labbe</createdBy>
<createdTime>2017-07-04 21:07:02 UTC</createdTime>
<ownerDesignName>higia</ownerDesignName>
<privileges>DELETE, INSERT, SELECT, UPDATE</privileges>
<table>43D9A42A-2032-4ABF-8BB1-692A711357BE</table>
</Permission>
<Permission class="oracle.dbtools.crest.model.design.storage.oracle.v10g.PermissionsOraclev10g" name="Permissions96" id="A215B46E-2896-52A2-2382-B579116C2CC3">
<createdBy>labbe</createdBy>
<createdTime>2017-07-04 21:07:02 UTC</createdTime>
<ownerDesignName>higia</ownerDesignName>
<privileges>DELETE, INSERT, SELECT, UPDATE</privileges>
<table>B8C248D4-E6EB-CC59-04E6-90B9E116C970</table>
</Permission>
<Permission class="oracle.dbtools.crest.model.design.storage.oracle.v10g.PermissionsOraclev10g" name="Permissions98" id="08032421-8D15-50BF-08EA-454C32FB2855">
<createdBy>labbe</createdBy>
<createdTime>2017-07-04 21:07:02 UTC</createdTime>
<ownerDesignName>higia</ownerDesignName>
<privileges>DELETE, INSERT, SELECT, UPDATE</privileges>
<table>9246C847-B646-71A0-4F06-57EF7B6AE60A</table>
</Permission>
</permissions>
</RoleOraclev10g>