<?xml version = '1.0' encoding = 'UTF-8'?>
<RoleOraclev10g class="oracle.dbtools.crest.model.design.storage.oracle.v10g.RoleOraclev10g" name="SERVICO_BENEFICIARIO" directorySegmentName="seg_0" id="A0BF011F-26BF-056D-F300-4BA9E9899F68">
<sourceConnName>HIGIA_DEV.CONTRATO</sourceConnName>
<sourceObjName>SERVICO_BENEFICIARIO</sourceObjName>
<createdBy>labbe</createdBy>
<createdTime>2017-06-28 17:55:42 UTC</createdTime>
<ownerDesignName>higia</ownerDesignName>
<permissions>
<Permission class="oracle.dbtools.crest.model.design.storage.oracle.v10g.PermissionsOraclev10g" name="Permissions126" id="AE63C177-E773-D031-04CC-5BA2825064A2">
<createdBy>labbe</createdBy>
<createdTime>2017-07-04 21:07:02 UTC</createdTime>
<ownerDesignName>higia</ownerDesignName>
<privileges>SELECT</privileges>
<table>00BDE256-FF03-876C-38D4-6084CCA1D075</table>
</Permission>
<Permission class="oracle.dbtools.crest.model.design.storage.oracle.v10g.PermissionsOraclev10g" name="Permissions75" id="FA8A58B8-7902-5C15-317B-33788E0AA1DE">
<createdBy>labbe</createdBy>
<createdTime>2017-07-04 21:07:02 UTC</createdTime>
<ownerDesignName>higia</ownerDesignName>
<privileges>SELECT</privileges>
<table>CECE11A5-FBEC-D89B-98F8-C3232F8015AC</table>
</Permission>
<Permission class="oracle.dbtools.crest.model.design.storage.oracle.v10g.PermissionsOraclev10g" name="Permissions82" id="34D78623-0FEB-79DB-CBC0-B7403AC4F32F">
<createdBy>labbe</createdBy>
<createdTime>2017-07-04 21:07:02 UTC</createdTime>
<ownerDesignName>higia</ownerDesignName>
<privileges>SELECT</privileges>
<table>D1546C43-EAE1-9277-A7F7-3AAA34F51615</table>
</Permission>
<Permission class="oracle.dbtools.crest.model.design.storage.oracle.v10g.PermissionsOraclev10g" name="Permissions99" id="943D2FF3-970D-6DA9-8D19-94EACB20C988">
<createdBy>labbe</createdBy>
<createdTime>2017-07-04 21:07:02 UTC</createdTime>
<ownerDesignName>higia</ownerDesignName>
<privileges>SELECT</privileges>
<table>9246C847-B646-71A0-4F06-57EF7B6AE60A</table>
</Permission>
</permissions>
</RoleOraclev10g>