<?xml version = '1.0' encoding = 'UTF-8'?>
<RoleOraclev10g class="oracle.dbtools.crest.model.design.storage.oracle.v10g.RoleOraclev10g" name="SERVICO_EMPRESA" directorySegmentName="seg_0" id="B5A33EFD-2663-4000-2980-4EE5F9CFA9FA">
<sourceConnName>HIGIA_DEV.CONTRATO</sourceConnName>
<sourceObjName>SERVICO_EMPRESA</sourceObjName>
<createdBy>labbe</createdBy>
<createdTime>2017-06-28 17:55:42 UTC</createdTime>
<ownerDesignName>higia</ownerDesignName>
<permissions>
<Permission class="oracle.dbtools.crest.model.design.storage.oracle.v10g.PermissionsOraclev10g" name="Permissions132" id="B799C728-84A0-865D-EF95-0677A7B6DFC5">
<createdBy>labbe</createdBy>
<createdTime>2017-07-04 21:07:02 UTC</createdTime>
<ownerDesignName>higia</ownerDesignName>
<privileges>SELECT</privileges>
<table>4639FDA2-0339-FA9C-7180-7DA531192B4F</table>
</Permission>
<Permission class="oracle.dbtools.crest.model.design.storage.oracle.v10g.PermissionsOraclev10g" name="Permissions72" id="6343F262-14A2-7638-76F5-4036C30725B5">
<createdBy>labbe</createdBy>
<createdTime>2017-07-04 21:07:02 UTC</createdTime>
<ownerDesignName>higia</ownerDesignName>
<privileges>SELECT</privileges>
<table>CECE11A5-FBEC-D89B-98F8-C3232F8015AC</table>
</Permission>
</permissions>
</RoleOraclev10g>