<?xml version = '1.0' encoding = 'UTF-8'?>
<SynonymOraclev10g class="oracle.dbtools.crest.model.design.storage.oracle.v10g.SynonymOraclev10g" name="HT_COBRANCA_ENDERECO" directorySegmentName="seg_0" id="1E0D16FA-49C1-0FCC-2FCC-A9B0D095E0C6">
<sourceConnName>HIGIA_DEV.ENDERECO</sourceConnName>
<sourceObjSchema>PUBLIC</sourceObjSchema>
<sourceObjName>HT_COBRANCA_ENDERECO</sourceObjName>
<createdBy>labbe</createdBy>
<createdTime>2017-06-28 18:28:40 UTC</createdTime>
<ownerDesignName>higia</ownerDesignName>
<object>HT_COBRANCA_ENDERECO</object>
<objectUser>7736E6F4-2849-56D9-71B9-657642C40FBD</objectUser>
<public>YES</public>
<referredObjectID>3E406F43-5ED0-4F4A-620E-4A65FB28ABEA</referredObjectID>
</SynonymOraclev10g>