<?xml version = '1.0' encoding = 'UTF-8'?>
<SynonymOraclev10g class="oracle.dbtools.crest.model.design.storage.oracle.v10g.SynonymOraclev10g" name="LOG_VAR_LOG" directorySegmentName="seg_0" id="2FCB8606-CDF1-B003-4858-D44005EB650A">
<sourceConnName>HIGIA_DEV.ENDERECO</sourceConnName>
<sourceObjSchema>PUBLIC</sourceObjSchema>
<sourceObjName>LOG_VAR_LOG</sourceObjName>
<createdBy>labbe</createdBy>
<createdTime>2017-06-28 18:28:40 UTC</createdTime>
<ownerDesignName>higia</ownerDesignName>
<object>LOG_VAR_LOG</object>
<objectUser>7736E6F4-2849-56D9-71B9-657642C40FBD</objectUser>
<public>YES</public>
<referredObjectID>8E65C5FB-4BD0-E34E-2FBE-AF211CE23118</referredObjectID>
</SynonymOraclev10g>