<?xml version = '1.0' encoding = 'UTF-8'?>
<SynonymOraclev10g class="oracle.dbtools.crest.model.design.storage.oracle.v10g.SynonymOraclev10g" name="LOG_FAIXA_BAIRRO" directorySegmentName="seg_0" id="41E5740C-1E38-3E8A-96E2-67049F356E0E">
<sourceConnName>HIGIA_DEV.ENDERECO</sourceConnName>
<sourceObjSchema>PUBLIC</sourceObjSchema>
<sourceObjName>LOG_FAIXA_BAIRRO</sourceObjName>
<createdBy>labbe</createdBy>
<createdTime>2017-06-28 18:28:40 UTC</createdTime>
<ownerDesignName>higia</ownerDesignName>
<object>LOG_FAIXA_BAIRRO</object>
<objectUser>7736E6F4-2849-56D9-71B9-657642C40FBD</objectUser>
<public>YES</public>
<referredObjectID>2F08A12E-9D7C-BBF6-26CD-87337CCD64C6</referredObjectID>
</SynonymOraclev10g>