<?xml version = '1.0' encoding = 'UTF-8'?>
<SynonymOraclev10g class="oracle.dbtools.crest.model.design.storage.oracle.v10g.SynonymOraclev10g" name="ECT_PAIS" directorySegmentName="seg_0" id="4FB0751E-5B14-D0E8-8246-1D40324A67F3">
<sourceConnName>HIGIA_DEV.ENDERECO</sourceConnName>
<sourceObjSchema>PUBLIC</sourceObjSchema>
<sourceObjName>ECT_PAIS</sourceObjName>
<createdBy>labbe</createdBy>
<createdTime>2017-06-28 18:28:40 UTC</createdTime>
<ownerDesignName>higia</ownerDesignName>
<object>ECT_PAIS</object>
<objectUser>7736E6F4-2849-56D9-71B9-657642C40FBD</objectUser>
<public>YES</public>
<referredObjectID>EF9FFDFD-C263-5090-47B6-002A9EB40586</referredObjectID>
</SynonymOraclev10g>