<?xml version = '1.0' encoding = 'UTF-8'?>
<SynonymOraclev10g class="oracle.dbtools.crest.model.design.storage.oracle.v10g.SynonymOraclev10g" name="USUARIO_SF_ENDERECO" directorySegmentName="seg_0" id="6C93727F-AB50-1FB4-EB6A-E12522A39B03">
<sourceConnName>HIGIA_DEV.ENDERECO</sourceConnName>
<sourceObjSchema>PUBLIC</sourceObjSchema>
<sourceObjName>USUARIO_SF_ENDERECO</sourceObjName>
<createdBy>labbe</createdBy>
<createdTime>2017-06-28 18:28:40 UTC</createdTime>
<ownerDesignName>higia</ownerDesignName>
<object>USUARIO_SF_ENDERECO</object>
<objectUser>7736E6F4-2849-56D9-71B9-657642C40FBD</objectUser>
<public>YES</public>
<referredObjectID>6F1C9649-B0CE-6E1E-262A-F17080573AC4</referredObjectID>
</SynonymOraclev10g>