<?xml version = '1.0' encoding = 'UTF-8'?>
<SynonymOraclev10g class="oracle.dbtools.crest.model.design.storage.oracle.v10g.SynonymOraclev10g" name="LOG_LOCALIDADE" directorySegmentName="seg_0" id="8184662F-0908-1200-6457-F9D48F001649">
<sourceConnName>HIGIA_DEV.ENDERECO</sourceConnName>
<sourceObjSchema>PUBLIC</sourceObjSchema>
<sourceObjName>LOG_LOCALIDADE</sourceObjName>
<createdBy>labbe</createdBy>
<createdTime>2017-06-28 18:28:40 UTC</createdTime>
<ownerDesignName>higia</ownerDesignName>
<object>LOG_LOCALIDADE</object>
<objectUser>7736E6F4-2849-56D9-71B9-657642C40FBD</objectUser>
<public>YES</public>
<referredObjectID>0EFF47C0-9DFD-F9C5-F8E7-8127301AB20D</referredObjectID>
</SynonymOraclev10g>