<?xml version = '1.0' encoding = 'UTF-8'?>
<SynonymOraclev10g class="oracle.dbtools.crest.model.design.storage.oracle.v10g.SynonymOraclev10g" name="HT_USUARIO_SF_ENDERECO" directorySegmentName="seg_0" id="8E1324A9-9C14-3C72-7F71-98D2B3041E5A">
<sourceConnName>HIGIA_DEV.ENDERECO</sourceConnName>
<sourceObjSchema>PUBLIC</sourceObjSchema>
<sourceObjName>HT_USUARIO_SF_ENDERECO</sourceObjName>
<createdBy>labbe</createdBy>
<createdTime>2017-06-28 18:28:40 UTC</createdTime>
<ownerDesignName>higia</ownerDesignName>
<object>HT_USUARIO_SF_ENDERECO</object>
<objectUser>7736E6F4-2849-56D9-71B9-657642C40FBD</objectUser>
<public>YES</public>
<referredObjectID>43B6A34C-0F38-9E41-1E8B-344563739171</referredObjectID>
</SynonymOraclev10g>