<?xml version = '1.0' encoding = 'UTF-8'?>
<SynonymOraclev10g class="oracle.dbtools.crest.model.design.storage.oracle.v10g.SynonymOraclev10g" name="LOG_FAIXA_LOCALIDADE" directorySegmentName="seg_0" id="C89435AF-EC05-9193-78E8-906F4970C74E">
<sourceConnName>HIGIA_DEV.ENDERECO</sourceConnName>
<sourceObjSchema>PUBLIC</sourceObjSchema>
<sourceObjName>LOG_FAIXA_LOCALIDADE</sourceObjName>
<createdBy>labbe</createdBy>
<createdTime>2017-06-28 18:28:40 UTC</createdTime>
<ownerDesignName>higia</ownerDesignName>
<object>LOG_FAIXA_LOCALIDADE</object>
<objectUser>7736E6F4-2849-56D9-71B9-657642C40FBD</objectUser>
<public>YES</public>
<referredObjectID>739CEE90-1A85-FEB7-2C91-4820783FEDFD</referredObjectID>
</SynonymOraclev10g>