<?xml version = '1.0' encoding = 'UTF-8'?>
<TableProxyOraclev12c class="oracle.dbtools.crest.model.design.storage.oracle.v12c.TableProxyOraclev12c" name="BANCO" directorySegmentName="seg_0" id="1419D54F-BB37-4035-1F78-1DA49EEDD6F5">
<createdBy>labbe</createdBy>
<createdTime>2017-06-28 18:04:51 UTC</createdTime>
<ownerDesignName>higia</ownerDesignName>
<schemaObject>72384F93-8CCD-F9D8-FFD6-CFA26CE5980E</schemaObject>
<logging>YES</logging>
<partitionedRowMovement>DISABLE</partitionedRowMovement>
<segment>D7A15335-7BB9-C033-CE1E-581CF3CC1FBB</segment>
<tableSpace>1102D2CC-C516-81A3-6AEE-F07394FC89E3</tableSpace>
<temporaryChanged>false</temporaryChanged>
<accessDriverType>oracle_loader</accessDriverType>
<rejectLimit></rejectLimit>
<inMemory>NO</inMemory>
<columnProxies itemClass="oracle.dbtools.crest.model.design.storage.oracle.v12c.ColumnProxyOraclev12c">
<ColumnProxy name="NM_BANCO" id="06F2896C-67E5-CB65-5159-88823D610D64">
<createdBy>labbe</createdBy>
<createdTime>2017-06-28 18:04:59 UTC</createdTime>
<ownerDesignName>higia</ownerDesignName>
</ColumnProxy>
<ColumnProxy name="NRO_BANCO" id="EB0B1B8C-45D8-E9FB-0653-5A98F88D7FF1">
<createdBy>labbe</createdBy>
<createdTime>2017-06-28 18:04:58 UTC</createdTime>
<ownerDesignName>higia</ownerDesignName>
</ColumnProxy>
<ColumnProxy name="COD_BANCO" id="FC46CFB6-9DC3-2C2D-3DFC-59B0C84CA927">
<createdBy>labbe</createdBy>
<createdTime>2017-06-28 18:04:58 UTC</createdTime>
<ownerDesignName>higia</ownerDesignName>
</ColumnProxy>
</columnProxies>
<indexProxies>
<IndexProxy class="oracle.dbtools.crest.model.design.storage.oracle.v10g.IndexProxyOraclev10g" name="PK_BANCO" id="32744066-D2BE-10FB-0A1B-24B98BD9A2A7">
<createdBy>labbe</createdBy>
<createdTime>2017-06-28 18:05:15 UTC</createdTime>
<ownerDesignName>higia</ownerDesignName>
<schemaObject>72384F93-8CCD-F9D8-FFD6-CFA26CE5980E</schemaObject>
<segment>B221C480-2D92-F7EB-78B3-87A44E50199E</segment>
<tableSpace>1102D2CC-C516-81A3-6AEE-F07394FC89E3</tableSpace>
</IndexProxy>
<IndexProxy class="oracle.dbtools.crest.model.design.storage.oracle.v10g.IndexProxyOraclev10g" name="UN_BANCO_2" id="3D582009-71CD-094A-0B4E-7447F27B506B">
<createdBy>labbe</createdBy>
<createdTime>2017-06-28 18:05:15 UTC</createdTime>
<ownerDesignName>higia</ownerDesignName>
<schemaObject>72384F93-8CCD-F9D8-FFD6-CFA26CE5980E</schemaObject>
<segment>B221C480-2D92-F7EB-78B3-87A44E50199E</segment>
<tableSpace>1102D2CC-C516-81A3-6AEE-F07394FC89E3</tableSpace>
</IndexProxy>
<IndexProxy class="oracle.dbtools.crest.model.design.storage.oracle.v10g.IndexProxyOraclev10g" name="UN_BANCO_1" id="42F561A2-3E86-CC95-7B51-5CAFED8626EF">
<createdBy>labbe</createdBy>
<createdTime>2017-06-28 18:05:15 UTC</createdTime>
<ownerDesignName>higia</ownerDesignName>
<schemaObject>72384F93-8CCD-F9D8-FFD6-CFA26CE5980E</schemaObject>
<segment>B221C480-2D92-F7EB-78B3-87A44E50199E</segment>
<tableSpace>1102D2CC-C516-81A3-6AEE-F07394FC89E3</tableSpace>
</IndexProxy>
</indexProxies>
<synonyms>
<Synonym class="oracle.dbtools.crest.model.design.storage.oracle.v10g.SynonymOraclev10g" name="BANCO" directorySegmentName="seg_0" id="16F8E095-B38D-9BEA-81B0-8D83315A796D">
<sourceConnName>HIGIA_DEV.FATURAMENTO</sourceConnName>
<sourceObjSchema>PUBLIC</sourceObjSchema>
<sourceObjName>BANCO</sourceObjName>
<createdBy>labbe</createdBy>
<createdTime>2017-06-28 18:05:52 UTC</createdTime>
<ownerDesignName>higia</ownerDesignName>
<object>BANCO</object>
<objectUser>A5D8CB42-4695-E689-5AE6-33D1309388DF</objectUser>
<public>YES</public>
<referredObjectID>1419D54F-BB37-4035-1F78-1DA49EEDD6F5</referredObjectID>
</Synonym>
</synonyms>
<primaryKeys>
<PrimaryKey class="oracle.dbtools.crest.model.design.storage.oracle.v10g.PKProxyOraclev10g" name="PK_BANCO" id="77A8FFFE-C79C-6F4F-E1B4-C1FBCF87B82D">
<createdBy>labbe</createdBy>
<createdTime>2017-06-28 18:05:21 UTC</createdTime>
<ownerDesignName>higia</ownerDesignName>
<segment>B221C480-2D92-F7EB-78B3-87A44E50199E</segment>
<tableSpace>1102D2CC-C516-81A3-6AEE-F07394FC89E3</tableSpace>
<existingIndex>32744066-D2BE-10FB-0A1B-24B98BD9A2A7</existingIndex>
<indexSegment>B221C480-2D92-F7EB-78B3-87A44E50199E</indexSegment>
<indexSort>SORTED</indexSort>
<usingIndex>BY INDEX NAME</usingIndex>
</PrimaryKey>
</primaryKeys>
<uniqueKeys>
<UniqueKey class="oracle.dbtools.crest.model.design.storage.oracle.v10g.UniqueOraclev10g" name="UN_BANCO_1" id="088C5C7B-C661-46C7-969F-C29B0BAE09D9">
<createdBy>labbe</createdBy>
<createdTime>2017-06-28 18:05:21 UTC</createdTime>
<ownerDesignName>higia</ownerDesignName>
<segment>B221C480-2D92-F7EB-78B3-87A44E50199E</segment>
<tableSpace>1102D2CC-C516-81A3-6AEE-F07394FC89E3</tableSpace>
<existingIndex>42F561A2-3E86-CC95-7B51-5CAFED8626EF</existingIndex>
<indexSegment>B221C480-2D92-F7EB-78B3-87A44E50199E</indexSegment>
<indexSort>SORTED</indexSort>
<usingIndex>BY INDEX NAME</usingIndex>
</UniqueKey>
<UniqueKey class="oracle.dbtools.crest.model.design.storage.oracle.v10g.UniqueOraclev10g" name="UN_BANCO_2" id="C60778A6-8E2C-3B40-3D3E-C3123E54A451">
<createdBy>labbe</createdBy>
<createdTime>2017-06-28 18:05:22 UTC</createdTime>
<ownerDesignName>higia</ownerDesignName>
<segment>B221C480-2D92-F7EB-78B3-87A44E50199E</segment>
<tableSpace>1102D2CC-C516-81A3-6AEE-F07394FC89E3</tableSpace>
<existingIndex>3D582009-71CD-094A-0B4E-7447F27B506B</existingIndex>
<indexSegment>B221C480-2D92-F7EB-78B3-87A44E50199E</indexSegment>
<indexSort>SORTED</indexSort>
<usingIndex>BY INDEX NAME</usingIndex>
</UniqueKey>
</uniqueKeys>
</TableProxyOraclev12c>