<?xml version = '1.0' encoding = 'UTF-8'?>
<TableProxyOraclev12c class="oracle.dbtools.crest.model.design.storage.oracle.v12c.TableProxyOraclev12c" name="DADO_BANCARIO" directorySegmentName="seg_0" id="2471C8B6-AA1D-EDDA-F354-2C0BF3CF8B14">
<createdBy>labbe</createdBy>
<createdTime>2017-06-28 18:04:53 UTC</createdTime>
<ownerDesignName>higia</ownerDesignName>
<schemaObject>72384F93-8CCD-F9D8-FFD6-CFA26CE5980E</schemaObject>
<logging>YES</logging>
<partitionedRowMovement>DISABLE</partitionedRowMovement>
<segment>D7A15335-7BB9-C033-CE1E-581CF3CC1FBB</segment>
<tableSpace>1102D2CC-C516-81A3-6AEE-F07394FC89E3</tableSpace>
<temporaryChanged>false</temporaryChanged>
<accessDriverType>oracle_loader</accessDriverType>
<rejectLimit></rejectLimit>
<inMemory>NO</inMemory>
<columnProxies itemClass="oracle.dbtools.crest.model.design.storage.oracle.v12c.ColumnProxyOraclev12c">
<ColumnProxy name="COD_FATURAMENTO" id="111FC286-C2EE-9486-1F83-314706E307BB">
<createdBy>labbe</createdBy>
<createdTime>2017-06-28 18:05:04 UTC</createdTime>
<ownerDesignName>higia</ownerDesignName>
</ColumnProxy>
<ColumnProxy name="FL_VALIDO" id="6B892AA1-DDE2-C032-874D-02148F48C12A">
<createdBy>labbe</createdBy>
<createdTime>2017-06-28 18:05:04 UTC</createdTime>
<ownerDesignName>higia</ownerDesignName>
<defaultValue>&apos;N&apos;</defaultValue>
</ColumnProxy>
<ColumnProxy name="COD_DADO_BANCARIO" id="96C64E59-694F-2C1A-71E0-9EDCEA35F1DE">
<createdBy>labbe</createdBy>
<createdTime>2017-06-28 18:05:03 UTC</createdTime>
<ownerDesignName>higia</ownerDesignName>
</ColumnProxy>
<ColumnProxy name="COD_CONTA_CORRENTE" id="A813BF3B-4A57-378D-D52A-22276DB9BAE4">
<createdBy>labbe</createdBy>
<createdTime>2017-06-28 18:05:04 UTC</createdTime>
<ownerDesignName>higia</ownerDesignName>
</ColumnProxy>
<ColumnProxy name="COD_STATUS_CADASTRO" id="BFCD2C2B-F774-8B64-CDB4-B448A11F2F92">
<createdBy>labbe</createdBy>
<createdTime>2017-06-28 18:05:04 UTC</createdTime>
<ownerDesignName>higia</ownerDesignName>
<defaultValue>1</defaultValue>
</ColumnProxy>
<ColumnProxy name="TP_DADO_BANCARIO" id="E7E0616F-1AED-2275-9788-5ACCECF50D8F">
<createdBy>labbe</createdBy>
<createdTime>2017-06-28 18:05:03 UTC</createdTime>
<ownerDesignName>higia</ownerDesignName>
</ColumnProxy>
</columnProxies>
<indexProxies>
<IndexProxy class="oracle.dbtools.crest.model.design.storage.oracle.v10g.IndexProxyOraclev10g" name="PK_DADO_BANCARIO" id="4A6BD8F2-48B5-70FB-B9CE-EBA29DD265C3">
<createdBy>labbe</createdBy>
<createdTime>2017-06-28 18:05:16 UTC</createdTime>
<ownerDesignName>higia</ownerDesignName>
<schemaObject>72384F93-8CCD-F9D8-FFD6-CFA26CE5980E</schemaObject>
<segment>B221C480-2D92-F7EB-78B3-87A44E50199E</segment>
<tableSpace>1102D2CC-C516-81A3-6AEE-F07394FC89E3</tableSpace>
</IndexProxy>
<IndexProxy class="oracle.dbtools.crest.model.design.storage.oracle.v10g.IndexProxyOraclev10g" name="UN_DADO_BANCARIO_1" id="A4419C0A-1566-E918-4D22-9141796B8FE8">
<createdBy>labbe</createdBy>
<createdTime>2017-06-28 18:05:16 UTC</createdTime>
<ownerDesignName>higia</ownerDesignName>
<schemaObject>72384F93-8CCD-F9D8-FFD6-CFA26CE5980E</schemaObject>
<segment>B221C480-2D92-F7EB-78B3-87A44E50199E</segment>
<tableSpace>1102D2CC-C516-81A3-6AEE-F07394FC89E3</tableSpace>
</IndexProxy>
</indexProxies>
<synonyms>
<Synonym class="oracle.dbtools.crest.model.design.storage.oracle.v10g.SynonymOraclev10g" name="DADO_BANCARIO" directorySegmentName="seg_0" id="7BF6F463-9A9B-8752-4690-8D92624A6906">
<sourceConnName>HIGIA_DEV.FATURAMENTO</sourceConnName>
<sourceObjSchema>PUBLIC</sourceObjSchema>
<sourceObjName>DADO_BANCARIO</sourceObjName>
<createdBy>labbe</createdBy>
<createdTime>2017-06-28 18:05:52 UTC</createdTime>
<ownerDesignName>higia</ownerDesignName>
<object>DADO_BANCARIO</object>
<objectUser>A5D8CB42-4695-E689-5AE6-33D1309388DF</objectUser>
<public>YES</public>
<referredObjectID>2471C8B6-AA1D-EDDA-F354-2C0BF3CF8B14</referredObjectID>
</Synonym>
</synonyms>
<foreignKeys>
<ForeignKey class="oracle.dbtools.crest.model.design.storage.oracle.v10g.FKProxyOraclev10g" name="FK_DADO_BANCARIO_1" id="15F1C7B6-5CC2-E0D4-52C5-45B3EFA30212">
<createdBy>labbe</createdBy>
<createdTime>2017-06-28 18:05:47 UTC</createdTime>
<ownerDesignName>higia</ownerDesignName>
</ForeignKey>
<ForeignKey class="oracle.dbtools.crest.model.design.storage.oracle.v10g.FKProxyOraclev10g" name="FK_DADO_BANCARIO_2" id="948E4CA4-F196-4264-EE51-02E635863458">
<createdBy>labbe</createdBy>
<createdTime>2017-06-28 18:05:47 UTC</createdTime>
<ownerDesignName>higia</ownerDesignName>
</ForeignKey>
</foreignKeys>
<primaryKeys>
<PrimaryKey class="oracle.dbtools.crest.model.design.storage.oracle.v10g.PKProxyOraclev10g" name="PK_DADO_BANCARIO" id="0C8C43CC-8996-2214-8341-F7093BE4E22F">
<createdBy>labbe</createdBy>
<createdTime>2017-06-28 18:05:29 UTC</createdTime>
<ownerDesignName>higia</ownerDesignName>
<segment>B221C480-2D92-F7EB-78B3-87A44E50199E</segment>
<tableSpace>1102D2CC-C516-81A3-6AEE-F07394FC89E3</tableSpace>
<existingIndex>4A6BD8F2-48B5-70FB-B9CE-EBA29DD265C3</existingIndex>
<indexSegment>B221C480-2D92-F7EB-78B3-87A44E50199E</indexSegment>
<indexSort>SORTED</indexSort>
<usingIndex>BY INDEX NAME</usingIndex>
</PrimaryKey>
</primaryKeys>
<uniqueKeys>
<UniqueKey class="oracle.dbtools.crest.model.design.storage.oracle.v10g.UniqueOraclev10g" name="UN_DADO_BANCARIO_1" id="F09C9991-56FD-1C26-DF9D-18358281167F">
<createdBy>labbe</createdBy>
<createdTime>2017-06-28 18:05:31 UTC</createdTime>
<ownerDesignName>higia</ownerDesignName>
<segment>B221C480-2D92-F7EB-78B3-87A44E50199E</segment>
<tableSpace>1102D2CC-C516-81A3-6AEE-F07394FC89E3</tableSpace>
<existingIndex>A4419C0A-1566-E918-4D22-9141796B8FE8</existingIndex>
<indexSegment>B221C480-2D92-F7EB-78B3-87A44E50199E</indexSegment>
<indexSort>SORTED</indexSort>
<usingIndex>BY INDEX NAME</usingIndex>
</UniqueKey>
</uniqueKeys>
</TableProxyOraclev12c>