<?xml version = '1.0' encoding = 'UTF-8'?>
<TableProxyOraclev12c class="oracle.dbtools.crest.model.design.storage.oracle.v12c.TableProxyOraclev12c" name="LAYOUT_BOLETO" directorySegmentName="seg_0" id="258A0F7F-BACC-1702-A6FC-29546666851F">
<createdBy>labbe</createdBy>
<createdTime>2017-06-28 18:04:54 UTC</createdTime>
<ownerDesignName>higia</ownerDesignName>
<schemaObject>72384F93-8CCD-F9D8-FFD6-CFA26CE5980E</schemaObject>
<logging>YES</logging>
<partitionedRowMovement>DISABLE</partitionedRowMovement>
<segment>D7A15335-7BB9-C033-CE1E-581CF3CC1FBB</segment>
<tableSpace>1102D2CC-C516-81A3-6AEE-F07394FC89E3</tableSpace>
<temporaryChanged>false</temporaryChanged>
<accessDriverType>oracle_loader</accessDriverType>
<rejectLimit></rejectLimit>
<inMemory>NO</inMemory>
<columnProxies itemClass="oracle.dbtools.crest.model.design.storage.oracle.v12c.ColumnProxyOraclev12c">
<ColumnProxy name="NM_LAYOUT_BOLETO" id="2E3CA728-9E3A-E3E5-BF4D-DFBA15FABD6A">
<createdBy>labbe</createdBy>
<createdTime>2017-06-28 18:05:09 UTC</createdTime>
<ownerDesignName>higia</ownerDesignName>
</ColumnProxy>
<ColumnProxy name="DSC_LAYOUT_BOLETO" id="32E9116D-7675-D1F9-0F6D-38C8BBF86DA7">
<createdBy>labbe</createdBy>
<createdTime>2017-06-28 18:05:09 UTC</createdTime>
<ownerDesignName>higia</ownerDesignName>
</ColumnProxy>
<ColumnProxy name="COD_LAYOUT_BOLETO" id="97B902C7-BF7F-0620-CB21-9728794BBEB4">
<createdBy>labbe</createdBy>
<createdTime>2017-06-28 18:05:09 UTC</createdTime>
<ownerDesignName>higia</ownerDesignName>
</ColumnProxy>
</columnProxies>
<indexProxies>
<IndexProxy class="oracle.dbtools.crest.model.design.storage.oracle.v10g.IndexProxyOraclev10g" name="PK_LAYOUT_BOLETO" id="A2125E6A-A25E-E0F7-2780-FBB8965C6057">
<createdBy>labbe</createdBy>
<createdTime>2017-06-28 18:05:16 UTC</createdTime>
<ownerDesignName>higia</ownerDesignName>
<schemaObject>72384F93-8CCD-F9D8-FFD6-CFA26CE5980E</schemaObject>
<segment>B221C480-2D92-F7EB-78B3-87A44E50199E</segment>
<tableSpace>1102D2CC-C516-81A3-6AEE-F07394FC89E3</tableSpace>
</IndexProxy>
<IndexProxy class="oracle.dbtools.crest.model.design.storage.oracle.v10g.IndexProxyOraclev10g" name="UN_LAYOUT_BOLETO_1" id="A2ACF376-3EA5-05D6-A5CD-EF8575B1B5E9">
<createdBy>labbe</createdBy>
<createdTime>2017-06-28 18:05:16 UTC</createdTime>
<ownerDesignName>higia</ownerDesignName>
<schemaObject>72384F93-8CCD-F9D8-FFD6-CFA26CE5980E</schemaObject>
<segment>B221C480-2D92-F7EB-78B3-87A44E50199E</segment>
<tableSpace>1102D2CC-C516-81A3-6AEE-F07394FC89E3</tableSpace>
</IndexProxy>
</indexProxies>
<synonyms>
<Synonym class="oracle.dbtools.crest.model.design.storage.oracle.v10g.SynonymOraclev10g" name="LAYOUT_BOLETO" directorySegmentName="seg_0" id="7A20CFAC-6ED6-4188-658D-12E63045F4C4">
<sourceConnName>HIGIA_DEV.FATURAMENTO</sourceConnName>
<sourceObjSchema>PUBLIC</sourceObjSchema>
<sourceObjName>LAYOUT_BOLETO</sourceObjName>
<createdBy>labbe</createdBy>
<createdTime>2017-06-28 18:05:52 UTC</createdTime>
<ownerDesignName>higia</ownerDesignName>
<object>LAYOUT_BOLETO</object>
<objectUser>A5D8CB42-4695-E689-5AE6-33D1309388DF</objectUser>
<public>YES</public>
<referredObjectID>258A0F7F-BACC-1702-A6FC-29546666851F</referredObjectID>
</Synonym>
</synonyms>
<primaryKeys>
<PrimaryKey class="oracle.dbtools.crest.model.design.storage.oracle.v10g.PKProxyOraclev10g" name="PK_LAYOUT_BOLETO" id="7147758A-44F3-472B-E971-F5E8F0584AA8">
<createdBy>labbe</createdBy>
<createdTime>2017-06-28 18:05:38 UTC</createdTime>
<ownerDesignName>higia</ownerDesignName>
<segment>B221C480-2D92-F7EB-78B3-87A44E50199E</segment>
<tableSpace>1102D2CC-C516-81A3-6AEE-F07394FC89E3</tableSpace>
<existingIndex>A2125E6A-A25E-E0F7-2780-FBB8965C6057</existingIndex>
<indexSegment>B221C480-2D92-F7EB-78B3-87A44E50199E</indexSegment>
<indexSort>SORTED</indexSort>
<usingIndex>BY INDEX NAME</usingIndex>
</PrimaryKey>
</primaryKeys>
<uniqueKeys>
<UniqueKey class="oracle.dbtools.crest.model.design.storage.oracle.v10g.UniqueOraclev10g" name="UN_LAYOUT_BOLETO_1" id="1F2A36E9-AE98-B694-571B-CB0A7A5FA421">
<createdBy>labbe</createdBy>
<createdTime>2017-06-28 18:05:39 UTC</createdTime>
<ownerDesignName>higia</ownerDesignName>
<segment>B221C480-2D92-F7EB-78B3-87A44E50199E</segment>
<tableSpace>1102D2CC-C516-81A3-6AEE-F07394FC89E3</tableSpace>
<existingIndex>A2ACF376-3EA5-05D6-A5CD-EF8575B1B5E9</existingIndex>
<indexSegment>B221C480-2D92-F7EB-78B3-87A44E50199E</indexSegment>
<indexSort>SORTED</indexSort>
<usingIndex>BY INDEX NAME</usingIndex>
</UniqueKey>
</uniqueKeys>
</TableProxyOraclev12c>