<?xml version = '1.0' encoding = 'UTF-8'?>
<TableProxyOraclev12c class="oracle.dbtools.crest.model.design.storage.oracle.v12c.TableProxyOraclev12c" name="ACRESCIMO_DESCONTO" directorySegmentName="seg_0" id="4CCB1D67-A436-9DAC-4FCA-3552610A3192">
<createdBy>labbe</createdBy>
<createdTime>2017-06-28 18:04:50 UTC</createdTime>
<ownerDesignName>higia</ownerDesignName>
<schemaObject>72384F93-8CCD-F9D8-FFD6-CFA26CE5980E</schemaObject>
<logging>YES</logging>
<partitionedRowMovement>DISABLE</partitionedRowMovement>
<segment>D7A15335-7BB9-C033-CE1E-581CF3CC1FBB</segment>
<tableSpace>1102D2CC-C516-81A3-6AEE-F07394FC89E3</tableSpace>
<temporaryChanged>false</temporaryChanged>
<accessDriverType>oracle_loader</accessDriverType>
<rejectLimit></rejectLimit>
<inMemory>NO</inMemory>
<columnProxies itemClass="oracle.dbtools.crest.model.design.storage.oracle.v12c.ColumnProxyOraclev12c">
<ColumnProxy name="COD_USUARIO_SF" id="047FC1CF-DE0A-2A8C-9686-47F7392C0A73">
<createdBy>labbe</createdBy>
<createdTime>2017-06-28 18:04:57 UTC</createdTime>
<ownerDesignName>higia</ownerDesignName>
</ColumnProxy>
<ColumnProxy name="VLR_ACRESCIMO_DESCONTO" id="17B068A1-7CF1-46DC-C107-4CFBB0C9C68F">
<createdBy>labbe</createdBy>
<createdTime>2017-06-28 18:04:57 UTC</createdTime>
<ownerDesignName>higia</ownerDesignName>
<nncEnable>NO</nncEnable>
<nncValidate>NO</nncValidate>
</ColumnProxy>
<ColumnProxy name="COD_ACRESCIMO_DESCONTO" id="2DF0EFE1-B99D-B6B0-C4E2-A83F1B1B604E">
<createdBy>labbe</createdBy>
<createdTime>2017-06-28 18:04:56 UTC</createdTime>
<ownerDesignName>higia</ownerDesignName>
</ColumnProxy>
<ColumnProxy name="COD_FATURAMENTO" id="44A3DC54-A3BF-070F-CC6E-CEC7E68A940F">
<createdBy>labbe</createdBy>
<createdTime>2017-06-28 18:04:56 UTC</createdTime>
<ownerDesignName>higia</ownerDesignName>
</ColumnProxy>
<ColumnProxy name="COD_USUARIO_RESP" id="44E56F5B-4071-0C5C-A3AD-3444CE30C4F7">
<createdBy>labbe</createdBy>
<createdTime>2017-06-28 18:04:58 UTC</createdTime>
<ownerDesignName>higia</ownerDesignName>
</ColumnProxy>
<ColumnProxy name="DSC_JUSTIFICATIVA" id="471379F3-1DEE-A0F0-B01B-C09208527BD7">
<createdBy>labbe</createdBy>
<createdTime>2017-07-18 14:03:08 UTC</createdTime>
<ownerDesignName>higia</ownerDesignName>
</ColumnProxy>
<ColumnProxy name="DSC_CENTRO_CUSTO" id="57821B88-0B91-41F5-7AAB-C1B1762CD591">
<createdBy>labbe</createdBy>
<createdTime>2017-06-28 18:04:58 UTC</createdTime>
<ownerDesignName>higia</ownerDesignName>
<nncEnable>NO</nncEnable>
<nncValidate>NO</nncValidate>
</ColumnProxy>
<ColumnProxy name="FL_TODO_CONTRATO" id="65E4DEF7-4837-0BB1-74D6-97B881D72A4C">
<createdBy>labbe</createdBy>
<createdTime>2017-06-28 18:04:57 UTC</createdTime>
<ownerDesignName>higia</ownerDesignName>
</ColumnProxy>
<ColumnProxy name="TP_ACRESCIMO_DESCONTO" id="94B4423A-9BC1-7EF2-E4CA-6867CB57E23C">
<createdBy>labbe</createdBy>
<createdTime>2017-06-28 18:04:56 UTC</createdTime>
<ownerDesignName>higia</ownerDesignName>
</ColumnProxy>
<ColumnProxy name="DT_FINAL" id="ABE5BF91-F38C-219F-B162-2C672007D2CA">
<createdBy>labbe</createdBy>
<createdTime>2017-06-28 18:04:57 UTC</createdTime>
<ownerDesignName>higia</ownerDesignName>
</ColumnProxy>
<ColumnProxy name="COD_PUBLICO_ACRESCIMO_DESCONTO" id="AD07EFFC-4738-B0CB-F041-B598B8234E91">
<createdBy>labbe</createdBy>
<createdTime>2017-08-14 14:34:34 UTC</createdTime>
<ownerDesignName>higia</ownerDesignName>
</ColumnProxy>
<ColumnProxy name="DT_INICIO" id="E1C7DEC5-F60C-E0B1-4FEC-337056C0B754">
<createdBy>labbe</createdBy>
<createdTime>2017-06-28 18:04:56 UTC</createdTime>
<ownerDesignName>higia</ownerDesignName>
<nncEnable>NO</nncEnable>
<nncValidate>NO</nncValidate>
</ColumnProxy>
<ColumnProxy name="COD_MOTIVO" id="E415CA5A-E22B-729E-9162-BA32F4BE29AC">
<createdBy>labbe</createdBy>
<createdTime>2017-06-28 18:04:57 UTC</createdTime>
<ownerDesignName>higia</ownerDesignName>
<nncEnable>NO</nncEnable>
<nncValidate>NO</nncValidate>
</ColumnProxy>
</columnProxies>
<synonyms>
<Synonym class="oracle.dbtools.crest.model.design.storage.oracle.v10g.SynonymOraclev10g" name="ACRESCIMO_DESCONTO" directorySegmentName="seg_0" id="6BC117E7-3D96-682E-993D-E0799DB4315A">
<sourceConnName>HIGIA_DEV.FATURAMENTO</sourceConnName>
<sourceObjSchema>PUBLIC</sourceObjSchema>
<sourceObjName>ACRESCIMO_DESCONTO</sourceObjName>
<createdBy>labbe</createdBy>
<createdTime>2017-06-28 18:05:52 UTC</createdTime>
<ownerDesignName>higia</ownerDesignName>
<object>ACRESCIMO_DESCONTO</object>
<objectUser>A5D8CB42-4695-E689-5AE6-33D1309388DF</objectUser>
<public>YES</public>
<referredObjectID>4CCB1D67-A436-9DAC-4FCA-3552610A3192</referredObjectID>
</Synonym>
</synonyms>
<foreignKeys>
<ForeignKey class="oracle.dbtools.crest.model.design.storage.oracle.v10g.FKProxyOraclev10g" name="FK_ACRESCIMO_DESCONTO_1" id="0D02817A-B7EF-5062-A1D5-9ADDEB65413C">
<createdBy>labbe</createdBy>
<createdTime>2017-06-28 18:05:47 UTC</createdTime>
<ownerDesignName>higia</ownerDesignName>
</ForeignKey>
<ForeignKey class="oracle.dbtools.crest.model.design.storage.oracle.v10g.FKProxyOraclev10g" name="FK_ACRESCIMO_DESCONTO_2" id="C3E51874-D222-A695-FC0C-323504F024C9">
<createdBy>labbe</createdBy>
<createdTime>2017-08-14 14:34:34 UTC</createdTime>
<ownerDesignName>higia</ownerDesignName>
</ForeignKey>
</foreignKeys>
</TableProxyOraclev12c>