<?xml version = '1.0' encoding = 'UTF-8'?>
<TableProxyOraclev12c class="oracle.dbtools.crest.model.design.storage.oracle.v12c.TableProxyOraclev12c" name="FATURAMENTO_HISTORICO" directorySegmentName="seg_0" id="78A6FDCE-0EE3-E91A-5FCA-78329301EFDD">
<createdBy>labbe</createdBy>
<createdTime>2017-06-28 18:04:53 UTC</createdTime>
<ownerDesignName>higia</ownerDesignName>
<schemaObject>72384F93-8CCD-F9D8-FFD6-CFA26CE5980E</schemaObject>
<logging>YES</logging>
<partitionedRowMovement>DISABLE</partitionedRowMovement>
<segment>D7A15335-7BB9-C033-CE1E-581CF3CC1FBB</segment>
<tableSpace>1102D2CC-C516-81A3-6AEE-F07394FC89E3</tableSpace>
<temporaryChanged>false</temporaryChanged>
<accessDriverType>oracle_loader</accessDriverType>
<rejectLimit></rejectLimit>
<inMemory>NO</inMemory>
<columnProxies itemClass="oracle.dbtools.crest.model.design.storage.oracle.v12c.ColumnProxyOraclev12c">
<ColumnProxy name="TP_SITUACAO" id="22EC34A2-A38B-421B-D6FB-60507763F3C2">
<createdBy>labbe</createdBy>
<createdTime>2017-06-28 18:05:08 UTC</createdTime>
<ownerDesignName>higia</ownerDesignName>
</ColumnProxy>
<ColumnProxy name="COD_FATURAMENTO" id="992CBBAC-D97D-087A-6267-FE2E3F3EED33">
<createdBy>labbe</createdBy>
<createdTime>2017-06-28 18:05:08 UTC</createdTime>
<ownerDesignName>higia</ownerDesignName>
</ColumnProxy>
<ColumnProxy name="VLR_FATURA" id="DFA378B4-B978-4362-ABB0-9F6C40ED41D5">
<createdBy>labbe</createdBy>
<createdTime>2017-06-28 18:05:08 UTC</createdTime>
<ownerDesignName>higia</ownerDesignName>
</ColumnProxy>
<ColumnProxy name="COD_FATURAMENTO_HISTORICO" id="E4AA3A8D-7A1E-D7E1-CC11-91C15558AA62">
<createdBy>labbe</createdBy>
<createdTime>2017-06-28 18:05:08 UTC</createdTime>
<ownerDesignName>higia</ownerDesignName>
</ColumnProxy>
<ColumnProxy name="DT_REFERENCIA" id="E7458307-77F7-65E0-1F9E-0F727D89CE64">
<createdBy>labbe</createdBy>
<createdTime>2017-06-28 18:05:08 UTC</createdTime>
<ownerDesignName>higia</ownerDesignName>
</ColumnProxy>
</columnProxies>
<indexProxies>
<IndexProxy class="oracle.dbtools.crest.model.design.storage.oracle.v10g.IndexProxyOraclev10g" name="PK_FATURAMENTO_HISTORICO" id="EA3BBE39-961D-0E39-DDE9-962870414C30">
<createdBy>labbe</createdBy>
<createdTime>2017-06-28 18:05:16 UTC</createdTime>
<ownerDesignName>higia</ownerDesignName>
<schemaObject>72384F93-8CCD-F9D8-FFD6-CFA26CE5980E</schemaObject>
<segment>B221C480-2D92-F7EB-78B3-87A44E50199E</segment>
<tableSpace>1102D2CC-C516-81A3-6AEE-F07394FC89E3</tableSpace>
</IndexProxy>
</indexProxies>
<synonyms>
<Synonym class="oracle.dbtools.crest.model.design.storage.oracle.v10g.SynonymOraclev10g" name="FATURAMENTO_HISTORICO" directorySegmentName="seg_0" id="DF69BC77-3F4A-8862-AC90-5A52D6DE73E8">
<sourceConnName>HIGIA_DEV.FATURAMENTO</sourceConnName>
<sourceObjSchema>PUBLIC</sourceObjSchema>
<sourceObjName>FATURAMENTO_HISTORICO</sourceObjName>
<createdBy>labbe</createdBy>
<createdTime>2017-06-28 18:05:52 UTC</createdTime>
<ownerDesignName>higia</ownerDesignName>
<object>FATURAMENTO_HISTORICO</object>
<objectUser>A5D8CB42-4695-E689-5AE6-33D1309388DF</objectUser>
<public>YES</public>
<referredObjectID>78A6FDCE-0EE3-E91A-5FCA-78329301EFDD</referredObjectID>
</Synonym>
</synonyms>
<foreignKeys>
<ForeignKey class="oracle.dbtools.crest.model.design.storage.oracle.v10g.FKProxyOraclev10g" name="FK_FATURAMENTO_HISTORICO_1" id="BADF158D-561B-4D58-5FE1-B65E28256690">
<createdBy>labbe</createdBy>
<createdTime>2017-06-28 18:05:47 UTC</createdTime>
<ownerDesignName>higia</ownerDesignName>
</ForeignKey>
</foreignKeys>
<primaryKeys>
<PrimaryKey class="oracle.dbtools.crest.model.design.storage.oracle.v10g.PKProxyOraclev10g" name="PK_FATURAMENTO_HISTORICO" id="253BE45A-FE50-42AF-A258-8994069E01B9">
<createdBy>labbe</createdBy>
<createdTime>2017-06-28 18:05:37 UTC</createdTime>
<ownerDesignName>higia</ownerDesignName>
<segment>B221C480-2D92-F7EB-78B3-87A44E50199E</segment>
<tableSpace>1102D2CC-C516-81A3-6AEE-F07394FC89E3</tableSpace>
<existingIndex>EA3BBE39-961D-0E39-DDE9-962870414C30</existingIndex>
<indexSegment>B221C480-2D92-F7EB-78B3-87A44E50199E</indexSegment>
<indexSort>SORTED</indexSort>
<usingIndex>BY INDEX NAME</usingIndex>
</PrimaryKey>
</primaryKeys>
</TableProxyOraclev12c>