<?xml version = '1.0' encoding = 'UTF-8'?>
<TableProxyOraclev12c class="oracle.dbtools.crest.model.design.storage.oracle.v12c.TableProxyOraclev12c" name="RESPONSAVEL_FINANCEIRO" directorySegmentName="seg_0" id="884185AB-3C54-0800-484D-329E857FB742">
<createdBy>labbe</createdBy>
<createdTime>2017-06-28 18:04:55 UTC</createdTime>
<ownerDesignName>higia</ownerDesignName>
<schemaObject>72384F93-8CCD-F9D8-FFD6-CFA26CE5980E</schemaObject>
<logging>YES</logging>
<partitionedRowMovement>DISABLE</partitionedRowMovement>
<segment>D7A15335-7BB9-C033-CE1E-581CF3CC1FBB</segment>
<tableSpace>1102D2CC-C516-81A3-6AEE-F07394FC89E3</tableSpace>
<temporaryChanged>false</temporaryChanged>
<accessDriverType>oracle_loader</accessDriverType>
<rejectLimit></rejectLimit>
<inMemory>NO</inMemory>
<columnProxies itemClass="oracle.dbtools.crest.model.design.storage.oracle.v12c.ColumnProxyOraclev12c">
<ColumnProxy name="NRO_TELEFONE_CELULAR" id="0D7DD094-ADE8-5A65-7D48-3509F32BE5C2">
<createdBy>labbe</createdBy>
<createdTime>2017-06-28 18:05:12 UTC</createdTime>
<ownerDesignName>higia</ownerDesignName>
</ColumnProxy>
<ColumnProxy name="TP_DOCUMENTO" id="57418705-B15B-44FF-02F5-933E6ECCAC91">
<createdBy>labbe</createdBy>
<createdTime>2017-06-28 18:05:12 UTC</createdTime>
<ownerDesignName>higia</ownerDesignName>
</ColumnProxy>
<ColumnProxy name="COD_RESPONSAVEL_FINANCEIRO" id="A5B04CDC-4299-8D59-AB55-B383B6F8A589">
<createdBy>labbe</createdBy>
<createdTime>2017-06-28 18:05:11 UTC</createdTime>
<ownerDesignName>higia</ownerDesignName>
</ColumnProxy>
<ColumnProxy name="NRO_TELEFONE_FIXO" id="AA651C8E-6BFA-8231-5AC8-371AD2F74396">
<createdBy>labbe</createdBy>
<createdTime>2017-06-28 18:05:12 UTC</createdTime>
<ownerDesignName>higia</ownerDesignName>
</ColumnProxy>
<ColumnProxy name="COD_FATURAMENTO" id="ADE16B47-3B80-D35C-E154-62A768D9D2E3">
<createdBy>labbe</createdBy>
<createdTime>2017-06-28 18:05:11 UTC</createdTime>
<ownerDesignName>higia</ownerDesignName>
</ColumnProxy>
<ColumnProxy name="NRO_DOCUMENTO" id="B78F26B5-7E8B-0C67-5F26-9919101B024E">
<createdBy>labbe</createdBy>
<createdTime>2017-06-28 18:05:12 UTC</createdTime>
<ownerDesignName>higia</ownerDesignName>
</ColumnProxy>
<ColumnProxy name="FL_TITULAR" id="C41DC3EB-9AB7-410D-6C46-327FB153A53B">
<createdBy>labbe</createdBy>
<createdTime>2017-06-28 18:05:11 UTC</createdTime>
<ownerDesignName>higia</ownerDesignName>
</ColumnProxy>
<ColumnProxy name="NM_RESPONSAVEL" id="EA3E96D4-DB77-DAB3-C151-71ECF2CF04A7">
<createdBy>labbe</createdBy>
<createdTime>2017-06-28 18:05:12 UTC</createdTime>
<ownerDesignName>higia</ownerDesignName>
</ColumnProxy>
</columnProxies>
<indexProxies>
<IndexProxy class="oracle.dbtools.crest.model.design.storage.oracle.v10g.IndexProxyOraclev10g" name="PK_RESPONSAVEL_FINANCEIRO" id="037164CA-FCF1-5F4E-D6CB-87CD7E4AB2D1">
<createdBy>labbe</createdBy>
<createdTime>2017-06-28 18:05:17 UTC</createdTime>
<ownerDesignName>higia</ownerDesignName>
<schemaObject>72384F93-8CCD-F9D8-FFD6-CFA26CE5980E</schemaObject>
<segment>B221C480-2D92-F7EB-78B3-87A44E50199E</segment>
<tableSpace>1102D2CC-C516-81A3-6AEE-F07394FC89E3</tableSpace>
</IndexProxy>
<IndexProxy class="oracle.dbtools.crest.model.design.storage.oracle.v10g.IndexProxyOraclev10g" name="UN_RESPONSAVEL_FINANCEIRO_1" id="C04A935A-4BD6-22C6-4979-1ACC4428EA23">
<createdBy>labbe</createdBy>
<createdTime>2017-06-28 18:05:17 UTC</createdTime>
<ownerDesignName>higia</ownerDesignName>
<schemaObject>72384F93-8CCD-F9D8-FFD6-CFA26CE5980E</schemaObject>
<segment>B221C480-2D92-F7EB-78B3-87A44E50199E</segment>
<tableSpace>1102D2CC-C516-81A3-6AEE-F07394FC89E3</tableSpace>
</IndexProxy>
</indexProxies>
<synonyms>
<Synonym class="oracle.dbtools.crest.model.design.storage.oracle.v10g.SynonymOraclev10g" name="RESPONSAVEL_FINANCEIRO" directorySegmentName="seg_0" id="DEF0DC51-5DD2-00BC-0298-DA1A46A6F283">
<sourceConnName>HIGIA_DEV.FATURAMENTO</sourceConnName>
<sourceObjSchema>PUBLIC</sourceObjSchema>
<sourceObjName>RESPONSAVEL_FINANCEIRO</sourceObjName>
<createdBy>labbe</createdBy>
<createdTime>2017-06-28 18:05:52 UTC</createdTime>
<ownerDesignName>higia</ownerDesignName>
<object>RESPONSAVEL_FINANCEIRO</object>
<objectUser>A5D8CB42-4695-E689-5AE6-33D1309388DF</objectUser>
<public>YES</public>
<referredObjectID>884185AB-3C54-0800-484D-329E857FB742</referredObjectID>
</Synonym>
</synonyms>
<foreignKeys>
<ForeignKey class="oracle.dbtools.crest.model.design.storage.oracle.v10g.FKProxyOraclev10g" name="FK_RESPONSAVEL_FINANCEIRO_1" id="69C03C8D-56A4-01B4-42D5-685F13970F76">
<createdBy>labbe</createdBy>
<createdTime>2017-06-28 18:05:47 UTC</createdTime>
<ownerDesignName>higia</ownerDesignName>
</ForeignKey>
</foreignKeys>
<primaryKeys>
<PrimaryKey class="oracle.dbtools.crest.model.design.storage.oracle.v10g.PKProxyOraclev10g" name="PK_RESPONSAVEL_FINANCEIRO" id="BBF25297-B239-C03A-23A1-2DEBF8E2507A">
<createdBy>labbe</createdBy>
<createdTime>2017-06-28 18:05:43 UTC</createdTime>
<ownerDesignName>higia</ownerDesignName>
<segment>B221C480-2D92-F7EB-78B3-87A44E50199E</segment>
<tableSpace>1102D2CC-C516-81A3-6AEE-F07394FC89E3</tableSpace>
<existingIndex>037164CA-FCF1-5F4E-D6CB-87CD7E4AB2D1</existingIndex>
<indexSegment>B221C480-2D92-F7EB-78B3-87A44E50199E</indexSegment>
<indexSort>SORTED</indexSort>
<usingIndex>BY INDEX NAME</usingIndex>
</PrimaryKey>
</primaryKeys>
<uniqueKeys>
<UniqueKey class="oracle.dbtools.crest.model.design.storage.oracle.v10g.UniqueOraclev10g" name="UN_RESPONSAVEL_FINANCEIRO_1" id="D8F44A15-1203-69CC-670C-94A07FF5A455">
<createdBy>labbe</createdBy>
<createdTime>2017-06-28 18:05:45 UTC</createdTime>
<ownerDesignName>higia</ownerDesignName>
<segment>B221C480-2D92-F7EB-78B3-87A44E50199E</segment>
<tableSpace>1102D2CC-C516-81A3-6AEE-F07394FC89E3</tableSpace>
<existingIndex>C04A935A-4BD6-22C6-4979-1ACC4428EA23</existingIndex>
<indexSegment>B221C480-2D92-F7EB-78B3-87A44E50199E</indexSegment>
<indexSort>SORTED</indexSort>
<usingIndex>BY INDEX NAME</usingIndex>
</UniqueKey>
</uniqueKeys>
</TableProxyOraclev12c>