<?xml version = '1.0' encoding = 'UTF-8'?>
<TableProxyOraclev12c class="oracle.dbtools.crest.model.design.storage.oracle.v12c.TableProxyOraclev12c" name="TIPO_PAGAMENTO" directorySegmentName="seg_0" id="972A3150-7071-4E80-ACBE-09AC3A3DBC5B">
<createdBy>labbe</createdBy>
<createdTime>2017-06-28 18:04:55 UTC</createdTime>
<ownerDesignName>higia</ownerDesignName>
<schemaObject>72384F93-8CCD-F9D8-FFD6-CFA26CE5980E</schemaObject>
<logging>YES</logging>
<partitionedRowMovement>DISABLE</partitionedRowMovement>
<segment>D7A15335-7BB9-C033-CE1E-581CF3CC1FBB</segment>
<tableSpace>1102D2CC-C516-81A3-6AEE-F07394FC89E3</tableSpace>
<temporaryChanged>false</temporaryChanged>
<accessDriverType>oracle_loader</accessDriverType>
<rejectLimit></rejectLimit>
<inMemory>NO</inMemory>
<columnProxies itemClass="oracle.dbtools.crest.model.design.storage.oracle.v12c.ColumnProxyOraclev12c">
<ColumnProxy name="TP_PAGAMENTO" id="113E6295-88BB-5496-31EC-EC8E4734A22B">
<createdBy>labbe</createdBy>
<createdTime>2017-06-28 18:05:13 UTC</createdTime>
<ownerDesignName>higia</ownerDesignName>
</ColumnProxy>
<ColumnProxy name="DT_INICIO" id="24FA0F61-10E1-C3D3-37B8-E818E9675719">
<createdBy>labbe</createdBy>
<createdTime>2017-06-28 18:05:13 UTC</createdTime>
<ownerDesignName>higia</ownerDesignName>
</ColumnProxy>
<ColumnProxy name="COD_FATURAMENTO" id="3F18EBB6-3CDA-6D5C-F5D2-375E22F08CF9">
<createdBy>labbe</createdBy>
<createdTime>2017-06-28 18:05:14 UTC</createdTime>
<ownerDesignName>higia</ownerDesignName>
</ColumnProxy>
<ColumnProxy name="COD_TIPO_PAGAMENTO" id="4207A53C-B85C-58A3-079B-BA8D9794E7F3">
<createdBy>labbe</createdBy>
<createdTime>2017-06-28 18:05:13 UTC</createdTime>
<ownerDesignName>higia</ownerDesignName>
</ColumnProxy>
<ColumnProxy name="COD_USUARIO_SF" id="B2425149-C073-7013-68C7-3CC74C58928A">
<createdBy>labbe</createdBy>
<createdTime>2017-06-28 18:05:14 UTC</createdTime>
<ownerDesignName>higia</ownerDesignName>
</ColumnProxy>
<ColumnProxy name="DT_FINAL" id="CF8E0469-E5E7-BCBF-5709-4AA821B342EE">
<createdBy>labbe</createdBy>
<createdTime>2017-06-28 18:05:13 UTC</createdTime>
<ownerDesignName>higia</ownerDesignName>
</ColumnProxy>
</columnProxies>
<indexProxies>
<IndexProxy class="oracle.dbtools.crest.model.design.storage.oracle.v10g.IndexProxyOraclev10g" name="PK_TIPO_PAGAMENTO" id="4484E49E-DD41-796F-5D0F-E0BB856D7BEE">
<createdBy>labbe</createdBy>
<createdTime>2017-06-28 18:05:17 UTC</createdTime>
<ownerDesignName>higia</ownerDesignName>
<schemaObject>72384F93-8CCD-F9D8-FFD6-CFA26CE5980E</schemaObject>
<segment>B221C480-2D92-F7EB-78B3-87A44E50199E</segment>
<tableSpace>1102D2CC-C516-81A3-6AEE-F07394FC89E3</tableSpace>
</IndexProxy>
</indexProxies>
<synonyms>
<Synonym class="oracle.dbtools.crest.model.design.storage.oracle.v10g.SynonymOraclev10g" name="TIPO_PAGAMENTO" directorySegmentName="seg_0" id="B931B2B3-8DF5-5D20-1215-4253F27B6034">
<sourceConnName>HIGIA_DEV.FATURAMENTO</sourceConnName>
<sourceObjSchema>PUBLIC</sourceObjSchema>
<sourceObjName>TIPO_PAGAMENTO</sourceObjName>
<createdBy>labbe</createdBy>
<createdTime>2017-06-28 18:05:52 UTC</createdTime>
<ownerDesignName>higia</ownerDesignName>
<object>TIPO_PAGAMENTO</object>
<objectUser>A5D8CB42-4695-E689-5AE6-33D1309388DF</objectUser>
<public>YES</public>
<referredObjectID>972A3150-7071-4E80-ACBE-09AC3A3DBC5B</referredObjectID>
</Synonym>
</synonyms>
<foreignKeys>
<ForeignKey class="oracle.dbtools.crest.model.design.storage.oracle.v10g.FKProxyOraclev10g" name="FK_TIPO_PAGAMENTO_1" id="82C9E0C1-8EC7-55AE-7131-8DEC22DA2A31">
<createdBy>labbe</createdBy>
<createdTime>2017-06-28 18:05:47 UTC</createdTime>
<ownerDesignName>higia</ownerDesignName>
</ForeignKey>
</foreignKeys>
<primaryKeys>
<PrimaryKey class="oracle.dbtools.crest.model.design.storage.oracle.v10g.PKProxyOraclev10g" name="PK_TIPO_PAGAMENTO" id="5AA6FBFC-8929-7706-374A-701DFE986AF6">
<createdBy>labbe</createdBy>
<createdTime>2017-06-28 18:05:46 UTC</createdTime>
<ownerDesignName>higia</ownerDesignName>
<segment>B221C480-2D92-F7EB-78B3-87A44E50199E</segment>
<tableSpace>1102D2CC-C516-81A3-6AEE-F07394FC89E3</tableSpace>
<existingIndex>4484E49E-DD41-796F-5D0F-E0BB856D7BEE</existingIndex>
<indexSegment>B221C480-2D92-F7EB-78B3-87A44E50199E</indexSegment>
<indexSort>SORTED</indexSort>
<usingIndex>BY INDEX NAME</usingIndex>
</PrimaryKey>
</primaryKeys>
</TableProxyOraclev12c>