<?xml version = '1.0' encoding = 'UTF-8'?>
<TableProxyOraclev12c class="oracle.dbtools.crest.model.design.storage.oracle.v12c.TableProxyOraclev12c" name="NAO_FATURA" directorySegmentName="seg_0" id="C591A9AB-F946-A01D-1FCF-FF562AEE3F9E">
<createdBy>labbe</createdBy>
<createdTime>2017-06-28 18:04:54 UTC</createdTime>
<ownerDesignName>higia</ownerDesignName>
<schemaObject>72384F93-8CCD-F9D8-FFD6-CFA26CE5980E</schemaObject>
<logging>YES</logging>
<partitionedRowMovement>DISABLE</partitionedRowMovement>
<segment>D7A15335-7BB9-C033-CE1E-581CF3CC1FBB</segment>
<tableSpace>1102D2CC-C516-81A3-6AEE-F07394FC89E3</tableSpace>
<temporaryChanged>false</temporaryChanged>
<accessDriverType>oracle_loader</accessDriverType>
<rejectLimit></rejectLimit>
<inMemory>NO</inMemory>
<columnProxies itemClass="oracle.dbtools.crest.model.design.storage.oracle.v12c.ColumnProxyOraclev12c">
<ColumnProxy name="COD_USUARIO_SF" id="27E5113D-5BEF-A939-2DF2-254A4A7FF702">
<createdBy>labbe</createdBy>
<createdTime>2017-06-28 18:05:11 UTC</createdTime>
<ownerDesignName>higia</ownerDesignName>
</ColumnProxy>
<ColumnProxy name="DT_INICIO" id="41069C6E-EF4F-3CD3-69DB-BCCBB7DB4D42">
<createdBy>labbe</createdBy>
<createdTime>2017-06-28 18:05:10 UTC</createdTime>
<ownerDesignName>higia</ownerDesignName>
</ColumnProxy>
<ColumnProxy name="DSC_JUSTIFICATIVA" id="4189D1F5-6FA5-C666-7498-B36BBE88480F">
<createdBy>labbe</createdBy>
<createdTime>2017-07-28 14:12:13 UTC</createdTime>
<ownerDesignName>higia</ownerDesignName>
</ColumnProxy>
<ColumnProxy name="COD_NAO_FATURA" id="7F68A038-D3A4-2E85-CED3-35E5A13F13D6">
<createdBy>labbe</createdBy>
<createdTime>2017-06-28 18:05:10 UTC</createdTime>
<ownerDesignName>higia</ownerDesignName>
</ColumnProxy>
<ColumnProxy name="COD_FATURAMENTO" id="BAA3ED4F-EAAB-5E44-CCC9-3DCD7500E2F6">
<createdBy>labbe</createdBy>
<createdTime>2017-06-28 18:05:10 UTC</createdTime>
<ownerDesignName>higia</ownerDesignName>
</ColumnProxy>
<ColumnProxy name="DT_FINAL" id="F9006FE0-43B8-FD8B-96C2-A7117A4954B1">
<createdBy>labbe</createdBy>
<createdTime>2017-06-28 18:05:10 UTC</createdTime>
<ownerDesignName>higia</ownerDesignName>
</ColumnProxy>
</columnProxies>
<indexProxies>
<IndexProxy class="oracle.dbtools.crest.model.design.storage.oracle.v10g.IndexProxyOraclev10g" name="PK_NAO_FATURA" id="BBA01C4A-6E63-F8C8-4ED4-0C600B48CC8C">
<createdBy>labbe</createdBy>
<createdTime>2017-06-28 18:05:17 UTC</createdTime>
<ownerDesignName>higia</ownerDesignName>
<schemaObject>72384F93-8CCD-F9D8-FFD6-CFA26CE5980E</schemaObject>
<segment>B221C480-2D92-F7EB-78B3-87A44E50199E</segment>
<tableSpace>1102D2CC-C516-81A3-6AEE-F07394FC89E3</tableSpace>
</IndexProxy>
</indexProxies>
<synonyms>
<Synonym class="oracle.dbtools.crest.model.design.storage.oracle.v10g.SynonymOraclev10g" name="NAO_FATURA" directorySegmentName="seg_0" id="92C6A6A4-83C8-507E-3440-F0B8585341A2">
<sourceConnName>HIGIA_DEV.FATURAMENTO</sourceConnName>
<sourceObjSchema>PUBLIC</sourceObjSchema>
<sourceObjName>NAO_FATURA</sourceObjName>
<createdBy>labbe</createdBy>
<createdTime>2017-06-28 18:05:52 UTC</createdTime>
<ownerDesignName>higia</ownerDesignName>
<object>NAO_FATURA</object>
<objectUser>A5D8CB42-4695-E689-5AE6-33D1309388DF</objectUser>
<public>YES</public>
<referredObjectID>C591A9AB-F946-A01D-1FCF-FF562AEE3F9E</referredObjectID>
</Synonym>
</synonyms>
<foreignKeys>
<ForeignKey class="oracle.dbtools.crest.model.design.storage.oracle.v10g.FKProxyOraclev10g" name="FK_NAO_FATURA_1" id="00933EE0-E938-D49C-DC5C-84359FC8253D">
<createdBy>labbe</createdBy>
<createdTime>2017-06-28 18:05:47 UTC</createdTime>
<ownerDesignName>higia</ownerDesignName>
</ForeignKey>
</foreignKeys>
<primaryKeys>
<PrimaryKey class="oracle.dbtools.crest.model.design.storage.oracle.v10g.PKProxyOraclev10g" name="PK_NAO_FATURA" id="3C4248CD-5522-674A-8AF3-D70D195CC11F">
<createdBy>labbe</createdBy>
<createdTime>2017-06-28 18:05:40 UTC</createdTime>
<ownerDesignName>higia</ownerDesignName>
<segment>B221C480-2D92-F7EB-78B3-87A44E50199E</segment>
<tableSpace>1102D2CC-C516-81A3-6AEE-F07394FC89E3</tableSpace>
<existingIndex>BBA01C4A-6E63-F8C8-4ED4-0C600B48CC8C</existingIndex>
<indexSegment>B221C480-2D92-F7EB-78B3-87A44E50199E</indexSegment>
<indexSort>SORTED</indexSort>
<usingIndex>BY INDEX NAME</usingIndex>
</PrimaryKey>
</primaryKeys>
</TableProxyOraclev12c>