<?xml version = '1.0' encoding = 'UTF-8'?>
<TableProxyOraclev12c class="oracle.dbtools.crest.model.design.storage.oracle.v12c.TableProxyOraclev12c" name="FATURAMENTO" directorySegmentName="seg_0" id="CFB0DE67-8B27-8F91-6BCC-402CBF5C0F37">
<createdBy>labbe</createdBy>
<createdTime>2017-06-28 18:04:53 UTC</createdTime>
<ownerDesignName>higia</ownerDesignName>
<schemaObject>72384F93-8CCD-F9D8-FFD6-CFA26CE5980E</schemaObject>
<logging>YES</logging>
<partitionedRowMovement>DISABLE</partitionedRowMovement>
<segment>D7A15335-7BB9-C033-CE1E-581CF3CC1FBB</segment>
<tableSpace>1102D2CC-C516-81A3-6AEE-F07394FC89E3</tableSpace>
<temporaryChanged>false</temporaryChanged>
<accessDriverType>oracle_loader</accessDriverType>
<rejectLimit></rejectLimit>
<inMemory>NO</inMemory>
<columnProxies itemClass="oracle.dbtools.crest.model.design.storage.oracle.v12c.ColumnProxyOraclev12c">
<ColumnProxy name="COD_CONDICAO_COBRANCA" id="033DDD66-8F1B-1060-E86D-8BD733BE77B8">
<createdBy>labbe</createdBy>
<createdTime>2017-06-28 18:05:07 UTC</createdTime>
<ownerDesignName>higia</ownerDesignName>
<nncEnable>NO</nncEnable>
<nncValidate>NO</nncValidate>
</ColumnProxy>
<ColumnProxy name="COD_CALCULO_PRO_RATA" id="0DDFE689-102A-0067-BA25-D2558D4EF189">
<createdBy>labbe</createdBy>
<createdTime>2017-06-28 18:05:06 UTC</createdTime>
<ownerDesignName>higia</ownerDesignName>
<nncEnable>NO</nncEnable>
<nncValidate>NO</nncValidate>
</ColumnProxy>
<ColumnProxy name="COD_FATURAMENTO" id="0FD06E3F-02D2-56CE-4FC4-903367F3C330">
<createdBy>labbe</createdBy>
<createdTime>2017-06-28 18:05:05 UTC</createdTime>
<ownerDesignName>higia</ownerDesignName>
</ColumnProxy>
<ColumnProxy name="FL_COM_FATURA" id="2261FCAA-510D-B121-FB34-96DCA6A5D0D7">
<createdBy>labbe</createdBy>
<createdTime>2017-06-28 18:05:05 UTC</createdTime>
<ownerDesignName>higia</ownerDesignName>
<nncEnable>NO</nncEnable>
<nncValidate>NO</nncValidate>
</ColumnProxy>
<ColumnProxy name="COD_LAYOUT_BOLETO" id="66999073-955C-9A76-9B82-B5561B668668">
<createdBy>labbe</createdBy>
<createdTime>2017-06-28 18:05:06 UTC</createdTime>
<ownerDesignName>higia</ownerDesignName>
</ColumnProxy>
<ColumnProxy name="COD_CONTRATO" id="6BA9AC64-1456-86FB-F9BA-270692767ACE">
<createdBy>labbe</createdBy>
<createdTime>2017-06-28 18:05:05 UTC</createdTime>
<ownerDesignName>higia</ownerDesignName>
</ColumnProxy>
<ColumnProxy name="VLR_JUROS_DIA" id="71A03C56-C41E-D2AA-728B-91A1595C774C">
<createdBy>labbe</createdBy>
<createdTime>2017-06-28 18:05:06 UTC</createdTime>
<ownerDesignName>higia</ownerDesignName>
<nncEnable>NO</nncEnable>
<nncValidate>NO</nncValidate>
</ColumnProxy>
<ColumnProxy name="FL_VALIDO" id="72E8F492-1244-4AAB-A797-717A13B54C2A">
<createdBy>labbe</createdBy>
<createdTime>2017-06-28 18:05:07 UTC</createdTime>
<ownerDesignName>higia</ownerDesignName>
<defaultValue>&apos;N&apos;</defaultValue>
<nncEnable>NO</nncEnable>
<nncValidate>NO</nncValidate>
</ColumnProxy>
<ColumnProxy name="END_EMAIL_FATURA" id="A50B28EF-F52F-509D-DCBC-BE5793AC9BE6">
<createdBy>labbe</createdBy>
<createdTime>2017-06-28 18:05:05 UTC</createdTime>
<ownerDesignName>higia</ownerDesignName>
<nncEnable>NO</nncEnable>
<nncValidate>NO</nncValidate>
</ColumnProxy>
<ColumnProxy name="COD_STATUS_CADASTRO" id="AB6A1B28-A715-8971-9F36-19A7828D8C30">
<createdBy>labbe</createdBy>
<createdTime>2017-06-28 18:05:07 UTC</createdTime>
<ownerDesignName>higia</ownerDesignName>
<defaultValue>1</defaultValue>
<nncEnable>NO</nncEnable>
<nncValidate>NO</nncValidate>
</ColumnProxy>
<ColumnProxy name="VLR_MULTA_ATRASO" id="D91A2493-CF80-CDD1-C438-2B85687324E4">
<createdBy>labbe</createdBy>
<createdTime>2017-06-28 18:05:06 UTC</createdTime>
<ownerDesignName>higia</ownerDesignName>
<nncEnable>NO</nncEnable>
<nncValidate>NO</nncValidate>
</ColumnProxy>
<ColumnProxy name="NRO_DIA_VENCIMENTO" id="D945B799-558D-5DCA-F9B0-B872E1974879">
<createdBy>labbe</createdBy>
<createdTime>2017-06-28 18:05:05 UTC</createdTime>
<ownerDesignName>higia</ownerDesignName>
<nncEnable>NO</nncEnable>
<nncValidate>NO</nncValidate>
</ColumnProxy>
<ColumnProxy name="FL_EXECUTA_1A_FATURA" id="DC6D344E-773E-7CE8-F1AA-3A90D5E7D26D">
<createdBy>labbe</createdBy>
<createdTime>2017-06-28 18:05:07 UTC</createdTime>
<ownerDesignName>higia</ownerDesignName>
<nncEnable>NO</nncEnable>
<nncValidate>NO</nncValidate>
</ColumnProxy>
<ColumnProxy name="VLR_JUROS_MES" id="E8781B3E-902A-67AF-0AC5-D6599E1E4F15">
<createdBy>labbe</createdBy>
<createdTime>2017-06-28 18:05:06 UTC</createdTime>
<ownerDesignName>higia</ownerDesignName>
</ColumnProxy>
</columnProxies>
<indexProxies>
<IndexProxy class="oracle.dbtools.crest.model.design.storage.oracle.v10g.IndexProxyOraclev10g" name="PK_FATURAMENTO" id="BD0BDB9F-2D39-40D9-9AED-CDE8E8B7454B">
<createdBy>labbe</createdBy>
<createdTime>2017-06-28 18:05:16 UTC</createdTime>
<ownerDesignName>higia</ownerDesignName>
<schemaObject>72384F93-8CCD-F9D8-FFD6-CFA26CE5980E</schemaObject>
<segment>B221C480-2D92-F7EB-78B3-87A44E50199E</segment>
<tableSpace>1102D2CC-C516-81A3-6AEE-F07394FC89E3</tableSpace>
</IndexProxy>
</indexProxies>
<synonyms>
<Synonym class="oracle.dbtools.crest.model.design.storage.oracle.v10g.SynonymOraclev10g" name="FATURAMENTO" directorySegmentName="seg_0" id="304F1534-9843-BAFA-2598-6CA7005B3E57">
<sourceConnName>HIGIA_DEV.FATURAMENTO</sourceConnName>
<sourceObjSchema>PUBLIC</sourceObjSchema>
<sourceObjName>FATURAMENTO</sourceObjName>
<createdBy>labbe</createdBy>
<createdTime>2017-06-28 18:05:52 UTC</createdTime>
<ownerDesignName>higia</ownerDesignName>
<object>FATURAMENTO</object>
<objectUser>A5D8CB42-4695-E689-5AE6-33D1309388DF</objectUser>
<public>YES</public>
<referredObjectID>CFB0DE67-8B27-8F91-6BCC-402CBF5C0F37</referredObjectID>
</Synonym>
</synonyms>
<foreignKeys>
<ForeignKey class="oracle.dbtools.crest.model.design.storage.oracle.v10g.FKProxyOraclev10g" name="FK_FATURAMENTO_2" id="408B7517-F5C2-B56B-9E8F-73AF669C298E">
<createdBy>labbe</createdBy>
<createdTime>2017-06-28 18:05:47 UTC</createdTime>
<ownerDesignName>higia</ownerDesignName>
</ForeignKey>
<ForeignKey class="oracle.dbtools.crest.model.design.storage.oracle.v10g.FKProxyOraclev10g" name="FK_FATURAMENTO_3" id="5373376F-9C9E-99EC-8B7A-251F63E0907C">
<createdBy>labbe</createdBy>
<createdTime>2017-06-28 18:05:47 UTC</createdTime>
<ownerDesignName>higia</ownerDesignName>
</ForeignKey>
<ForeignKey class="oracle.dbtools.crest.model.design.storage.oracle.v10g.FKProxyOraclev10g" name="FK_FATURAMENTO_4" id="59006FB8-A203-2277-63EA-442A16D719E2">
<createdBy>labbe</createdBy>
<createdTime>2017-06-28 18:05:47 UTC</createdTime>
<ownerDesignName>higia</ownerDesignName>
</ForeignKey>
</foreignKeys>
<primaryKeys>
<PrimaryKey class="oracle.dbtools.crest.model.design.storage.oracle.v10g.PKProxyOraclev10g" name="PK_FATURAMENTO" id="26755402-A12D-D51F-58AE-524962F37250">
<createdBy>labbe</createdBy>
<createdTime>2017-06-28 18:05:33 UTC</createdTime>
<ownerDesignName>higia</ownerDesignName>
<segment>B221C480-2D92-F7EB-78B3-87A44E50199E</segment>
<tableSpace>1102D2CC-C516-81A3-6AEE-F07394FC89E3</tableSpace>
<existingIndex>BD0BDB9F-2D39-40D9-9AED-CDE8E8B7454B</existingIndex>
<indexSegment>B221C480-2D92-F7EB-78B3-87A44E50199E</indexSegment>
<indexSort>SORTED</indexSort>
<usingIndex>BY INDEX NAME</usingIndex>
</PrimaryKey>
</primaryKeys>
</TableProxyOraclev12c>