<?xml version = '1.0' encoding = 'UTF-8'?>
<TableProxyOraclev12c class="oracle.dbtools.crest.model.design.storage.oracle.v12c.TableProxyOraclev12c" name="CONDICAO_COBRANCA" directorySegmentName="seg_0" id="F994E307-28D9-3FFB-7D7A-1967FF2B4BC3">
<createdBy>labbe</createdBy>
<createdTime>2017-06-28 18:04:52 UTC</createdTime>
<ownerDesignName>higia</ownerDesignName>
<schemaObject>72384F93-8CCD-F9D8-FFD6-CFA26CE5980E</schemaObject>
<logging>YES</logging>
<partitionedRowMovement>DISABLE</partitionedRowMovement>
<segment>D7A15335-7BB9-C033-CE1E-581CF3CC1FBB</segment>
<tableSpace>1102D2CC-C516-81A3-6AEE-F07394FC89E3</tableSpace>
<temporaryChanged>false</temporaryChanged>
<accessDriverType>oracle_loader</accessDriverType>
<rejectLimit></rejectLimit>
<inMemory>NO</inMemory>
<columnProxies itemClass="oracle.dbtools.crest.model.design.storage.oracle.v12c.ColumnProxyOraclev12c">
<ColumnProxy name="DSC_CONDICAO_COBRANCA" id="469049B0-C054-AD9E-EAE8-CF4C251E7B38">
<createdBy>labbe</createdBy>
<createdTime>2017-06-28 18:05:00 UTC</createdTime>
<ownerDesignName>higia</ownerDesignName>
</ColumnProxy>
<ColumnProxy name="NM_CONDICAO_COBRANCA" id="6977E3EB-16B3-E461-5480-EAC1394FF2E9">
<createdBy>labbe</createdBy>
<createdTime>2017-06-28 18:05:00 UTC</createdTime>
<ownerDesignName>higia</ownerDesignName>
</ColumnProxy>
<ColumnProxy name="COD_CONDICAO_COBRANCA" id="79919A64-3D74-67C3-3E91-F4D82C4DC041">
<createdBy>labbe</createdBy>
<createdTime>2017-06-28 18:05:00 UTC</createdTime>
<ownerDesignName>higia</ownerDesignName>
</ColumnProxy>
</columnProxies>
<indexProxies>
<IndexProxy class="oracle.dbtools.crest.model.design.storage.oracle.v10g.IndexProxyOraclev10g" name="PK_CONDICAO_COBRANCA" id="1D7BBDC7-1B9B-79C5-6C6F-689F1977B898">
<createdBy>labbe</createdBy>
<createdTime>2017-06-28 18:05:15 UTC</createdTime>
<ownerDesignName>higia</ownerDesignName>
<schemaObject>72384F93-8CCD-F9D8-FFD6-CFA26CE5980E</schemaObject>
<segment>B221C480-2D92-F7EB-78B3-87A44E50199E</segment>
<tableSpace>1102D2CC-C516-81A3-6AEE-F07394FC89E3</tableSpace>
</IndexProxy>
<IndexProxy class="oracle.dbtools.crest.model.design.storage.oracle.v10g.IndexProxyOraclev10g" name="UN_CONDICAO_COBRANCA_1" id="56421C62-015C-150D-F6C0-2A3F819000F0">
<createdBy>labbe</createdBy>
<createdTime>2017-06-28 18:05:15 UTC</createdTime>
<ownerDesignName>higia</ownerDesignName>
<schemaObject>72384F93-8CCD-F9D8-FFD6-CFA26CE5980E</schemaObject>
<segment>B221C480-2D92-F7EB-78B3-87A44E50199E</segment>
<tableSpace>1102D2CC-C516-81A3-6AEE-F07394FC89E3</tableSpace>
</IndexProxy>
</indexProxies>
<synonyms>
<Synonym class="oracle.dbtools.crest.model.design.storage.oracle.v10g.SynonymOraclev10g" name="CONDICAO_COBRANCA" directorySegmentName="seg_0" id="241CD013-C013-CFC8-3454-FC8FDCAB53A0">
<sourceConnName>HIGIA_DEV.FATURAMENTO</sourceConnName>
<sourceObjSchema>PUBLIC</sourceObjSchema>
<sourceObjName>CONDICAO_COBRANCA</sourceObjName>
<createdBy>labbe</createdBy>
<createdTime>2017-06-28 18:05:52 UTC</createdTime>
<ownerDesignName>higia</ownerDesignName>
<object>CONDICAO_COBRANCA</object>
<objectUser>A5D8CB42-4695-E689-5AE6-33D1309388DF</objectUser>
<public>YES</public>
<referredObjectID>F994E307-28D9-3FFB-7D7A-1967FF2B4BC3</referredObjectID>
</Synonym>
</synonyms>
<primaryKeys>
<PrimaryKey class="oracle.dbtools.crest.model.design.storage.oracle.v10g.PKProxyOraclev10g" name="PK_CONDICAO_COBRANCA" id="7D2EB111-9F96-3E28-1BD9-8E7B00A0A1EA">
<createdBy>labbe</createdBy>
<createdTime>2017-06-28 18:05:24 UTC</createdTime>
<ownerDesignName>higia</ownerDesignName>
<segment>B221C480-2D92-F7EB-78B3-87A44E50199E</segment>
<tableSpace>1102D2CC-C516-81A3-6AEE-F07394FC89E3</tableSpace>
<existingIndex>1D7BBDC7-1B9B-79C5-6C6F-689F1977B898</existingIndex>
<indexSegment>B221C480-2D92-F7EB-78B3-87A44E50199E</indexSegment>
<indexSort>SORTED</indexSort>
<usingIndex>BY INDEX NAME</usingIndex>
</PrimaryKey>
</primaryKeys>
<uniqueKeys>
<UniqueKey class="oracle.dbtools.crest.model.design.storage.oracle.v10g.UniqueOraclev10g" name="UN_CONDICAO_COBRANCA_1" id="594DF245-2050-9F33-8FA3-041DAB06E3AE">
<createdBy>labbe</createdBy>
<createdTime>2017-06-28 18:05:24 UTC</createdTime>
<ownerDesignName>higia</ownerDesignName>
<segment>B221C480-2D92-F7EB-78B3-87A44E50199E</segment>
<tableSpace>1102D2CC-C516-81A3-6AEE-F07394FC89E3</tableSpace>
<existingIndex>56421C62-015C-150D-F6C0-2A3F819000F0</existingIndex>
<indexSegment>B221C480-2D92-F7EB-78B3-87A44E50199E</indexSegment>
<indexSort>SORTED</indexSort>
<usingIndex>BY INDEX NAME</usingIndex>
</UniqueKey>
</uniqueKeys>
</TableProxyOraclev12c>