<?xml version = '1.0' encoding = 'UTF-8'?>
<TableProxyOraclev12c class="oracle.dbtools.crest.model.design.storage.oracle.v12c.TableProxyOraclev12c" name="CONTA_CORRENTE" directorySegmentName="seg_0" id="FA03346F-138C-6C0A-C462-ECD355643B31">
<createdBy>labbe</createdBy>
<createdTime>2017-06-28 18:04:52 UTC</createdTime>
<ownerDesignName>higia</ownerDesignName>
<schemaObject>72384F93-8CCD-F9D8-FFD6-CFA26CE5980E</schemaObject>
<logging>YES</logging>
<partitionedRowMovement>DISABLE</partitionedRowMovement>
<segment>D7A15335-7BB9-C033-CE1E-581CF3CC1FBB</segment>
<tableSpace>1102D2CC-C516-81A3-6AEE-F07394FC89E3</tableSpace>
<temporaryChanged>false</temporaryChanged>
<accessDriverType>oracle_loader</accessDriverType>
<rejectLimit></rejectLimit>
<inMemory>NO</inMemory>
<columnProxies itemClass="oracle.dbtools.crest.model.design.storage.oracle.v12c.ColumnProxyOraclev12c">
<ColumnProxy name="DT_VIGENCIA_ATE" id="0AF726C1-BC30-653E-9794-7F1E27835036">
<createdBy>labbe</createdBy>
<createdTime>2017-06-28 18:05:03 UTC</createdTime>
<ownerDesignName>higia</ownerDesignName>
</ColumnProxy>
<ColumnProxy name="NM_TITULAR" id="15E6271D-C257-1FA9-2E65-F015E50E8141">
<createdBy>labbe</createdBy>
<createdTime>2017-06-28 18:05:02 UTC</createdTime>
<ownerDesignName>higia</ownerDesignName>
</ColumnProxy>
<ColumnProxy name="DT_VIGENCIA_DE" id="1F60AF96-8A6D-6E2A-4C52-D697C5B0C173">
<createdBy>labbe</createdBy>
<createdTime>2017-06-28 18:05:02 UTC</createdTime>
<ownerDesignName>higia</ownerDesignName>
</ColumnProxy>
<ColumnProxy name="NRO_TELEFONE_FIXO" id="4F91C3B7-E4AA-2340-51B6-3219033F81A7">
<createdBy>labbe</createdBy>
<createdTime>2017-06-28 18:05:02 UTC</createdTime>
<ownerDesignName>higia</ownerDesignName>
</ColumnProxy>
<ColumnProxy name="NRO_TELEFONE_CELULAR" id="6E452349-2CDD-06D7-5D97-3A30189121BF">
<createdBy>labbe</createdBy>
<createdTime>2017-06-28 18:05:02 UTC</createdTime>
<ownerDesignName>higia</ownerDesignName>
</ColumnProxy>
<ColumnProxy name="COD_DOCUMENTO" id="8008E52B-5751-2A6D-C22F-E68F13BCC661">
<createdBy>labbe</createdBy>
<createdTime>2017-06-28 18:05:02 UTC</createdTime>
<ownerDesignName>higia</ownerDesignName>
</ColumnProxy>
<ColumnProxy name="TP_DOCUMENTO" id="9611EA38-A67B-C885-0407-FA4892736B9B">
<createdBy>labbe</createdBy>
<createdTime>2017-06-28 18:05:01 UTC</createdTime>
<ownerDesignName>higia</ownerDesignName>
</ColumnProxy>
<ColumnProxy name="COD_BANCO" id="B8CBD303-8B54-3C11-35BD-F08726245AD7">
<createdBy>labbe</createdBy>
<createdTime>2017-06-28 18:05:01 UTC</createdTime>
<ownerDesignName>higia</ownerDesignName>
</ColumnProxy>
<ColumnProxy name="COD_CONTA_CORRENTE" id="B91834EF-7C16-BAAC-115F-BAB5D3A5979A">
<createdBy>labbe</createdBy>
<createdTime>2017-06-28 18:05:01 UTC</createdTime>
<ownerDesignName>higia</ownerDesignName>
</ColumnProxy>
<ColumnProxy name="COD_CONTA" id="F973C892-E0AD-8365-C03E-8728BEA88F91">
<createdBy>labbe</createdBy>
<createdTime>2017-06-28 18:05:03 UTC</createdTime>
<ownerDesignName>higia</ownerDesignName>
</ColumnProxy>
<ColumnProxy name="NRO_AGENCIA" id="FE3C58CF-043D-C78E-DC8D-74CD8170E377">
<createdBy>labbe</createdBy>
<createdTime>2017-06-28 18:05:01 UTC</createdTime>
<ownerDesignName>higia</ownerDesignName>
</ColumnProxy>
</columnProxies>
<indexProxies>
<IndexProxy class="oracle.dbtools.crest.model.design.storage.oracle.v10g.IndexProxyOraclev10g" name="PK_CONTA_CORRENTE" id="4A554ABC-F942-C0C5-802A-EF8665EB608B">
<createdBy>labbe</createdBy>
<createdTime>2017-06-28 18:05:16 UTC</createdTime>
<ownerDesignName>higia</ownerDesignName>
<schemaObject>72384F93-8CCD-F9D8-FFD6-CFA26CE5980E</schemaObject>
<segment>B221C480-2D92-F7EB-78B3-87A44E50199E</segment>
<tableSpace>1102D2CC-C516-81A3-6AEE-F07394FC89E3</tableSpace>
</IndexProxy>
</indexProxies>
<synonyms>
<Synonym class="oracle.dbtools.crest.model.design.storage.oracle.v10g.SynonymOraclev10g" name="CONTA_CORRENTE" directorySegmentName="seg_0" id="DDE3A805-3202-F43D-9817-449223B4D5E5">
<sourceConnName>HIGIA_DEV.FATURAMENTO</sourceConnName>
<sourceObjSchema>PUBLIC</sourceObjSchema>
<sourceObjName>CONTA_CORRENTE</sourceObjName>
<createdBy>labbe</createdBy>
<createdTime>2017-06-28 18:05:52 UTC</createdTime>
<ownerDesignName>higia</ownerDesignName>
<object>CONTA_CORRENTE</object>
<objectUser>A5D8CB42-4695-E689-5AE6-33D1309388DF</objectUser>
<public>YES</public>
<referredObjectID>FA03346F-138C-6C0A-C462-ECD355643B31</referredObjectID>
</Synonym>
</synonyms>
<foreignKeys>
<ForeignKey class="oracle.dbtools.crest.model.design.storage.oracle.v10g.FKProxyOraclev10g" name="FK_CONTA_CORRENTE_1" id="51948D0D-F66D-A786-4DAC-31F9068BDA67">
<createdBy>labbe</createdBy>
<createdTime>2017-06-28 18:05:47 UTC</createdTime>
<ownerDesignName>higia</ownerDesignName>
</ForeignKey>
</foreignKeys>
<primaryKeys>
<PrimaryKey class="oracle.dbtools.crest.model.design.storage.oracle.v10g.PKProxyOraclev10g" name="PK_CONTA_CORRENTE" id="7FA79368-9581-05F1-266D-8F4D426E8CF5">
<createdBy>labbe</createdBy>
<createdTime>2017-06-28 18:05:26 UTC</createdTime>
<ownerDesignName>higia</ownerDesignName>
<segment>B221C480-2D92-F7EB-78B3-87A44E50199E</segment>
<tableSpace>1102D2CC-C516-81A3-6AEE-F07394FC89E3</tableSpace>
<existingIndex>4A554ABC-F942-C0C5-802A-EF8665EB608B</existingIndex>
<indexSegment>B221C480-2D92-F7EB-78B3-87A44E50199E</indexSegment>
<indexSort>SORTED</indexSort>
<usingIndex>BY INDEX NAME</usingIndex>
</PrimaryKey>
</primaryKeys>
</TableProxyOraclev12c>