<?xml version = '1.0' encoding = 'UTF-8'?>
<SequenceOraclev10g class="oracle.dbtools.crest.model.design.storage.oracle.v10g.SequenceOraclev10g" name="SQ_ENDERECO_CEP_TEMP" directorySegmentName="seg_0" id="21F6480D-AB4E-5848-BB37-E695101DAFC4">
<sourceConnName>HIGIA_DEV.ENDERECO</sourceConnName>
<sourceObjSchema>ENDERECO</sourceObjSchema>
<sourceObjName>SQ_ENDERECO_CEP_TEMP</sourceObjName>
<createdBy>labbe</createdBy>
<createdTime>2017-06-28 18:27:04 UTC</createdTime>
<ownerDesignName>higia</ownerDesignName>
<cache>20</cache>
<incrementBy>1</incrementBy>
<maxValue>10000</maxValue>
<minValue>1</minValue>
<user>7736E6F4-2849-56D9-71B9-657642C40FBD</user>
<synonyms>
<Synonym class="oracle.dbtools.crest.model.design.storage.oracle.v10g.SynonymOraclev10g" name="SQ_ENDERECO_CEP_TEMP" directorySegmentName="seg_0" id="F154B618-86C4-FEF9-D2A7-967E0FEA3A7B">
<sourceConnName>HIGIA_DEV.ENDERECO</sourceConnName>
<sourceObjSchema>PUBLIC</sourceObjSchema>
<sourceObjName>SQ_ENDERECO_CEP_TEMP</sourceObjName>
<createdBy>labbe</createdBy>
<createdTime>2017-06-28 18:28:40 UTC</createdTime>
<ownerDesignName>higia</ownerDesignName>
<object>SQ_ENDERECO_CEP_TEMP</object>
<objectUser>7736E6F4-2849-56D9-71B9-657642C40FBD</objectUser>
<public>YES</public>
<referredObjectID>21F6480D-AB4E-5848-BB37-E695101DAFC4</referredObjectID>
</Synonym>
</synonyms>
</SequenceOraclev10g>