<?xml version = '1.0' encoding = 'UTF-8'?>
<SynonymOraclev10g class="oracle.dbtools.crest.model.design.storage.oracle.v10g.SynonymOraclev10g" name="FAIXA_ETARIA" directorySegmentName="seg_0" id="14276556-7563-105C-AC2A-8F6630764D3B">
<sourceConnName>HIGIA_DEV.CONTRATO</sourceConnName>
<sourceObjSchema>PUBLIC</sourceObjSchema>
<sourceObjName>FAIXA_ETARIA</sourceObjName>
<createdBy>labbe</createdBy>
<createdTime>2017-06-28 17:55:25 UTC</createdTime>
<ownerDesignName>higia</ownerDesignName>
<object>FAIXA_ETARIA</object>
<objectUser>9A75C46F-9D41-1ABE-9400-4EDA6351DABD</objectUser>
<public>YES</public>
</SynonymOraclev10g>