<?xml version = '1.0' encoding = 'UTF-8'?>
<SynonymOraclev10g class="oracle.dbtools.crest.model.design.storage.oracle.v10g.SynonymOraclev10g" name="PRECO_CONTRATO_PLANO_SV" directorySegmentName="seg_0" id="25B950D9-155A-67AA-6ADA-5AEF076C3DDD">
<sourceConnName>HIGIA_DEV.CONTRATO</sourceConnName>
<sourceObjSchema>PUBLIC</sourceObjSchema>
<sourceObjName>PRECO_CONTRATO_PLANO_SV</sourceObjName>
<createdBy>labbe</createdBy>
<createdTime>2017-06-28 17:55:25 UTC</createdTime>
<ownerDesignName>higia</ownerDesignName>
<object>PRECO_CONTRATO_PLANO_SV</object>
<objectUser>9A75C46F-9D41-1ABE-9400-4EDA6351DABD</objectUser>
<public>YES</public>
</SynonymOraclev10g>