<?xml version = '1.0' encoding = 'UTF-8'?>
<SynonymOraclev10g class="oracle.dbtools.crest.model.design.storage.oracle.v10g.SynonymOraclev10g" name="SQ_CONTRATO_PLANO_SV" directorySegmentName="seg_0" id="9CFC2A99-D3B2-2BBE-9F76-49D7356AE84B">
<sourceConnName>HIGIA_DEV.CONTRATO</sourceConnName>
<sourceObjSchema>PUBLIC</sourceObjSchema>
<sourceObjName>SQ_CONTRATO_PLANO_SV</sourceObjName>
<createdBy>labbe</createdBy>
<createdTime>2017-06-28 17:55:25 UTC</createdTime>
<ownerDesignName>higia</ownerDesignName>
<object>SQ_CONTRATO_PLANO_SV</object>
<objectUser>9A75C46F-9D41-1ABE-9400-4EDA6351DABD</objectUser>
<public>YES</public>
</SynonymOraclev10g>