<?xml version = '1.0' encoding = 'UTF-8'?>
<Table class="oracle.dbtools.crest.model.design.relational.Table" directorySegmentName="seg_0" id="1419D54F-BB37-4035-1F78-1DA49EEDD6F5" schemaObject="72384F93-8CCD-F9D8-FFD6-CFA26CE5980E" name="BANCO">
<sourceConnName>HIGIA_DEV.FATURAMENTO</sourceConnName>
<sourceObjSchema>FATURAMENTO</sourceObjSchema>
<sourceObjName>BANCO</sourceObjName>
<createdBy>labbe</createdBy>
<createdTime>2017-06-28 18:04:51 UTC</createdTime>
<ownerDesignName>higia</ownerDesignName>
<allowColumnReorder>false</allowColumnReorder>
<existDependencyGenerateInDDl>true</existDependencyGenerateInDDl>
<parsed>true</parsed>
<columns itemClass="oracle.dbtools.crest.model.design.relational.Column">
<Column name="COD_BANCO" id="FC46CFB6-9DC3-2C2D-3DFC-59B0C84CA927">
<sourceConnName>HIGIA_DEV.FATURAMENTO</sourceConnName>
<sourceObjSchema>BANCO</sourceObjSchema>
<sourceObjName>COD_BANCO</sourceObjName>
<createdBy>labbe</createdBy>
<createdTime>2017-06-28 18:04:58 UTC</createdTime>
<ownerDesignName>higia</ownerDesignName>
<useDomainConstraints>false</useDomainConstraints>
<use>1</use>
<logicalDatatype>LOGDT019</logicalDatatype>
<dataTypePrecision>*</dataTypePrecision>
<dataTypeScale>0</dataTypeScale>
<ownDataTypeParameters>,*,0</ownDataTypeParameters>
<autoIncrementCycle>false</autoIncrementCycle>
</Column>
<Column name="NRO_BANCO" id="EB0B1B8C-45D8-E9FB-0653-5A98F88D7FF1">
<sourceConnName>HIGIA_DEV.FATURAMENTO</sourceConnName>
<sourceObjSchema>BANCO</sourceObjSchema>
<sourceObjName>NRO_BANCO</sourceObjName>
<createdBy>labbe</createdBy>
<createdTime>2017-06-28 18:04:58 UTC</createdTime>
<ownerDesignName>higia</ownerDesignName>
<useDomainConstraints>false</useDomainConstraints>
<use>1</use>
<logicalDatatype>LOGDT024</logicalDatatype>
<dataTypeSize>4 BYTE</dataTypeSize>
<ownDataTypeParameters>4 BYTE,,</ownDataTypeParameters>
<autoIncrementCycle>false</autoIncrementCycle>
</Column>
<Column name="NM_BANCO" id="06F2896C-67E5-CB65-5159-88823D610D64">
<sourceConnName>HIGIA_DEV.FATURAMENTO</sourceConnName>
<sourceObjSchema>BANCO</sourceObjSchema>
<sourceObjName>NM_BANCO</sourceObjName>
<createdBy>labbe</createdBy>
<createdTime>2017-06-28 18:04:59 UTC</createdTime>
<ownerDesignName>higia</ownerDesignName>
<useDomainConstraints>false</useDomainConstraints>
<use>1</use>
<logicalDatatype>LOGDT024</logicalDatatype>
<dataTypeSize>50 BYTE</dataTypeSize>
<ownDataTypeParameters>50 BYTE,,</ownDataTypeParameters>
<autoIncrementCycle>false</autoIncrementCycle>
</Column>
</columns>
<indexes itemClass="oracle.dbtools.crest.model.design.relational.Index">
<ind_PK_UK id="77A8FFFE-C79C-6F4F-E1B4-C1FBCF87B82D" name="PK_BANCO">
<sourceConnName>HIGIA_DEV.FATURAMENTO</sourceConnName>
<sourceObjSchema>FATURAMENTO</sourceObjSchema>
<sourceObjName>PK_BANCO</sourceObjName>
<createdBy>labbe</createdBy>
<createdTime>2017-06-28 18:05:21 UTC</createdTime>
<ownerDesignName>higia</ownerDesignName>
<pk>true</pk>
<indexState>Primary Constraint</indexState>
<isSurrogateKey>false</isSurrogateKey>
<indexColumnUsage>
<colUsage columnID="FC46CFB6-9DC3-2C2D-3DFC-59B0C84CA927"/>
</indexColumnUsage>
</ind_PK_UK>
<ind_PK_UK id="088C5C7B-C661-46C7-969F-C29B0BAE09D9" name="UN_BANCO_1">
<sourceConnName>HIGIA_DEV.FATURAMENTO</sourceConnName>
<sourceObjSchema>FATURAMENTO</sourceObjSchema>
<sourceObjName>UN_BANCO_1</sourceObjName>
<createdBy>labbe</createdBy>
<createdTime>2017-06-28 18:05:21 UTC</createdTime>
<ownerDesignName>higia</ownerDesignName>
<indexState>Unique Constraint</indexState>
<isSurrogateKey>false</isSurrogateKey>
<indexColumnUsage>
<colUsage columnID="EB0B1B8C-45D8-E9FB-0653-5A98F88D7FF1"/>
</indexColumnUsage>
</ind_PK_UK>
<ind_PK_UK id="C60778A6-8E2C-3B40-3D3E-C3123E54A451" name="UN_BANCO_2">
<sourceConnName>HIGIA_DEV.FATURAMENTO</sourceConnName>
<sourceObjSchema>FATURAMENTO</sourceObjSchema>
<sourceObjName>UN_BANCO_2</sourceObjName>
<createdBy>labbe</createdBy>
<createdTime>2017-06-28 18:05:22 UTC</createdTime>
<ownerDesignName>higia</ownerDesignName>
<indexState>Unique Constraint</indexState>
<isSurrogateKey>false</isSurrogateKey>
<indexColumnUsage>
<colUsage columnID="06F2896C-67E5-CB65-5159-88823D610D64"/>
</indexColumnUsage>
</ind_PK_UK>
<ind_PK_UK id="32744066-D2BE-10FB-0A1B-24B98BD9A2A7" schemaObject="72384F93-8CCD-F9D8-FFD6-CFA26CE5980E" name="PK_BANCO">
<sourceConnName>HIGIA_DEV.FATURAMENTO</sourceConnName>
<sourceObjSchema>FATURAMENTO</sourceObjSchema>
<sourceObjName>PK_BANCO</sourceObjName>
<createdBy>labbe</createdBy>
<createdTime>2017-06-28 18:05:15 UTC</createdTime>
<ownerDesignName>higia</ownerDesignName>
<indexState>Unique Plain Index</indexState>
<isSurrogateKey>false</isSurrogateKey>
<indexColumnUsage>
<colUsage columnID="FC46CFB6-9DC3-2C2D-3DFC-59B0C84CA927"/>
</indexColumnUsage>
</ind_PK_UK>
<ind_PK_UK id="42F561A2-3E86-CC95-7B51-5CAFED8626EF" schemaObject="72384F93-8CCD-F9D8-FFD6-CFA26CE5980E" name="UN_BANCO_1">
<sourceConnName>HIGIA_DEV.FATURAMENTO</sourceConnName>
<sourceObjSchema>FATURAMENTO</sourceObjSchema>
<sourceObjName>UN_BANCO_1</sourceObjName>
<createdBy>labbe</createdBy>
<createdTime>2017-06-28 18:05:15 UTC</createdTime>
<ownerDesignName>higia</ownerDesignName>
<indexState>Unique Plain Index</indexState>
<isSurrogateKey>false</isSurrogateKey>
<indexColumnUsage>
<colUsage columnID="EB0B1B8C-45D8-E9FB-0653-5A98F88D7FF1"/>
</indexColumnUsage>
</ind_PK_UK>
<ind_PK_UK id="3D582009-71CD-094A-0B4E-7447F27B506B" schemaObject="72384F93-8CCD-F9D8-FFD6-CFA26CE5980E" name="UN_BANCO_2">
<sourceConnName>HIGIA_DEV.FATURAMENTO</sourceConnName>
<sourceObjSchema>FATURAMENTO</sourceObjSchema>
<sourceObjName>UN_BANCO_2</sourceObjName>
<createdBy>labbe</createdBy>
<createdTime>2017-06-28 18:05:15 UTC</createdTime>
<ownerDesignName>higia</ownerDesignName>
<indexState>Unique Plain Index</indexState>
<isSurrogateKey>false</isSurrogateKey>
<indexColumnUsage>
<colUsage columnID="06F2896C-67E5-CB65-5159-88823D610D64"/>
</indexColumnUsage>
</ind_PK_UK>
</indexes>
</Table>