<?xml version = '1.0' encoding = 'UTF-8'?>
<Table class="oracle.dbtools.crest.model.design.relational.Table" directorySegmentName="seg_0" id="2471C8B6-AA1D-EDDA-F354-2C0BF3CF8B14" schemaObject="72384F93-8CCD-F9D8-FFD6-CFA26CE5980E" name="DADO_BANCARIO">
<sourceConnName>HIGIA_DEV.FATURAMENTO</sourceConnName>
<sourceObjSchema>FATURAMENTO</sourceObjSchema>
<sourceObjName>DADO_BANCARIO</sourceObjName>
<createdBy>labbe</createdBy>
<createdTime>2017-06-28 18:04:53 UTC</createdTime>
<ownerDesignName>higia</ownerDesignName>
<allowColumnReorder>false</allowColumnReorder>
<existDependencyGenerateInDDl>true</existDependencyGenerateInDDl>
<parsed>true</parsed>
<columns itemClass="oracle.dbtools.crest.model.design.relational.Column">
<Column name="COD_DADO_BANCARIO" id="96C64E59-694F-2C1A-71E0-9EDCEA35F1DE">
<sourceConnName>HIGIA_DEV.FATURAMENTO</sourceConnName>
<sourceObjSchema>DADO_BANCARIO</sourceObjSchema>
<sourceObjName>COD_DADO_BANCARIO</sourceObjName>
<createdBy>labbe</createdBy>
<createdTime>2017-06-28 18:05:03 UTC</createdTime>
<ownerDesignName>higia</ownerDesignName>
<useDomainConstraints>false</useDomainConstraints>
<use>1</use>
<logicalDatatype>LOGDT019</logicalDatatype>
<dataTypePrecision>*</dataTypePrecision>
<dataTypeScale>0</dataTypeScale>
<ownDataTypeParameters>,*,0</ownDataTypeParameters>
<autoIncrementCycle>false</autoIncrementCycle>
</Column>
<Column name="TP_DADO_BANCARIO" id="E7E0616F-1AED-2275-9788-5ACCECF50D8F">
<sourceConnName>HIGIA_DEV.FATURAMENTO</sourceConnName>
<sourceObjSchema>DADO_BANCARIO</sourceObjSchema>
<sourceObjName>TP_DADO_BANCARIO</sourceObjName>
<createdBy>labbe</createdBy>
<createdTime>2017-06-28 18:05:03 UTC</createdTime>
<ownerDesignName>higia</ownerDesignName>
<constraintName>CK_DADO_BANCARIO_1</constraintName>
<useDomainConstraints>false</useDomainConstraints>
<use>1</use>
<logicalDatatype>LOGDT019</logicalDatatype>
<dataTypePrecision>*</dataTypePrecision>
<dataTypeScale>0</dataTypeScale>
<listOfValues>
<valueDef value="&apos;Reembolso&apos;" description=""/>
</listOfValues>
<ownDataTypeParameters>,*,0</ownDataTypeParameters>
<autoIncrementCycle>false</autoIncrementCycle>
</Column>
<Column name="COD_CONTA_CORRENTE" id="A813BF3B-4A57-378D-D52A-22276DB9BAE4">
<sourceConnName>HIGIA_DEV.FATURAMENTO</sourceConnName>
<sourceObjSchema>DADO_BANCARIO</sourceObjSchema>
<sourceObjName>COD_CONTA_CORRENTE</sourceObjName>
<createdBy>labbe</createdBy>
<createdTime>2017-06-28 18:05:04 UTC</createdTime>
<ownerDesignName>higia</ownerDesignName>
<useDomainConstraints>false</useDomainConstraints>
<use>1</use>
<logicalDatatype>LOGDT019</logicalDatatype>
<dataTypePrecision>*</dataTypePrecision>
<dataTypeScale>0</dataTypeScale>
<ownDataTypeParameters>,*,0</ownDataTypeParameters>
<autoIncrementCycle>false</autoIncrementCycle>
<associations>
<colAssociation fkAssociation="661EA984-16BD-8FFE-A982-469F8E1841F4" referredColumn="B91834EF-7C16-BAAC-115F-BAB5D3A5979A"/>
</associations>
</Column>
<Column name="COD_FATURAMENTO" id="111FC286-C2EE-9486-1F83-314706E307BB">
<sourceConnName>HIGIA_DEV.FATURAMENTO</sourceConnName>
<sourceObjSchema>DADO_BANCARIO</sourceObjSchema>
<sourceObjName>COD_FATURAMENTO</sourceObjName>
<createdBy>labbe</createdBy>
<createdTime>2017-06-28 18:05:04 UTC</createdTime>
<ownerDesignName>higia</ownerDesignName>
<useDomainConstraints>false</useDomainConstraints>
<use>1</use>
<logicalDatatype>LOGDT019</logicalDatatype>
<dataTypePrecision>*</dataTypePrecision>
<dataTypeScale>0</dataTypeScale>
<ownDataTypeParameters>,*,0</ownDataTypeParameters>
<autoIncrementCycle>false</autoIncrementCycle>
<associations>
<colAssociation fkAssociation="FB1562D4-2A9D-7DEB-89C0-455F7E30C5FF" referredColumn="0FD06E3F-02D2-56CE-4FC4-903367F3C330"/>
</associations>
</Column>
<Column name="COD_STATUS_CADASTRO" id="BFCD2C2B-F774-8B64-CDB4-B448A11F2F92">
<sourceConnName>HIGIA_DEV.FATURAMENTO</sourceConnName>
<sourceObjSchema>DADO_BANCARIO</sourceObjSchema>
<sourceObjName>COD_STATUS_CADASTRO</sourceObjName>
<createdBy>labbe</createdBy>
<createdTime>2017-06-28 18:05:04 UTC</createdTime>
<ownerDesignName>higia</ownerDesignName>
<useDomainConstraints>false</useDomainConstraints>
<use>1</use>
<logicalDatatype>LOGDT019</logicalDatatype>
<dataTypePrecision>*</dataTypePrecision>
<dataTypeScale>0</dataTypeScale>
<defaultValue>1</defaultValue>
<ownDataTypeParameters>,*,0</ownDataTypeParameters>
<autoIncrementCycle>false</autoIncrementCycle>
</Column>
<Column name="FL_VALIDO" id="6B892AA1-DDE2-C032-874D-02148F48C12A">
<sourceConnName>HIGIA_DEV.FATURAMENTO</sourceConnName>
<sourceObjSchema>DADO_BANCARIO</sourceObjSchema>
<sourceObjName>FL_VALIDO</sourceObjName>
<createdBy>labbe</createdBy>
<createdTime>2017-06-28 18:05:04 UTC</createdTime>
<ownerDesignName>higia</ownerDesignName>
<constraintName>CK_DADO_BANCARIO_2</constraintName>
<useDomainConstraints>false</useDomainConstraints>
<use>1</use>
<logicalDatatype>LOGDT025</logicalDatatype>
<dataTypeSize>1 BYTE</dataTypeSize>
<listOfValues>
<valueDef value="&apos;N&apos;" description=""/>
<valueDef value="&apos;S&apos;" description=""/>
</listOfValues>
<defaultValue>&apos;N&apos;</defaultValue>
<ownDataTypeParameters>1 BYTE,,</ownDataTypeParameters>
<autoIncrementCycle>false</autoIncrementCycle>
</Column>
</columns>
<indexes itemClass="oracle.dbtools.crest.model.design.relational.Index">
<ind_PK_UK id="0C8C43CC-8996-2214-8341-F7093BE4E22F" name="PK_DADO_BANCARIO">
<sourceConnName>HIGIA_DEV.FATURAMENTO</sourceConnName>
<sourceObjSchema>FATURAMENTO</sourceObjSchema>
<sourceObjName>PK_DADO_BANCARIO</sourceObjName>
<createdBy>labbe</createdBy>
<createdTime>2017-06-28 18:05:29 UTC</createdTime>
<ownerDesignName>higia</ownerDesignName>
<pk>true</pk>
<indexState>Primary Constraint</indexState>
<isSurrogateKey>false</isSurrogateKey>
<indexColumnUsage>
<colUsage columnID="96C64E59-694F-2C1A-71E0-9EDCEA35F1DE"/>
</indexColumnUsage>
</ind_PK_UK>
<ind_PK_UK id="F09C9991-56FD-1C26-DF9D-18358281167F" name="UN_DADO_BANCARIO_1">
<sourceConnName>HIGIA_DEV.FATURAMENTO</sourceConnName>
<sourceObjSchema>FATURAMENTO</sourceObjSchema>
<sourceObjName>UN_DADO_BANCARIO_1</sourceObjName>
<createdBy>labbe</createdBy>
<createdTime>2017-06-28 18:05:31 UTC</createdTime>
<ownerDesignName>higia</ownerDesignName>
<indexState>Unique Constraint</indexState>
<isSurrogateKey>false</isSurrogateKey>
<indexColumnUsage>
<colUsage columnID="E7E0616F-1AED-2275-9788-5ACCECF50D8F"/>
</indexColumnUsage>
</ind_PK_UK>
<ind_PK_UK id="4A6BD8F2-48B5-70FB-B9CE-EBA29DD265C3" schemaObject="72384F93-8CCD-F9D8-FFD6-CFA26CE5980E" name="PK_DADO_BANCARIO">
<sourceConnName>HIGIA_DEV.FATURAMENTO</sourceConnName>
<sourceObjSchema>FATURAMENTO</sourceObjSchema>
<sourceObjName>PK_DADO_BANCARIO</sourceObjName>
<createdBy>labbe</createdBy>
<createdTime>2017-06-28 18:05:16 UTC</createdTime>
<ownerDesignName>higia</ownerDesignName>
<indexState>Unique Plain Index</indexState>
<isSurrogateKey>false</isSurrogateKey>
<indexColumnUsage>
<colUsage columnID="96C64E59-694F-2C1A-71E0-9EDCEA35F1DE"/>
</indexColumnUsage>
</ind_PK_UK>
<ind_PK_UK id="A4419C0A-1566-E918-4D22-9141796B8FE8" schemaObject="72384F93-8CCD-F9D8-FFD6-CFA26CE5980E" name="UN_DADO_BANCARIO_1">
<sourceConnName>HIGIA_DEV.FATURAMENTO</sourceConnName>
<sourceObjSchema>FATURAMENTO</sourceObjSchema>
<sourceObjName>UN_DADO_BANCARIO_1</sourceObjName>
<createdBy>labbe</createdBy>
<createdTime>2017-06-28 18:05:16 UTC</createdTime>
<ownerDesignName>higia</ownerDesignName>
<indexState>Unique Plain Index</indexState>
<isSurrogateKey>false</isSurrogateKey>
<indexColumnUsage>
<colUsage columnID="E7E0616F-1AED-2275-9788-5ACCECF50D8F"/>
</indexColumnUsage>
</ind_PK_UK>
<ind_PK_UK id="15F1C7B6-5CC2-E0D4-52C5-45B3EFA30212" name="FK_DADO_BANCARIO_1">
<createdBy>labbe</createdBy>
<createdTime>2017-06-28 18:05:47 UTC</createdTime>
<ownerDesignName>higia</ownerDesignName>
<indexState>Foreign Key</indexState>
<isSurrogateKey>false</isSurrogateKey>
<indexColumnUsage>
<colUsage columnID="A813BF3B-4A57-378D-D52A-22276DB9BAE4"/>
</indexColumnUsage>
</ind_PK_UK>
<ind_PK_UK id="948E4CA4-F196-4264-EE51-02E635863458" name="FK_DADO_BANCARIO_2">
<createdBy>labbe</createdBy>
<createdTime>2017-06-28 18:05:47 UTC</createdTime>
<ownerDesignName>higia</ownerDesignName>
<indexState>Foreign Key</indexState>
<isSurrogateKey>false</isSurrogateKey>
<indexColumnUsage>
<colUsage columnID="111FC286-C2EE-9486-1F83-314706E307BB"/>
</indexColumnUsage>
</ind_PK_UK>
</indexes>
</Table>