<?xml version = '1.0' encoding = 'UTF-8'?>
<Table class="oracle.dbtools.crest.model.design.relational.Table" directorySegmentName="seg_0" id="258A0F7F-BACC-1702-A6FC-29546666851F" schemaObject="72384F93-8CCD-F9D8-FFD6-CFA26CE5980E" name="LAYOUT_BOLETO">
<sourceConnName>HIGIA_DEV.FATURAMENTO</sourceConnName>
<sourceObjSchema>FATURAMENTO</sourceObjSchema>
<sourceObjName>LAYOUT_BOLETO</sourceObjName>
<createdBy>labbe</createdBy>
<createdTime>2017-06-28 18:04:54 UTC</createdTime>
<ownerDesignName>higia</ownerDesignName>
<allowColumnReorder>false</allowColumnReorder>
<existDependencyGenerateInDDl>true</existDependencyGenerateInDDl>
<parsed>true</parsed>
<columns itemClass="oracle.dbtools.crest.model.design.relational.Column">
<Column name="COD_LAYOUT_BOLETO" id="97B902C7-BF7F-0620-CB21-9728794BBEB4">
<sourceConnName>HIGIA_DEV.FATURAMENTO</sourceConnName>
<sourceObjSchema>LAYOUT_BOLETO</sourceObjSchema>
<sourceObjName>COD_LAYOUT_BOLETO</sourceObjName>
<createdBy>labbe</createdBy>
<createdTime>2017-06-28 18:05:09 UTC</createdTime>
<ownerDesignName>higia</ownerDesignName>
<useDomainConstraints>false</useDomainConstraints>
<use>1</use>
<logicalDatatype>LOGDT019</logicalDatatype>
<dataTypePrecision>*</dataTypePrecision>
<dataTypeScale>0</dataTypeScale>
<ownDataTypeParameters>,*,0</ownDataTypeParameters>
<autoIncrementCycle>false</autoIncrementCycle>
</Column>
<Column name="NM_LAYOUT_BOLETO" id="2E3CA728-9E3A-E3E5-BF4D-DFBA15FABD6A">
<sourceConnName>HIGIA_DEV.FATURAMENTO</sourceConnName>
<sourceObjSchema>LAYOUT_BOLETO</sourceObjSchema>
<sourceObjName>NM_LAYOUT_BOLETO</sourceObjName>
<createdBy>labbe</createdBy>
<createdTime>2017-06-28 18:05:09 UTC</createdTime>
<ownerDesignName>higia</ownerDesignName>
<useDomainConstraints>false</useDomainConstraints>
<use>1</use>
<logicalDatatype>LOGDT024</logicalDatatype>
<dataTypeSize>50 BYTE</dataTypeSize>
<ownDataTypeParameters>50 BYTE,,</ownDataTypeParameters>
<autoIncrementCycle>false</autoIncrementCycle>
</Column>
<Column name="DSC_LAYOUT_BOLETO" id="32E9116D-7675-D1F9-0F6D-38C8BBF86DA7">
<sourceConnName>HIGIA_DEV.FATURAMENTO</sourceConnName>
<sourceObjSchema>LAYOUT_BOLETO</sourceObjSchema>
<sourceObjName>DSC_LAYOUT_BOLETO</sourceObjName>
<createdBy>labbe</createdBy>
<createdTime>2017-06-28 18:05:09 UTC</createdTime>
<ownerDesignName>higia</ownerDesignName>
<useDomainConstraints>false</useDomainConstraints>
<use>1</use>
<logicalDatatype>LOGDT024</logicalDatatype>
<dataTypeSize>200 BYTE</dataTypeSize>
<ownDataTypeParameters>200 BYTE,,</ownDataTypeParameters>
<autoIncrementCycle>false</autoIncrementCycle>
</Column>
</columns>
<indexes itemClass="oracle.dbtools.crest.model.design.relational.Index">
<ind_PK_UK id="7147758A-44F3-472B-E971-F5E8F0584AA8" name="PK_LAYOUT_BOLETO">
<sourceConnName>HIGIA_DEV.FATURAMENTO</sourceConnName>
<sourceObjSchema>FATURAMENTO</sourceObjSchema>
<sourceObjName>PK_LAYOUT_BOLETO</sourceObjName>
<createdBy>labbe</createdBy>
<createdTime>2017-06-28 18:05:38 UTC</createdTime>
<ownerDesignName>higia</ownerDesignName>
<pk>true</pk>
<indexState>Primary Constraint</indexState>
<isSurrogateKey>false</isSurrogateKey>
<indexColumnUsage>
<colUsage columnID="97B902C7-BF7F-0620-CB21-9728794BBEB4"/>
</indexColumnUsage>
</ind_PK_UK>
<ind_PK_UK id="1F2A36E9-AE98-B694-571B-CB0A7A5FA421" name="UN_LAYOUT_BOLETO_1">
<sourceConnName>HIGIA_DEV.FATURAMENTO</sourceConnName>
<sourceObjSchema>FATURAMENTO</sourceObjSchema>
<sourceObjName>UN_LAYOUT_BOLETO_1</sourceObjName>
<createdBy>labbe</createdBy>
<createdTime>2017-06-28 18:05:39 UTC</createdTime>
<ownerDesignName>higia</ownerDesignName>
<indexState>Unique Constraint</indexState>
<isSurrogateKey>false</isSurrogateKey>
<indexColumnUsage>
<colUsage columnID="2E3CA728-9E3A-E3E5-BF4D-DFBA15FABD6A"/>
</indexColumnUsage>
</ind_PK_UK>
<ind_PK_UK id="A2125E6A-A25E-E0F7-2780-FBB8965C6057" schemaObject="72384F93-8CCD-F9D8-FFD6-CFA26CE5980E" name="PK_LAYOUT_BOLETO">
<sourceConnName>HIGIA_DEV.FATURAMENTO</sourceConnName>
<sourceObjSchema>FATURAMENTO</sourceObjSchema>
<sourceObjName>PK_LAYOUT_BOLETO</sourceObjName>
<createdBy>labbe</createdBy>
<createdTime>2017-06-28 18:05:16 UTC</createdTime>
<ownerDesignName>higia</ownerDesignName>
<indexState>Unique Plain Index</indexState>
<isSurrogateKey>false</isSurrogateKey>
<indexColumnUsage>
<colUsage columnID="97B902C7-BF7F-0620-CB21-9728794BBEB4"/>
</indexColumnUsage>
</ind_PK_UK>
<ind_PK_UK id="A2ACF376-3EA5-05D6-A5CD-EF8575B1B5E9" schemaObject="72384F93-8CCD-F9D8-FFD6-CFA26CE5980E" name="UN_LAYOUT_BOLETO_1">
<sourceConnName>HIGIA_DEV.FATURAMENTO</sourceConnName>
<sourceObjSchema>FATURAMENTO</sourceObjSchema>
<sourceObjName>UN_LAYOUT_BOLETO_1</sourceObjName>
<createdBy>labbe</createdBy>
<createdTime>2017-06-28 18:05:16 UTC</createdTime>
<ownerDesignName>higia</ownerDesignName>
<indexState>Unique Plain Index</indexState>
<isSurrogateKey>false</isSurrogateKey>
<indexColumnUsage>
<colUsage columnID="2E3CA728-9E3A-E3E5-BF4D-DFBA15FABD6A"/>
</indexColumnUsage>
</ind_PK_UK>
</indexes>
</Table>