<?xml version = '1.0' encoding = 'UTF-8'?>
<Table class="oracle.dbtools.crest.model.design.relational.Table" directorySegmentName="seg_0" id="4CCB1D67-A436-9DAC-4FCA-3552610A3192" schemaObject="72384F93-8CCD-F9D8-FFD6-CFA26CE5980E" name="ACRESCIMO_DESCONTO">
<sourceConnName>HIGIA_DEV.FATURAMENTO</sourceConnName>
<sourceObjSchema>FATURAMENTO</sourceObjSchema>
<sourceObjName>ACRESCIMO_DESCONTO</sourceObjName>
<createdBy>labbe</createdBy>
<createdTime>2017-06-28 18:04:50 UTC</createdTime>
<ownerDesignName>higia</ownerDesignName>
<allowColumnReorder>false</allowColumnReorder>
<existDependencyGenerateInDDl>true</existDependencyGenerateInDDl>
<parsed>true</parsed>
<columns itemClass="oracle.dbtools.crest.model.design.relational.Column">
<Column name="COD_ACRESCIMO_DESCONTO" id="2DF0EFE1-B99D-B6B0-C4E2-A83F1B1B604E">
<sourceConnName>HIGIA_DEV.FATURAMENTO</sourceConnName>
<sourceObjSchema>ACRESCIMO_DESCONTO</sourceObjSchema>
<sourceObjName>COD_ACRESCIMO_DESCONTO</sourceObjName>
<createdBy>labbe</createdBy>
<createdTime>2017-06-28 18:04:56 UTC</createdTime>
<ownerDesignName>higia</ownerDesignName>
<useDomainConstraints>false</useDomainConstraints>
<use>1</use>
<logicalDatatype>LOGDT019</logicalDatatype>
<dataTypePrecision>*</dataTypePrecision>
<ownDataTypeParameters>,*,</ownDataTypeParameters>
<autoIncrementCycle>false</autoIncrementCycle>
</Column>
<Column name="COD_FATURAMENTO" id="44A3DC54-A3BF-070F-CC6E-CEC7E68A940F">
<sourceConnName>HIGIA_DEV.FATURAMENTO</sourceConnName>
<sourceObjSchema>ACRESCIMO_DESCONTO</sourceObjSchema>
<sourceObjName>COD_FATURAMENTO</sourceObjName>
<createdBy>labbe</createdBy>
<createdTime>2017-06-28 18:04:56 UTC</createdTime>
<ownerDesignName>higia</ownerDesignName>
<useDomainConstraints>false</useDomainConstraints>
<use>1</use>
<logicalDatatype>LOGDT019</logicalDatatype>
<dataTypePrecision>*</dataTypePrecision>
<dataTypeScale>0</dataTypeScale>
<ownDataTypeParameters>,,</ownDataTypeParameters>
<autoIncrementCycle>false</autoIncrementCycle>
<associations>
<colAssociation fkAssociation="3D090D63-D1D5-D0C3-9EC7-C8639A1CEE98" referredColumn="0FD06E3F-02D2-56CE-4FC4-903367F3C330"/>
</associations>
</Column>
<Column name="TP_ACRESCIMO_DESCONTO" id="94B4423A-9BC1-7EF2-E4CA-6867CB57E23C">
<sourceConnName>HIGIA_DEV.FATURAMENTO</sourceConnName>
<sourceObjSchema>ACRESCIMO_DESCONTO</sourceObjSchema>
<sourceObjName>TP_ACRESCIMO_DESCONTO</sourceObjName>
<createdBy>labbe</createdBy>
<createdTime>2017-06-28 18:04:56 UTC</createdTime>
<ownerDesignName>higia</ownerDesignName>
<useDomainConstraints>false</useDomainConstraints>
<use>1</use>
<logicalDatatype>LOGDT024</logicalDatatype>
<dataTypeSize>20 BYTE</dataTypeSize>
<ownDataTypeParameters>20 BYTE,,</ownDataTypeParameters>
<autoIncrementCycle>false</autoIncrementCycle>
</Column>
<Column name="DT_INICIO" id="E1C7DEC5-F60C-E0B1-4FEC-337056C0B754">
<sourceConnName>HIGIA_DEV.FATURAMENTO</sourceConnName>
<sourceObjSchema>ACRESCIMO_DESCONTO</sourceObjSchema>
<sourceObjName>DT_INICIO</sourceObjName>
<createdBy>labbe</createdBy>
<createdTime>2017-06-28 18:04:56 UTC</createdTime>
<ownerDesignName>higia</ownerDesignName>
<useDomainConstraints>false</useDomainConstraints>
<use>1</use>
<logicalDatatype>LOGDT007</logicalDatatype>
<dataTypeSize>7</dataTypeSize>
<ownDataTypeParameters>7,,</ownDataTypeParameters>
<autoIncrementCycle>false</autoIncrementCycle>
</Column>
<Column name="DT_FINAL" id="ABE5BF91-F38C-219F-B162-2C672007D2CA">
<sourceConnName>HIGIA_DEV.FATURAMENTO</sourceConnName>
<sourceObjSchema>ACRESCIMO_DESCONTO</sourceObjSchema>
<sourceObjName>DT_FINAL</sourceObjName>
<createdBy>labbe</createdBy>
<createdTime>2017-06-28 18:04:57 UTC</createdTime>
<ownerDesignName>higia</ownerDesignName>
<nullsAllowed>true</nullsAllowed>
<useDomainConstraints>false</useDomainConstraints>
<use>1</use>
<logicalDatatype>LOGDT007</logicalDatatype>
<dataTypeSize>7</dataTypeSize>
<ownDataTypeParameters>7,,</ownDataTypeParameters>
<autoIncrementCycle>false</autoIncrementCycle>
</Column>
<Column name="COD_MOTIVO" id="E415CA5A-E22B-729E-9162-BA32F4BE29AC">
<sourceConnName>HIGIA_DEV.FATURAMENTO</sourceConnName>
<sourceObjSchema>ACRESCIMO_DESCONTO</sourceObjSchema>
<sourceObjName>COD_MOTIVO</sourceObjName>
<createdBy>labbe</createdBy>
<createdTime>2017-06-28 18:04:57 UTC</createdTime>
<ownerDesignName>higia</ownerDesignName>
<useDomainConstraints>false</useDomainConstraints>
<use>1</use>
<logicalDatatype>LOGDT019</logicalDatatype>
<dataTypePrecision>*</dataTypePrecision>
<dataTypeScale>0</dataTypeScale>
<ownDataTypeParameters>,*,0</ownDataTypeParameters>
<autoIncrementCycle>false</autoIncrementCycle>
</Column>
<Column name="FL_TODO_CONTRATO" id="65E4DEF7-4837-0BB1-74D6-97B881D72A4C">
<sourceConnName>HIGIA_DEV.FATURAMENTO</sourceConnName>
<sourceObjSchema>ACRESCIMO_DESCONTO</sourceObjSchema>
<sourceObjName>FL_TODO_CONTRATO</sourceObjName>
<createdBy>labbe</createdBy>
<createdTime>2017-06-28 18:04:57 UTC</createdTime>
<ownerDesignName>higia</ownerDesignName>
<nullsAllowed>true</nullsAllowed>
<useDomainConstraints>false</useDomainConstraints>
<use>1</use>
<logicalDatatype>LOGDT025</logicalDatatype>
<dataTypeSize>1 BYTE</dataTypeSize>
<ownDataTypeParameters>1 BYTE,,</ownDataTypeParameters>
<autoIncrementCycle>false</autoIncrementCycle>
</Column>
<Column name="VLR_ACRESCIMO_DESCONTO" id="17B068A1-7CF1-46DC-C107-4CFBB0C9C68F">
<sourceConnName>HIGIA_DEV.FATURAMENTO</sourceConnName>
<sourceObjSchema>ACRESCIMO_DESCONTO</sourceObjSchema>
<sourceObjName>VLR_ACRESCIMO_DESCONTO</sourceObjName>
<createdBy>labbe</createdBy>
<createdTime>2017-06-28 18:04:57 UTC</createdTime>
<ownerDesignName>higia</ownerDesignName>
<useDomainConstraints>false</useDomainConstraints>
<use>1</use>
<logicalDatatype>LOGDT019</logicalDatatype>
<dataTypePrecision>14</dataTypePrecision>
<dataTypeScale>4</dataTypeScale>
<ownDataTypeParameters>,14,4</ownDataTypeParameters>
<autoIncrementCycle>false</autoIncrementCycle>
</Column>
<Column name="COD_USUARIO_SF" id="047FC1CF-DE0A-2A8C-9686-47F7392C0A73">
<sourceConnName>HIGIA_DEV.FATURAMENTO</sourceConnName>
<sourceObjSchema>ACRESCIMO_DESCONTO</sourceObjSchema>
<sourceObjName>COD_USUARIO_SF</sourceObjName>
<createdBy>labbe</createdBy>
<createdTime>2017-06-28 18:04:57 UTC</createdTime>
<ownerDesignName>higia</ownerDesignName>
<nullsAllowed>true</nullsAllowed>
<useDomainConstraints>false</useDomainConstraints>
<use>1</use>
<logicalDatatype>LOGDT019</logicalDatatype>
<dataTypePrecision>*</dataTypePrecision>
<ownDataTypeParameters>,*,</ownDataTypeParameters>
<autoIncrementCycle>false</autoIncrementCycle>
</Column>
<Column name="DSC_CENTRO_CUSTO" id="57821B88-0B91-41F5-7AAB-C1B1762CD591">
<sourceConnName>HIGIA_DEV.FATURAMENTO</sourceConnName>
<sourceObjSchema>ACRESCIMO_DESCONTO</sourceObjSchema>
<sourceObjName>DSC_CENTRO_CUSTO</sourceObjName>
<createdBy>labbe</createdBy>
<createdTime>2017-06-28 18:04:58 UTC</createdTime>
<ownerDesignName>higia</ownerDesignName>
<useDomainConstraints>false</useDomainConstraints>
<use>1</use>
<logicalDatatype>LOGDT024</logicalDatatype>
<dataTypeSize>50 BYTE</dataTypeSize>
<ownDataTypeParameters>50 BYTE,,</ownDataTypeParameters>
<autoIncrementCycle>false</autoIncrementCycle>
</Column>
<Column name="COD_USUARIO_RESP" id="44E56F5B-4071-0C5C-A3AD-3444CE30C4F7">
<sourceConnName>HIGIA_DEV.FATURAMENTO</sourceConnName>
<sourceObjSchema>ACRESCIMO_DESCONTO</sourceObjSchema>
<sourceObjName>COD_USUARIO_RESP</sourceObjName>
<createdBy>labbe</createdBy>
<createdTime>2017-06-28 18:04:58 UTC</createdTime>
<ownerDesignName>higia</ownerDesignName>
<useDomainConstraints>false</useDomainConstraints>
<use>1</use>
<logicalDatatype>LOGDT019</logicalDatatype>
<dataTypePrecision>38</dataTypePrecision>
<ownDataTypeParameters>,38,</ownDataTypeParameters>
<autoIncrementCycle>false</autoIncrementCycle>
</Column>
<Column name="DSC_JUSTIFICATIVA" id="471379F3-1DEE-A0F0-B01B-C09208527BD7">
<createdBy>labbe</createdBy>
<createdTime>2017-07-18 14:03:08 UTC</createdTime>
<ownerDesignName>higia</ownerDesignName>
<nullsAllowed>true</nullsAllowed>
<useDomainConstraints>false</useDomainConstraints>
<use>1</use>
<logicalDatatype>LOGDT024</logicalDatatype>
<dataTypeSize>200</dataTypeSize>
<ownDataTypeParameters>200,,</ownDataTypeParameters>
<autoIncrementCycle>false</autoIncrementCycle>
</Column>
<Column name="COD_PUBLICO_ACRESCIMO_DESCONTO" id="AD07EFFC-4738-B0CB-F041-B598B8234E91">
<createdBy>labbe</createdBy>
<createdTime>2017-08-10 18:13:02 UTC</createdTime>
<ownerDesignName>higia</ownerDesignName>
<nullsAllowed>true</nullsAllowed>
<useDomainConstraints>false</useDomainConstraints>
<use>1</use>
<logicalDatatype>LOGDT019</logicalDatatype>
<ownDataTypeParameters>,,</ownDataTypeParameters>
<previousColumn>false</previousColumn>
<autoIncrementCycle>false</autoIncrementCycle>
<associations>
<colAssociation fkAssociation="7130E485-6FE9-6A69-B3A2-BC73722037A4" referredColumn="B37749B0-98C8-C654-8970-8CA990CE01DA"/>
</associations>
</Column>
</columns>
<indexes itemClass="oracle.dbtools.crest.model.design.relational.Index">
<ind_PK_UK id="0D02817A-B7EF-5062-A1D5-9ADDEB65413C" name="FK_ACRESCIMO_DESCONTO_1">
<createdBy>labbe</createdBy>
<createdTime>2017-06-28 18:05:47 UTC</createdTime>
<ownerDesignName>higia</ownerDesignName>
<indexState>Foreign Key</indexState>
<isSurrogateKey>false</isSurrogateKey>
<indexColumnUsage>
<colUsage columnID="44A3DC54-A3BF-070F-CC6E-CEC7E68A940F"/>
</indexColumnUsage>
</ind_PK_UK>
<ind_PK_UK id="C3E51874-D222-A695-FC0C-323504F024C9" name="FK_ACRESCIMO_DESCONTO_2">
<createdBy>labbe</createdBy>
<createdTime>2017-08-10 18:13:02 UTC</createdTime>
<ownerDesignName>higia</ownerDesignName>
<indexState>Foreign Key</indexState>
<isSurrogateKey>false</isSurrogateKey>
<indexColumnUsage>
<colUsage columnID="AD07EFFC-4738-B0CB-F041-B598B8234E91"/>
</indexColumnUsage>
</ind_PK_UK>
</indexes>
</Table>