<?xml version = '1.0' encoding = 'UTF-8'?>
<Table class="oracle.dbtools.crest.model.design.relational.Table" directorySegmentName="seg_0" id="706A4C50-EE94-92C8-3A8B-EFA72F43FA88" schemaObject="72384F93-8CCD-F9D8-FFD6-CFA26CE5980E" name="CALCULO_PRO_RATA">
<sourceConnName>HIGIA_DEV.FATURAMENTO</sourceConnName>
<sourceObjSchema>FATURAMENTO</sourceObjSchema>
<sourceObjName>CALCULO_PRO_RATA</sourceObjName>
<createdBy>labbe</createdBy>
<createdTime>2017-06-28 18:04:51 UTC</createdTime>
<ownerDesignName>higia</ownerDesignName>
<allowColumnReorder>false</allowColumnReorder>
<existDependencyGenerateInDDl>true</existDependencyGenerateInDDl>
<parsed>true</parsed>
<columns itemClass="oracle.dbtools.crest.model.design.relational.Column">
<Column name="COD_CALCULO_PRO_RATA" id="5CE33F7F-E1E2-4966-1056-E558E7538BE0">
<sourceConnName>HIGIA_DEV.FATURAMENTO</sourceConnName>
<sourceObjSchema>CALCULO_PRO_RATA</sourceObjSchema>
<sourceObjName>COD_CALCULO_PRO_RATA</sourceObjName>
<createdBy>labbe</createdBy>
<createdTime>2017-06-28 18:04:59 UTC</createdTime>
<ownerDesignName>higia</ownerDesignName>
<useDomainConstraints>false</useDomainConstraints>
<use>1</use>
<logicalDatatype>LOGDT019</logicalDatatype>
<dataTypePrecision>*</dataTypePrecision>
<dataTypeScale>0</dataTypeScale>
<ownDataTypeParameters>,*,0</ownDataTypeParameters>
<autoIncrementCycle>false</autoIncrementCycle>
</Column>
<Column name="NM_CALCULO_PRO_RATA" id="6B85D89E-346D-3FE2-FF0B-4EE9B2E912BC">
<sourceConnName>HIGIA_DEV.FATURAMENTO</sourceConnName>
<sourceObjSchema>CALCULO_PRO_RATA</sourceObjSchema>
<sourceObjName>NM_CALCULO_PRO_RATA</sourceObjName>
<createdBy>labbe</createdBy>
<createdTime>2017-06-28 18:04:59 UTC</createdTime>
<ownerDesignName>higia</ownerDesignName>
<useDomainConstraints>false</useDomainConstraints>
<use>1</use>
<logicalDatatype>LOGDT024</logicalDatatype>
<dataTypeSize>50 BYTE</dataTypeSize>
<ownDataTypeParameters>50 BYTE,,</ownDataTypeParameters>
<autoIncrementCycle>false</autoIncrementCycle>
</Column>
<Column name="DSC_CALCULO_PRO_RATA" id="F58EF58E-A08E-96BA-83AD-12933CB3DDFB">
<sourceConnName>HIGIA_DEV.FATURAMENTO</sourceConnName>
<sourceObjSchema>CALCULO_PRO_RATA</sourceObjSchema>
<sourceObjName>DSC_CALCULO_PRO_RATA</sourceObjName>
<createdBy>labbe</createdBy>
<createdTime>2017-06-28 18:05:00 UTC</createdTime>
<ownerDesignName>higia</ownerDesignName>
<useDomainConstraints>false</useDomainConstraints>
<use>1</use>
<logicalDatatype>LOGDT024</logicalDatatype>
<dataTypeSize>200 BYTE</dataTypeSize>
<ownDataTypeParameters>200 BYTE,,</ownDataTypeParameters>
<autoIncrementCycle>false</autoIncrementCycle>
</Column>
</columns>
<indexes itemClass="oracle.dbtools.crest.model.design.relational.Index">
<ind_PK_UK id="E82FF496-596D-444B-5DB7-CCA8F3774172" name="PK_CALCULO_PRO_RATA">
<sourceConnName>HIGIA_DEV.FATURAMENTO</sourceConnName>
<sourceObjSchema>FATURAMENTO</sourceObjSchema>
<sourceObjName>PK_CALCULO_PRO_RATA</sourceObjName>
<createdBy>labbe</createdBy>
<createdTime>2017-06-28 18:05:22 UTC</createdTime>
<ownerDesignName>higia</ownerDesignName>
<pk>true</pk>
<indexState>Primary Constraint</indexState>
<isSurrogateKey>false</isSurrogateKey>
<indexColumnUsage>
<colUsage columnID="5CE33F7F-E1E2-4966-1056-E558E7538BE0"/>
</indexColumnUsage>
</ind_PK_UK>
<ind_PK_UK id="2556E0D6-D3BF-ADF9-3ECC-DDAAF7336395" name="UN_CALCULO_PRO_RATA_1">
<sourceConnName>HIGIA_DEV.FATURAMENTO</sourceConnName>
<sourceObjSchema>FATURAMENTO</sourceObjSchema>
<sourceObjName>UN_CALCULO_PRO_RATA_1</sourceObjName>
<createdBy>labbe</createdBy>
<createdTime>2017-06-28 18:05:23 UTC</createdTime>
<ownerDesignName>higia</ownerDesignName>
<indexState>Unique Constraint</indexState>
<isSurrogateKey>false</isSurrogateKey>
<indexColumnUsage>
<colUsage columnID="6B85D89E-346D-3FE2-FF0B-4EE9B2E912BC"/>
</indexColumnUsage>
</ind_PK_UK>
<ind_PK_UK id="FF0415BE-E45E-D560-1732-C0B05DC5E2FD" schemaObject="72384F93-8CCD-F9D8-FFD6-CFA26CE5980E" name="PK_CALCULO_PRO_RATA">
<sourceConnName>HIGIA_DEV.FATURAMENTO</sourceConnName>
<sourceObjSchema>FATURAMENTO</sourceObjSchema>
<sourceObjName>PK_CALCULO_PRO_RATA</sourceObjName>
<createdBy>labbe</createdBy>
<createdTime>2017-06-28 18:05:15 UTC</createdTime>
<ownerDesignName>higia</ownerDesignName>
<indexState>Unique Plain Index</indexState>
<isSurrogateKey>false</isSurrogateKey>
<indexColumnUsage>
<colUsage columnID="5CE33F7F-E1E2-4966-1056-E558E7538BE0"/>
</indexColumnUsage>
</ind_PK_UK>
<ind_PK_UK id="4C494F10-CAE6-96CE-2A60-88966369675F" schemaObject="72384F93-8CCD-F9D8-FFD6-CFA26CE5980E" name="UN_CALCULO_PRO_RATA_1">
<sourceConnName>HIGIA_DEV.FATURAMENTO</sourceConnName>
<sourceObjSchema>FATURAMENTO</sourceObjSchema>
<sourceObjName>UN_CALCULO_PRO_RATA_1</sourceObjName>
<createdBy>labbe</createdBy>
<createdTime>2017-06-28 18:05:15 UTC</createdTime>
<ownerDesignName>higia</ownerDesignName>
<indexState>Unique Plain Index</indexState>
<isSurrogateKey>false</isSurrogateKey>
<indexColumnUsage>
<colUsage columnID="6B85D89E-346D-3FE2-FF0B-4EE9B2E912BC"/>
</indexColumnUsage>
</ind_PK_UK>
</indexes>
</Table>