<?xml version = '1.0' encoding = 'UTF-8'?>
<Table class="oracle.dbtools.crest.model.design.relational.Table" directorySegmentName="seg_0" id="78A6FDCE-0EE3-E91A-5FCA-78329301EFDD" schemaObject="72384F93-8CCD-F9D8-FFD6-CFA26CE5980E" name="FATURAMENTO_HISTORICO">
<sourceConnName>HIGIA_DEV.FATURAMENTO</sourceConnName>
<sourceObjSchema>FATURAMENTO</sourceObjSchema>
<sourceObjName>FATURAMENTO_HISTORICO</sourceObjName>
<createdBy>labbe</createdBy>
<createdTime>2017-06-28 18:04:53 UTC</createdTime>
<ownerDesignName>higia</ownerDesignName>
<allowColumnReorder>false</allowColumnReorder>
<existDependencyGenerateInDDl>true</existDependencyGenerateInDDl>
<parsed>true</parsed>
<columns itemClass="oracle.dbtools.crest.model.design.relational.Column">
<Column name="COD_FATURAMENTO_HISTORICO" id="E4AA3A8D-7A1E-D7E1-CC11-91C15558AA62">
<sourceConnName>HIGIA_DEV.FATURAMENTO</sourceConnName>
<sourceObjSchema>FATURAMENTO_HISTORICO</sourceObjSchema>
<sourceObjName>COD_FATURAMENTO_HISTORICO</sourceObjName>
<createdBy>labbe</createdBy>
<createdTime>2017-06-28 18:05:08 UTC</createdTime>
<ownerDesignName>higia</ownerDesignName>
<useDomainConstraints>false</useDomainConstraints>
<use>1</use>
<logicalDatatype>LOGDT019</logicalDatatype>
<dataTypePrecision>*</dataTypePrecision>
<dataTypeScale>0</dataTypeScale>
<ownDataTypeParameters>,*,0</ownDataTypeParameters>
<autoIncrementCycle>false</autoIncrementCycle>
</Column>
<Column name="COD_FATURAMENTO" id="992CBBAC-D97D-087A-6267-FE2E3F3EED33">
<sourceConnName>HIGIA_DEV.FATURAMENTO</sourceConnName>
<sourceObjSchema>FATURAMENTO_HISTORICO</sourceObjSchema>
<sourceObjName>COD_FATURAMENTO</sourceObjName>
<createdBy>labbe</createdBy>
<createdTime>2017-06-28 18:05:08 UTC</createdTime>
<ownerDesignName>higia</ownerDesignName>
<useDomainConstraints>false</useDomainConstraints>
<use>1</use>
<logicalDatatype>LOGDT019</logicalDatatype>
<dataTypePrecision>*</dataTypePrecision>
<dataTypeScale>0</dataTypeScale>
<ownDataTypeParameters>,*,0</ownDataTypeParameters>
<autoIncrementCycle>false</autoIncrementCycle>
<associations>
<colAssociation fkAssociation="D5E0954C-65AC-801E-1C9A-358B62F14F3D" referredColumn="0FD06E3F-02D2-56CE-4FC4-903367F3C330"/>
</associations>
</Column>
<Column name="DT_REFERENCIA" id="E7458307-77F7-65E0-1F9E-0F727D89CE64">
<sourceConnName>HIGIA_DEV.FATURAMENTO</sourceConnName>
<sourceObjSchema>FATURAMENTO_HISTORICO</sourceObjSchema>
<sourceObjName>DT_REFERENCIA</sourceObjName>
<createdBy>labbe</createdBy>
<createdTime>2017-06-28 18:05:08 UTC</createdTime>
<ownerDesignName>higia</ownerDesignName>
<useDomainConstraints>false</useDomainConstraints>
<use>1</use>
<logicalDatatype>LOGDT007</logicalDatatype>
<dataTypeSize>7</dataTypeSize>
<ownDataTypeParameters>7,,</ownDataTypeParameters>
<autoIncrementCycle>false</autoIncrementCycle>
</Column>
<Column name="VLR_FATURA" id="DFA378B4-B978-4362-ABB0-9F6C40ED41D5">
<sourceConnName>HIGIA_DEV.FATURAMENTO</sourceConnName>
<sourceObjSchema>FATURAMENTO_HISTORICO</sourceObjSchema>
<sourceObjName>VLR_FATURA</sourceObjName>
<createdBy>labbe</createdBy>
<createdTime>2017-06-28 18:05:08 UTC</createdTime>
<ownerDesignName>higia</ownerDesignName>
<useDomainConstraints>false</useDomainConstraints>
<use>1</use>
<logicalDatatype>LOGDT019</logicalDatatype>
<dataTypePrecision>14</dataTypePrecision>
<dataTypeScale>4</dataTypeScale>
<ownDataTypeParameters>,14,4</ownDataTypeParameters>
<autoIncrementCycle>false</autoIncrementCycle>
</Column>
<Column name="TP_SITUACAO" id="22EC34A2-A38B-421B-D6FB-60507763F3C2">
<sourceConnName>HIGIA_DEV.FATURAMENTO</sourceConnName>
<sourceObjSchema>FATURAMENTO_HISTORICO</sourceObjSchema>
<sourceObjName>TP_SITUACAO</sourceObjName>
<createdBy>labbe</createdBy>
<createdTime>2017-06-28 18:05:08 UTC</createdTime>
<ownerDesignName>higia</ownerDesignName>
<constraintName>CK_FATURAMENTO_HISTORICO_1</constraintName>
<useDomainConstraints>false</useDomainConstraints>
<use>1</use>
<logicalDatatype>LOGDT024</logicalDatatype>
<dataTypeSize>20 BYTE</dataTypeSize>
<listOfValues>
<valueDef value="&apos;EM ABERTO&apos;" description=""/>
<valueDef value="&apos;EM ATRASO&apos;" description=""/>
<valueDef value="&apos;PAGA&apos;" description=""/>
</listOfValues>
<ownDataTypeParameters>20 BYTE,,</ownDataTypeParameters>
<autoIncrementCycle>false</autoIncrementCycle>
</Column>
</columns>
<indexes itemClass="oracle.dbtools.crest.model.design.relational.Index">
<ind_PK_UK id="253BE45A-FE50-42AF-A258-8994069E01B9" name="PK_FATURAMENTO_HISTORICO">
<sourceConnName>HIGIA_DEV.FATURAMENTO</sourceConnName>
<sourceObjSchema>FATURAMENTO</sourceObjSchema>
<sourceObjName>PK_FATURAMENTO_HISTORICO</sourceObjName>
<createdBy>labbe</createdBy>
<createdTime>2017-06-28 18:05:37 UTC</createdTime>
<ownerDesignName>higia</ownerDesignName>
<pk>true</pk>
<indexState>Primary Constraint</indexState>
<isSurrogateKey>false</isSurrogateKey>
<indexColumnUsage>
<colUsage columnID="E4AA3A8D-7A1E-D7E1-CC11-91C15558AA62"/>
</indexColumnUsage>
</ind_PK_UK>
<ind_PK_UK id="EA3BBE39-961D-0E39-DDE9-962870414C30" schemaObject="72384F93-8CCD-F9D8-FFD6-CFA26CE5980E" name="PK_FATURAMENTO_HISTORICO">
<sourceConnName>HIGIA_DEV.FATURAMENTO</sourceConnName>
<sourceObjSchema>FATURAMENTO</sourceObjSchema>
<sourceObjName>PK_FATURAMENTO_HISTORICO</sourceObjName>
<createdBy>labbe</createdBy>
<createdTime>2017-06-28 18:05:16 UTC</createdTime>
<ownerDesignName>higia</ownerDesignName>
<indexState>Unique Plain Index</indexState>
<isSurrogateKey>false</isSurrogateKey>
<indexColumnUsage>
<colUsage columnID="E4AA3A8D-7A1E-D7E1-CC11-91C15558AA62"/>
</indexColumnUsage>
</ind_PK_UK>
<ind_PK_UK id="BADF158D-561B-4D58-5FE1-B65E28256690" name="FK_FATURAMENTO_HISTORICO_1">
<createdBy>labbe</createdBy>
<createdTime>2017-06-28 18:05:47 UTC</createdTime>
<ownerDesignName>higia</ownerDesignName>
<indexState>Foreign Key</indexState>
<isSurrogateKey>false</isSurrogateKey>
<indexColumnUsage>
<colUsage columnID="992CBBAC-D97D-087A-6267-FE2E3F3EED33"/>
</indexColumnUsage>
</ind_PK_UK>
</indexes>
</Table>