<?xml version = '1.0' encoding = 'UTF-8'?>
<Table class="oracle.dbtools.crest.model.design.relational.Table" directorySegmentName="seg_0" id="884185AB-3C54-0800-484D-329E857FB742" schemaObject="72384F93-8CCD-F9D8-FFD6-CFA26CE5980E" name="RESPONSAVEL_FINANCEIRO">
<sourceConnName>HIGIA_DEV.FATURAMENTO</sourceConnName>
<sourceObjSchema>FATURAMENTO</sourceObjSchema>
<sourceObjName>RESPONSAVEL_FINANCEIRO</sourceObjName>
<createdBy>labbe</createdBy>
<createdTime>2017-06-28 18:04:55 UTC</createdTime>
<ownerDesignName>higia</ownerDesignName>
<allowColumnReorder>false</allowColumnReorder>
<existDependencyGenerateInDDl>true</existDependencyGenerateInDDl>
<parsed>true</parsed>
<columns itemClass="oracle.dbtools.crest.model.design.relational.Column">
<Column name="COD_RESPONSAVEL_FINANCEIRO" id="A5B04CDC-4299-8D59-AB55-B383B6F8A589">
<sourceConnName>HIGIA_DEV.FATURAMENTO</sourceConnName>
<sourceObjSchema>RESPONSAVEL_FINANCEIRO</sourceObjSchema>
<sourceObjName>COD_RESPONSAVEL_FINANCEIRO</sourceObjName>
<createdBy>labbe</createdBy>
<createdTime>2017-06-28 18:05:11 UTC</createdTime>
<ownerDesignName>higia</ownerDesignName>
<useDomainConstraints>false</useDomainConstraints>
<use>1</use>
<logicalDatatype>LOGDT019</logicalDatatype>
<dataTypePrecision>*</dataTypePrecision>
<dataTypeScale>0</dataTypeScale>
<ownDataTypeParameters>,*,0</ownDataTypeParameters>
<autoIncrementCycle>false</autoIncrementCycle>
</Column>
<Column name="COD_FATURAMENTO" id="ADE16B47-3B80-D35C-E154-62A768D9D2E3">
<sourceConnName>HIGIA_DEV.FATURAMENTO</sourceConnName>
<sourceObjSchema>RESPONSAVEL_FINANCEIRO</sourceObjSchema>
<sourceObjName>COD_FATURAMENTO</sourceObjName>
<createdBy>labbe</createdBy>
<createdTime>2017-06-28 18:05:11 UTC</createdTime>
<ownerDesignName>higia</ownerDesignName>
<useDomainConstraints>false</useDomainConstraints>
<use>1</use>
<logicalDatatype>LOGDT019</logicalDatatype>
<dataTypePrecision>*</dataTypePrecision>
<dataTypeScale>0</dataTypeScale>
<ownDataTypeParameters>,*,0</ownDataTypeParameters>
<autoIncrementCycle>false</autoIncrementCycle>
<associations>
<colAssociation fkAssociation="709CE723-6C82-E005-29E6-5D2C33B0FFD4" referredColumn="0FD06E3F-02D2-56CE-4FC4-903367F3C330"/>
</associations>
</Column>
<Column name="FL_TITULAR" id="C41DC3EB-9AB7-410D-6C46-327FB153A53B">
<sourceConnName>HIGIA_DEV.FATURAMENTO</sourceConnName>
<sourceObjSchema>RESPONSAVEL_FINANCEIRO</sourceObjSchema>
<sourceObjName>FL_TITULAR</sourceObjName>
<createdBy>labbe</createdBy>
<createdTime>2017-06-28 18:05:11 UTC</createdTime>
<ownerDesignName>higia</ownerDesignName>
<constraintName>CK_RESPONSAVEL_FINANCEIRO_1</constraintName>
<useDomainConstraints>false</useDomainConstraints>
<use>1</use>
<logicalDatatype>LOGDT025</logicalDatatype>
<dataTypeSize>1 BYTE</dataTypeSize>
<listOfValues>
<valueDef value="&apos;N&apos;" description=""/>
<valueDef value="&apos;S&apos;" description=""/>
</listOfValues>
<ownDataTypeParameters>1 BYTE,,</ownDataTypeParameters>
<autoIncrementCycle>false</autoIncrementCycle>
</Column>
<Column name="NM_RESPONSAVEL" id="EA3E96D4-DB77-DAB3-C151-71ECF2CF04A7">
<sourceConnName>HIGIA_DEV.FATURAMENTO</sourceConnName>
<sourceObjSchema>RESPONSAVEL_FINANCEIRO</sourceObjSchema>
<sourceObjName>NM_RESPONSAVEL</sourceObjName>
<createdBy>labbe</createdBy>
<createdTime>2017-06-28 18:05:12 UTC</createdTime>
<ownerDesignName>higia</ownerDesignName>
<useDomainConstraints>false</useDomainConstraints>
<use>1</use>
<logicalDatatype>LOGDT024</logicalDatatype>
<dataTypeSize>60 BYTE</dataTypeSize>
<ownDataTypeParameters>60 BYTE,,</ownDataTypeParameters>
<autoIncrementCycle>false</autoIncrementCycle>
</Column>
<Column name="TP_DOCUMENTO" id="57418705-B15B-44FF-02F5-933E6ECCAC91">
<sourceConnName>HIGIA_DEV.FATURAMENTO</sourceConnName>
<sourceObjSchema>RESPONSAVEL_FINANCEIRO</sourceObjSchema>
<sourceObjName>TP_DOCUMENTO</sourceObjName>
<createdBy>labbe</createdBy>
<createdTime>2017-06-28 18:05:12 UTC</createdTime>
<ownerDesignName>higia</ownerDesignName>
<constraintName>CK_RESPONSAVEL_FINANCEIRO_2</constraintName>
<useDomainConstraints>false</useDomainConstraints>
<use>1</use>
<logicalDatatype>LOGDT024</logicalDatatype>
<dataTypeSize>4 BYTE</dataTypeSize>
<listOfValues>
<valueDef value="&apos;CNPJ&apos;" description=""/>
<valueDef value="&apos;CPF&apos;" description=""/>
</listOfValues>
<ownDataTypeParameters>4 BYTE,,</ownDataTypeParameters>
<autoIncrementCycle>false</autoIncrementCycle>
</Column>
<Column name="NRO_DOCUMENTO" id="B78F26B5-7E8B-0C67-5F26-9919101B024E">
<sourceConnName>HIGIA_DEV.FATURAMENTO</sourceConnName>
<sourceObjSchema>RESPONSAVEL_FINANCEIRO</sourceObjSchema>
<sourceObjName>NRO_DOCUMENTO</sourceObjName>
<createdBy>labbe</createdBy>
<createdTime>2017-06-28 18:05:12 UTC</createdTime>
<ownerDesignName>higia</ownerDesignName>
<useDomainConstraints>false</useDomainConstraints>
<use>1</use>
<logicalDatatype>LOGDT024</logicalDatatype>
<dataTypeSize>14 BYTE</dataTypeSize>
<ownDataTypeParameters>14 BYTE,,</ownDataTypeParameters>
<autoIncrementCycle>false</autoIncrementCycle>
</Column>
<Column name="NRO_TELEFONE_FIXO" id="AA651C8E-6BFA-8231-5AC8-371AD2F74396">
<sourceConnName>HIGIA_DEV.FATURAMENTO</sourceConnName>
<sourceObjSchema>RESPONSAVEL_FINANCEIRO</sourceObjSchema>
<sourceObjName>NRO_TELEFONE_FIXO</sourceObjName>
<createdBy>labbe</createdBy>
<createdTime>2017-06-28 18:05:12 UTC</createdTime>
<ownerDesignName>higia</ownerDesignName>
<useDomainConstraints>false</useDomainConstraints>
<use>1</use>
<logicalDatatype>LOGDT024</logicalDatatype>
<dataTypeSize>25 BYTE</dataTypeSize>
<ownDataTypeParameters>25 BYTE,,</ownDataTypeParameters>
<autoIncrementCycle>false</autoIncrementCycle>
</Column>
<Column name="NRO_TELEFONE_CELULAR" id="0D7DD094-ADE8-5A65-7D48-3509F32BE5C2">
<sourceConnName>HIGIA_DEV.FATURAMENTO</sourceConnName>
<sourceObjSchema>RESPONSAVEL_FINANCEIRO</sourceObjSchema>
<sourceObjName>NRO_TELEFONE_CELULAR</sourceObjName>
<createdBy>labbe</createdBy>
<createdTime>2017-06-28 18:05:12 UTC</createdTime>
<ownerDesignName>higia</ownerDesignName>
<nullsAllowed>true</nullsAllowed>
<useDomainConstraints>false</useDomainConstraints>
<use>1</use>
<logicalDatatype>LOGDT024</logicalDatatype>
<dataTypeSize>25 BYTE</dataTypeSize>
<ownDataTypeParameters>25 BYTE,,</ownDataTypeParameters>
<autoIncrementCycle>false</autoIncrementCycle>
</Column>
</columns>
<indexes itemClass="oracle.dbtools.crest.model.design.relational.Index">
<ind_PK_UK id="BBF25297-B239-C03A-23A1-2DEBF8E2507A" name="PK_RESPONSAVEL_FINANCEIRO">
<sourceConnName>HIGIA_DEV.FATURAMENTO</sourceConnName>
<sourceObjSchema>FATURAMENTO</sourceObjSchema>
<sourceObjName>PK_RESPONSAVEL_FINANCEIRO</sourceObjName>
<createdBy>labbe</createdBy>
<createdTime>2017-06-28 18:05:43 UTC</createdTime>
<ownerDesignName>higia</ownerDesignName>
<pk>true</pk>
<indexState>Primary Constraint</indexState>
<isSurrogateKey>false</isSurrogateKey>
<indexColumnUsage>
<colUsage columnID="A5B04CDC-4299-8D59-AB55-B383B6F8A589"/>
</indexColumnUsage>
</ind_PK_UK>
<ind_PK_UK id="D8F44A15-1203-69CC-670C-94A07FF5A455" name="UN_RESPONSAVEL_FINANCEIRO_1">
<sourceConnName>HIGIA_DEV.FATURAMENTO</sourceConnName>
<sourceObjSchema>FATURAMENTO</sourceObjSchema>
<sourceObjName>UN_RESPONSAVEL_FINANCEIRO_1</sourceObjName>
<createdBy>labbe</createdBy>
<createdTime>2017-06-28 18:05:45 UTC</createdTime>
<ownerDesignName>higia</ownerDesignName>
<indexState>Unique Constraint</indexState>
<isSurrogateKey>false</isSurrogateKey>
<indexColumnUsage>
<colUsage columnID="ADE16B47-3B80-D35C-E154-62A768D9D2E3"/>
</indexColumnUsage>
</ind_PK_UK>
<ind_PK_UK id="037164CA-FCF1-5F4E-D6CB-87CD7E4AB2D1" schemaObject="72384F93-8CCD-F9D8-FFD6-CFA26CE5980E" name="PK_RESPONSAVEL_FINANCEIRO">
<sourceConnName>HIGIA_DEV.FATURAMENTO</sourceConnName>
<sourceObjSchema>FATURAMENTO</sourceObjSchema>
<sourceObjName>PK_RESPONSAVEL_FINANCEIRO</sourceObjName>
<createdBy>labbe</createdBy>
<createdTime>2017-06-28 18:05:17 UTC</createdTime>
<ownerDesignName>higia</ownerDesignName>
<indexState>Unique Plain Index</indexState>
<isSurrogateKey>false</isSurrogateKey>
<indexColumnUsage>
<colUsage columnID="A5B04CDC-4299-8D59-AB55-B383B6F8A589"/>
</indexColumnUsage>
</ind_PK_UK>
<ind_PK_UK id="C04A935A-4BD6-22C6-4979-1ACC4428EA23" schemaObject="72384F93-8CCD-F9D8-FFD6-CFA26CE5980E" name="UN_RESPONSAVEL_FINANCEIRO_1">
<sourceConnName>HIGIA_DEV.FATURAMENTO</sourceConnName>
<sourceObjSchema>FATURAMENTO</sourceObjSchema>
<sourceObjName>UN_RESPONSAVEL_FINANCEIRO_1</sourceObjName>
<createdBy>labbe</createdBy>
<createdTime>2017-06-28 18:05:17 UTC</createdTime>
<ownerDesignName>higia</ownerDesignName>
<indexState>Unique Plain Index</indexState>
<isSurrogateKey>false</isSurrogateKey>
<indexColumnUsage>
<colUsage columnID="ADE16B47-3B80-D35C-E154-62A768D9D2E3"/>
</indexColumnUsage>
</ind_PK_UK>
<ind_PK_UK id="69C03C8D-56A4-01B4-42D5-685F13970F76" name="FK_RESPONSAVEL_FINANCEIRO_1">
<createdBy>labbe</createdBy>
<createdTime>2017-06-28 18:05:47 UTC</createdTime>
<ownerDesignName>higia</ownerDesignName>
<indexState>Foreign Key</indexState>
<isSurrogateKey>false</isSurrogateKey>
<indexColumnUsage>
<colUsage columnID="ADE16B47-3B80-D35C-E154-62A768D9D2E3"/>
</indexColumnUsage>
</ind_PK_UK>
</indexes>
</Table>