<?xml version = '1.0' encoding = 'UTF-8'?>
<Table class="oracle.dbtools.crest.model.design.relational.Table" directorySegmentName="seg_0" id="972A3150-7071-4E80-ACBE-09AC3A3DBC5B" schemaObject="72384F93-8CCD-F9D8-FFD6-CFA26CE5980E" name="TIPO_PAGAMENTO">
<sourceConnName>HIGIA_DEV.FATURAMENTO</sourceConnName>
<sourceObjSchema>FATURAMENTO</sourceObjSchema>
<sourceObjName>TIPO_PAGAMENTO</sourceObjName>
<createdBy>labbe</createdBy>
<createdTime>2017-06-28 18:04:55 UTC</createdTime>
<ownerDesignName>higia</ownerDesignName>
<allowColumnReorder>false</allowColumnReorder>
<existDependencyGenerateInDDl>true</existDependencyGenerateInDDl>
<parsed>true</parsed>
<columns itemClass="oracle.dbtools.crest.model.design.relational.Column">
<Column name="COD_TIPO_PAGAMENTO" id="4207A53C-B85C-58A3-079B-BA8D9794E7F3">
<sourceConnName>HIGIA_DEV.FATURAMENTO</sourceConnName>
<sourceObjSchema>TIPO_PAGAMENTO</sourceObjSchema>
<sourceObjName>COD_TIPO_PAGAMENTO</sourceObjName>
<createdBy>labbe</createdBy>
<createdTime>2017-06-28 18:05:13 UTC</createdTime>
<ownerDesignName>higia</ownerDesignName>
<useDomainConstraints>false</useDomainConstraints>
<use>1</use>
<logicalDatatype>LOGDT019</logicalDatatype>
<dataTypePrecision>*</dataTypePrecision>
<ownDataTypeParameters>,*,</ownDataTypeParameters>
<autoIncrementCycle>false</autoIncrementCycle>
</Column>
<Column name="TP_PAGAMENTO" id="113E6295-88BB-5496-31EC-EC8E4734A22B">
<sourceConnName>HIGIA_DEV.FATURAMENTO</sourceConnName>
<sourceObjSchema>TIPO_PAGAMENTO</sourceObjSchema>
<sourceObjName>TP_PAGAMENTO</sourceObjName>
<createdBy>labbe</createdBy>
<createdTime>2017-06-28 18:05:13 UTC</createdTime>
<ownerDesignName>higia</ownerDesignName>
<constraintName>CK_TIPO_PAGAMENTO_1 </constraintName>
<useDomainConstraints>false</useDomainConstraints>
<use>1</use>
<logicalDatatype>LOGDT024</logicalDatatype>
<dataTypeSize>20 BYTE</dataTypeSize>
<listOfValues>
<valueDef value="&apos;POS&apos;" description=""/>
<valueDef value="&apos;PRE&apos;" description=""/>
</listOfValues>
<ownDataTypeParameters>20 BYTE,,</ownDataTypeParameters>
<autoIncrementCycle>false</autoIncrementCycle>
</Column>
<Column name="DT_INICIO" id="24FA0F61-10E1-C3D3-37B8-E818E9675719">
<sourceConnName>HIGIA_DEV.FATURAMENTO</sourceConnName>
<sourceObjSchema>TIPO_PAGAMENTO</sourceObjSchema>
<sourceObjName>DT_INICIO</sourceObjName>
<createdBy>labbe</createdBy>
<createdTime>2017-06-28 18:05:13 UTC</createdTime>
<ownerDesignName>higia</ownerDesignName>
<useDomainConstraints>false</useDomainConstraints>
<use>1</use>
<logicalDatatype>LOGDT007</logicalDatatype>
<dataTypeSize>7</dataTypeSize>
<ownDataTypeParameters>7,,</ownDataTypeParameters>
<autoIncrementCycle>false</autoIncrementCycle>
</Column>
<Column name="DT_FINAL" id="CF8E0469-E5E7-BCBF-5709-4AA821B342EE">
<sourceConnName>HIGIA_DEV.FATURAMENTO</sourceConnName>
<sourceObjSchema>TIPO_PAGAMENTO</sourceObjSchema>
<sourceObjName>DT_FINAL</sourceObjName>
<createdBy>labbe</createdBy>
<createdTime>2017-06-28 18:05:13 UTC</createdTime>
<ownerDesignName>higia</ownerDesignName>
<nullsAllowed>true</nullsAllowed>
<useDomainConstraints>false</useDomainConstraints>
<use>1</use>
<logicalDatatype>LOGDT007</logicalDatatype>
<dataTypeSize>7</dataTypeSize>
<ownDataTypeParameters>7,,</ownDataTypeParameters>
<autoIncrementCycle>false</autoIncrementCycle>
</Column>
<Column name="COD_FATURAMENTO" id="3F18EBB6-3CDA-6D5C-F5D2-375E22F08CF9">
<sourceConnName>HIGIA_DEV.FATURAMENTO</sourceConnName>
<sourceObjSchema>TIPO_PAGAMENTO</sourceObjSchema>
<sourceObjName>COD_FATURAMENTO</sourceObjName>
<createdBy>labbe</createdBy>
<createdTime>2017-06-28 18:05:14 UTC</createdTime>
<ownerDesignName>higia</ownerDesignName>
<useDomainConstraints>false</useDomainConstraints>
<use>1</use>
<logicalDatatype>LOGDT019</logicalDatatype>
<dataTypePrecision>*</dataTypePrecision>
<dataTypeScale>0</dataTypeScale>
<ownDataTypeParameters>,,</ownDataTypeParameters>
<autoIncrementCycle>false</autoIncrementCycle>
<associations>
<colAssociation fkAssociation="1F9BA12B-D8EC-1EF8-AFA3-86B1A6490127" referredColumn="0FD06E3F-02D2-56CE-4FC4-903367F3C330"/>
</associations>
</Column>
<Column name="COD_USUARIO_SF" id="B2425149-C073-7013-68C7-3CC74C58928A">
<sourceConnName>HIGIA_DEV.FATURAMENTO</sourceConnName>
<sourceObjSchema>TIPO_PAGAMENTO</sourceObjSchema>
<sourceObjName>COD_USUARIO_SF</sourceObjName>
<createdBy>labbe</createdBy>
<createdTime>2017-06-28 18:05:14 UTC</createdTime>
<ownerDesignName>higia</ownerDesignName>
<useDomainConstraints>false</useDomainConstraints>
<use>1</use>
<logicalDatatype>LOGDT019</logicalDatatype>
<dataTypePrecision>38</dataTypePrecision>
<dataTypeScale>0</dataTypeScale>
<ownDataTypeParameters>,38,0</ownDataTypeParameters>
<autoIncrementCycle>false</autoIncrementCycle>
</Column>
</columns>
<indexes itemClass="oracle.dbtools.crest.model.design.relational.Index">
<ind_PK_UK id="5AA6FBFC-8929-7706-374A-701DFE986AF6" name="PK_TIPO_PAGAMENTO">
<sourceConnName>HIGIA_DEV.FATURAMENTO</sourceConnName>
<sourceObjSchema>FATURAMENTO</sourceObjSchema>
<sourceObjName>PK_TIPO_PAGAMENTO</sourceObjName>
<createdBy>labbe</createdBy>
<createdTime>2017-06-28 18:05:46 UTC</createdTime>
<ownerDesignName>higia</ownerDesignName>
<pk>true</pk>
<indexState>Primary Constraint</indexState>
<isSurrogateKey>false</isSurrogateKey>
<indexColumnUsage>
<colUsage columnID="4207A53C-B85C-58A3-079B-BA8D9794E7F3"/>
</indexColumnUsage>
</ind_PK_UK>
<ind_PK_UK id="4484E49E-DD41-796F-5D0F-E0BB856D7BEE" schemaObject="72384F93-8CCD-F9D8-FFD6-CFA26CE5980E" name="PK_TIPO_PAGAMENTO">
<sourceConnName>HIGIA_DEV.FATURAMENTO</sourceConnName>
<sourceObjSchema>FATURAMENTO</sourceObjSchema>
<sourceObjName>PK_TIPO_PAGAMENTO</sourceObjName>
<createdBy>labbe</createdBy>
<createdTime>2017-06-28 18:05:17 UTC</createdTime>
<ownerDesignName>higia</ownerDesignName>
<indexState>Unique Plain Index</indexState>
<isSurrogateKey>false</isSurrogateKey>
<indexColumnUsage>
<colUsage columnID="4207A53C-B85C-58A3-079B-BA8D9794E7F3"/>
</indexColumnUsage>
</ind_PK_UK>
<ind_PK_UK id="82C9E0C1-8EC7-55AE-7131-8DEC22DA2A31" name="FK_TIPO_PAGAMENTO_1">
<createdBy>labbe</createdBy>
<createdTime>2017-06-28 18:05:47 UTC</createdTime>
<ownerDesignName>higia</ownerDesignName>
<indexState>Foreign Key</indexState>
<isSurrogateKey>false</isSurrogateKey>
<indexColumnUsage>
<colUsage columnID="3F18EBB6-3CDA-6D5C-F5D2-375E22F08CF9"/>
</indexColumnUsage>
</ind_PK_UK>
</indexes>
</Table>