<?xml version = '1.0' encoding = 'UTF-8'?>
<Table class="oracle.dbtools.crest.model.design.relational.Table" directorySegmentName="seg_0" id="C591A9AB-F946-A01D-1FCF-FF562AEE3F9E" schemaObject="72384F93-8CCD-F9D8-FFD6-CFA26CE5980E" name="NAO_FATURA">
<sourceConnName>HIGIA_DEV.FATURAMENTO</sourceConnName>
<sourceObjSchema>FATURAMENTO</sourceObjSchema>
<sourceObjName>NAO_FATURA</sourceObjName>
<createdBy>labbe</createdBy>
<createdTime>2017-06-28 18:04:54 UTC</createdTime>
<ownerDesignName>higia</ownerDesignName>
<allowColumnReorder>false</allowColumnReorder>
<existDependencyGenerateInDDl>true</existDependencyGenerateInDDl>
<parsed>true</parsed>
<columns itemClass="oracle.dbtools.crest.model.design.relational.Column">
<Column name="COD_NAO_FATURA" id="7F68A038-D3A4-2E85-CED3-35E5A13F13D6">
<sourceConnName>HIGIA_DEV.FATURAMENTO</sourceConnName>
<sourceObjSchema>NAO_FATURA</sourceObjSchema>
<sourceObjName>COD_NAO_FATURA</sourceObjName>
<createdBy>labbe</createdBy>
<createdTime>2017-06-28 18:05:10 UTC</createdTime>
<ownerDesignName>higia</ownerDesignName>
<useDomainConstraints>false</useDomainConstraints>
<use>1</use>
<logicalDatatype>LOGDT019</logicalDatatype>
<dataTypePrecision>*</dataTypePrecision>
<ownDataTypeParameters>,*,</ownDataTypeParameters>
<autoIncrementCycle>false</autoIncrementCycle>
</Column>
<Column name="DT_INICIO" id="41069C6E-EF4F-3CD3-69DB-BCCBB7DB4D42">
<sourceConnName>HIGIA_DEV.FATURAMENTO</sourceConnName>
<sourceObjSchema>NAO_FATURA</sourceObjSchema>
<sourceObjName>DT_INICIO</sourceObjName>
<createdBy>labbe</createdBy>
<createdTime>2017-06-28 18:05:10 UTC</createdTime>
<ownerDesignName>higia</ownerDesignName>
<useDomainConstraints>false</useDomainConstraints>
<use>1</use>
<logicalDatatype>LOGDT007</logicalDatatype>
<dataTypeSize>7</dataTypeSize>
<ownDataTypeParameters>7,,</ownDataTypeParameters>
<autoIncrementCycle>false</autoIncrementCycle>
</Column>
<Column name="DT_FINAL" id="F9006FE0-43B8-FD8B-96C2-A7117A4954B1">
<sourceConnName>HIGIA_DEV.FATURAMENTO</sourceConnName>
<sourceObjSchema>NAO_FATURA</sourceObjSchema>
<sourceObjName>DT_FINAL</sourceObjName>
<createdBy>labbe</createdBy>
<createdTime>2017-06-28 18:05:10 UTC</createdTime>
<ownerDesignName>higia</ownerDesignName>
<nullsAllowed>true</nullsAllowed>
<useDomainConstraints>false</useDomainConstraints>
<use>1</use>
<logicalDatatype>LOGDT007</logicalDatatype>
<dataTypeSize>7</dataTypeSize>
<ownDataTypeParameters>7,,</ownDataTypeParameters>
<autoIncrementCycle>false</autoIncrementCycle>
</Column>
<Column name="COD_FATURAMENTO" id="BAA3ED4F-EAAB-5E44-CCC9-3DCD7500E2F6">
<sourceConnName>HIGIA_DEV.FATURAMENTO</sourceConnName>
<sourceObjSchema>NAO_FATURA</sourceObjSchema>
<sourceObjName>COD_FATURAMENTO</sourceObjName>
<createdBy>labbe</createdBy>
<createdTime>2017-06-28 18:05:10 UTC</createdTime>
<ownerDesignName>higia</ownerDesignName>
<useDomainConstraints>false</useDomainConstraints>
<use>1</use>
<logicalDatatype>LOGDT019</logicalDatatype>
<dataTypePrecision>*</dataTypePrecision>
<dataTypeScale>0</dataTypeScale>
<ownDataTypeParameters>,,</ownDataTypeParameters>
<autoIncrementCycle>false</autoIncrementCycle>
<associations>
<colAssociation fkAssociation="0A896932-36F4-E100-7BDB-624F9308B7FD" referredColumn="0FD06E3F-02D2-56CE-4FC4-903367F3C330"/>
</associations>
</Column>
<Column name="COD_USUARIO_SF" id="27E5113D-5BEF-A939-2DF2-254A4A7FF702">
<sourceConnName>HIGIA_DEV.FATURAMENTO</sourceConnName>
<sourceObjSchema>NAO_FATURA</sourceObjSchema>
<sourceObjName>COD_USUARIO_SF</sourceObjName>
<createdBy>labbe</createdBy>
<createdTime>2017-06-28 18:05:11 UTC</createdTime>
<ownerDesignName>higia</ownerDesignName>
<useDomainConstraints>false</useDomainConstraints>
<use>1</use>
<logicalDatatype>LOGDT019</logicalDatatype>
<dataTypePrecision>38</dataTypePrecision>
<dataTypeScale>0</dataTypeScale>
<ownDataTypeParameters>,38,0</ownDataTypeParameters>
<autoIncrementCycle>false</autoIncrementCycle>
</Column>
<Column name="DSC_JUSTIFICATIVA" id="4189D1F5-6FA5-C666-7498-B36BBE88480F">
<createdBy>labbe</createdBy>
<createdTime>2017-07-28 14:12:13 UTC</createdTime>
<ownerDesignName>higia</ownerDesignName>
<nullsAllowed>true</nullsAllowed>
<useDomainConstraints>false</useDomainConstraints>
<use>1</use>
<logicalDatatype>LOGDT024</logicalDatatype>
<dataTypeSize>200</dataTypeSize>
<ownDataTypeParameters>200,,</ownDataTypeParameters>
<autoIncrementCycle>false</autoIncrementCycle>
</Column>
</columns>
<indexes itemClass="oracle.dbtools.crest.model.design.relational.Index">
<ind_PK_UK id="3C4248CD-5522-674A-8AF3-D70D195CC11F" name="PK_NAO_FATURA">
<sourceConnName>HIGIA_DEV.FATURAMENTO</sourceConnName>
<sourceObjSchema>FATURAMENTO</sourceObjSchema>
<sourceObjName>PK_NAO_FATURA</sourceObjName>
<createdBy>labbe</createdBy>
<createdTime>2017-06-28 18:05:40 UTC</createdTime>
<ownerDesignName>higia</ownerDesignName>
<pk>true</pk>
<indexState>Primary Constraint</indexState>
<isSurrogateKey>false</isSurrogateKey>
<indexColumnUsage>
<colUsage columnID="7F68A038-D3A4-2E85-CED3-35E5A13F13D6"/>
</indexColumnUsage>
</ind_PK_UK>
<ind_PK_UK id="BBA01C4A-6E63-F8C8-4ED4-0C600B48CC8C" schemaObject="72384F93-8CCD-F9D8-FFD6-CFA26CE5980E" name="PK_NAO_FATURA">
<sourceConnName>HIGIA_DEV.FATURAMENTO</sourceConnName>
<sourceObjSchema>FATURAMENTO</sourceObjSchema>
<sourceObjName>PK_NAO_FATURA</sourceObjName>
<createdBy>labbe</createdBy>
<createdTime>2017-06-28 18:05:17 UTC</createdTime>
<ownerDesignName>higia</ownerDesignName>
<indexState>Unique Plain Index</indexState>
<isSurrogateKey>false</isSurrogateKey>
<indexColumnUsage>
<colUsage columnID="7F68A038-D3A4-2E85-CED3-35E5A13F13D6"/>
</indexColumnUsage>
</ind_PK_UK>
<ind_PK_UK id="00933EE0-E938-D49C-DC5C-84359FC8253D" name="FK_NAO_FATURA_1">
<createdBy>labbe</createdBy>
<createdTime>2017-06-28 18:05:47 UTC</createdTime>
<ownerDesignName>higia</ownerDesignName>
<indexState>Foreign Key</indexState>
<isSurrogateKey>false</isSurrogateKey>
<indexColumnUsage>
<colUsage columnID="BAA3ED4F-EAAB-5E44-CCC9-3DCD7500E2F6"/>
</indexColumnUsage>
</ind_PK_UK>
</indexes>
</Table>