<?xml version = '1.0' encoding = 'UTF-8'?>
<Table class="oracle.dbtools.crest.model.design.relational.Table" directorySegmentName="seg_0" id="CFB0DE67-8B27-8F91-6BCC-402CBF5C0F37" schemaObject="72384F93-8CCD-F9D8-FFD6-CFA26CE5980E" name="FATURAMENTO">
<sourceConnName>HIGIA_DEV.FATURAMENTO</sourceConnName>
<sourceObjSchema>FATURAMENTO</sourceObjSchema>
<sourceObjName>FATURAMENTO</sourceObjName>
<createdBy>labbe</createdBy>
<createdTime>2017-06-28 18:04:53 UTC</createdTime>
<ownerDesignName>higia</ownerDesignName>
<allowColumnReorder>false</allowColumnReorder>
<existDependencyGenerateInDDl>true</existDependencyGenerateInDDl>
<parsed>true</parsed>
<columns itemClass="oracle.dbtools.crest.model.design.relational.Column">
<Column name="COD_FATURAMENTO" id="0FD06E3F-02D2-56CE-4FC4-903367F3C330">
<sourceConnName>HIGIA_DEV.FATURAMENTO</sourceConnName>
<sourceObjSchema>FATURAMENTO</sourceObjSchema>
<sourceObjName>COD_FATURAMENTO</sourceObjName>
<createdBy>labbe</createdBy>
<createdTime>2017-06-28 18:05:05 UTC</createdTime>
<ownerDesignName>higia</ownerDesignName>
<useDomainConstraints>false</useDomainConstraints>
<use>1</use>
<logicalDatatype>LOGDT019</logicalDatatype>
<dataTypePrecision>*</dataTypePrecision>
<dataTypeScale>0</dataTypeScale>
<ownDataTypeParameters>,*,0</ownDataTypeParameters>
<autoIncrementCycle>false</autoIncrementCycle>
</Column>
<Column name="COD_CONTRATO" id="6BA9AC64-1456-86FB-F9BA-270692767ACE">
<sourceConnName>HIGIA_DEV.FATURAMENTO</sourceConnName>
<sourceObjSchema>FATURAMENTO</sourceObjSchema>
<sourceObjName>COD_CONTRATO</sourceObjName>
<createdBy>labbe</createdBy>
<createdTime>2017-06-28 18:05:05 UTC</createdTime>
<ownerDesignName>higia</ownerDesignName>
<useDomainConstraints>false</useDomainConstraints>
<use>1</use>
<logicalDatatype>LOGDT019</logicalDatatype>
<dataTypePrecision>*</dataTypePrecision>
<dataTypeScale>0</dataTypeScale>
<ownDataTypeParameters>,*,0</ownDataTypeParameters>
<autoIncrementCycle>false</autoIncrementCycle>
</Column>
<Column name="FL_COM_FATURA" id="2261FCAA-510D-B121-FB34-96DCA6A5D0D7">
<sourceConnName>HIGIA_DEV.FATURAMENTO</sourceConnName>
<sourceObjSchema>FATURAMENTO</sourceObjSchema>
<sourceObjName>FL_COM_FATURA</sourceObjName>
<createdBy>labbe</createdBy>
<createdTime>2017-06-28 18:05:05 UTC</createdTime>
<ownerDesignName>higia</ownerDesignName>
<constraintName>CK_FATURAMENTO_1</constraintName>
<useDomainConstraints>false</useDomainConstraints>
<use>1</use>
<logicalDatatype>LOGDT025</logicalDatatype>
<dataTypeSize>1 BYTE</dataTypeSize>
<listOfValues>
<valueDef value="&apos;N&apos;" description=""/>
<valueDef value="&apos;S&apos;" description=""/>
</listOfValues>
<ownDataTypeParameters>1 BYTE,,</ownDataTypeParameters>
<autoIncrementCycle>false</autoIncrementCycle>
</Column>
<Column name="NRO_DIA_VENCIMENTO" id="D945B799-558D-5DCA-F9B0-B872E1974879">
<sourceConnName>HIGIA_DEV.FATURAMENTO</sourceConnName>
<sourceObjSchema>FATURAMENTO</sourceObjSchema>
<sourceObjName>NRO_DIA_VENCIMENTO</sourceObjName>
<createdBy>labbe</createdBy>
<createdTime>2017-06-28 18:05:05 UTC</createdTime>
<ownerDesignName>higia</ownerDesignName>
<useDomainConstraints>false</useDomainConstraints>
<use>1</use>
<logicalDatatype>LOGDT019</logicalDatatype>
<dataTypePrecision>*</dataTypePrecision>
<dataTypeScale>0</dataTypeScale>
<ownDataTypeParameters>,*,0</ownDataTypeParameters>
<autoIncrementCycle>false</autoIncrementCycle>
</Column>
<Column name="END_EMAIL_FATURA" id="A50B28EF-F52F-509D-DCBC-BE5793AC9BE6">
<sourceConnName>HIGIA_DEV.FATURAMENTO</sourceConnName>
<sourceObjSchema>FATURAMENTO</sourceObjSchema>
<sourceObjName>END_EMAIL_FATURA</sourceObjName>
<createdBy>labbe</createdBy>
<createdTime>2017-06-28 18:05:05 UTC</createdTime>
<ownerDesignName>higia</ownerDesignName>
<useDomainConstraints>false</useDomainConstraints>
<use>1</use>
<logicalDatatype>LOGDT024</logicalDatatype>
<dataTypeSize>50 BYTE</dataTypeSize>
<ownDataTypeParameters>50 BYTE,,</ownDataTypeParameters>
<autoIncrementCycle>false</autoIncrementCycle>
</Column>
<Column name="VLR_MULTA_ATRASO" id="D91A2493-CF80-CDD1-C438-2B85687324E4">
<sourceConnName>HIGIA_DEV.FATURAMENTO</sourceConnName>
<sourceObjSchema>FATURAMENTO</sourceObjSchema>
<sourceObjName>VLR_MULTA_ATRASO</sourceObjName>
<createdBy>labbe</createdBy>
<createdTime>2017-06-28 18:05:06 UTC</createdTime>
<ownerDesignName>higia</ownerDesignName>
<useDomainConstraints>false</useDomainConstraints>
<use>1</use>
<logicalDatatype>LOGDT019</logicalDatatype>
<dataTypePrecision>14</dataTypePrecision>
<dataTypeScale>4</dataTypeScale>
<ownDataTypeParameters>,14,4</ownDataTypeParameters>
<autoIncrementCycle>false</autoIncrementCycle>
</Column>
<Column name="VLR_JUROS_DIA" id="71A03C56-C41E-D2AA-728B-91A1595C774C">
<sourceConnName>HIGIA_DEV.FATURAMENTO</sourceConnName>
<sourceObjSchema>FATURAMENTO</sourceObjSchema>
<sourceObjName>VLR_JUROS_DIA</sourceObjName>
<createdBy>labbe</createdBy>
<createdTime>2017-06-28 18:05:06 UTC</createdTime>
<ownerDesignName>higia</ownerDesignName>
<useDomainConstraints>false</useDomainConstraints>
<use>1</use>
<logicalDatatype>LOGDT019</logicalDatatype>
<dataTypePrecision>14</dataTypePrecision>
<dataTypeScale>4</dataTypeScale>
<ownDataTypeParameters>,14,4</ownDataTypeParameters>
<autoIncrementCycle>false</autoIncrementCycle>
</Column>
<Column name="VLR_JUROS_MES" id="E8781B3E-902A-67AF-0AC5-D6599E1E4F15">
<sourceConnName>HIGIA_DEV.FATURAMENTO</sourceConnName>
<sourceObjSchema>FATURAMENTO</sourceObjSchema>
<sourceObjName>VLR_JUROS_MES</sourceObjName>
<createdBy>labbe</createdBy>
<createdTime>2017-06-28 18:05:06 UTC</createdTime>
<ownerDesignName>higia</ownerDesignName>
<useDomainConstraints>false</useDomainConstraints>
<use>1</use>
<logicalDatatype>LOGDT019</logicalDatatype>
<dataTypePrecision>14</dataTypePrecision>
<dataTypeScale>4</dataTypeScale>
<ownDataTypeParameters>,14,4</ownDataTypeParameters>
<autoIncrementCycle>false</autoIncrementCycle>
</Column>
<Column name="COD_LAYOUT_BOLETO" id="66999073-955C-9A76-9B82-B5561B668668">
<sourceConnName>HIGIA_DEV.FATURAMENTO</sourceConnName>
<sourceObjSchema>FATURAMENTO</sourceObjSchema>
<sourceObjName>COD_LAYOUT_BOLETO</sourceObjName>
<createdBy>labbe</createdBy>
<createdTime>2017-06-28 18:05:06 UTC</createdTime>
<ownerDesignName>higia</ownerDesignName>
<useDomainConstraints>false</useDomainConstraints>
<use>1</use>
<logicalDatatype>LOGDT019</logicalDatatype>
<dataTypePrecision>*</dataTypePrecision>
<dataTypeScale>0</dataTypeScale>
<ownDataTypeParameters>,*,0</ownDataTypeParameters>
<autoIncrementCycle>false</autoIncrementCycle>
<associations>
<colAssociation fkAssociation="1426B92D-D07D-5AF2-7373-77BE67F34C3F" referredColumn="97B902C7-BF7F-0620-CB21-9728794BBEB4"/>
</associations>
</Column>
<Column name="COD_CALCULO_PRO_RATA" id="0DDFE689-102A-0067-BA25-D2558D4EF189">
<sourceConnName>HIGIA_DEV.FATURAMENTO</sourceConnName>
<sourceObjSchema>FATURAMENTO</sourceObjSchema>
<sourceObjName>COD_CALCULO_PRO_RATA</sourceObjName>
<createdBy>labbe</createdBy>
<createdTime>2017-06-28 18:05:06 UTC</createdTime>
<ownerDesignName>higia</ownerDesignName>
<useDomainConstraints>false</useDomainConstraints>
<use>1</use>
<logicalDatatype>LOGDT019</logicalDatatype>
<dataTypePrecision>*</dataTypePrecision>
<dataTypeScale>0</dataTypeScale>
<ownDataTypeParameters>,*,0</ownDataTypeParameters>
<autoIncrementCycle>false</autoIncrementCycle>
<associations>
<colAssociation fkAssociation="AB1B2082-1026-5AFF-258E-300A8605A0DB" referredColumn="5CE33F7F-E1E2-4966-1056-E558E7538BE0"/>
</associations>
</Column>
<Column name="COD_CONDICAO_COBRANCA" id="033DDD66-8F1B-1060-E86D-8BD733BE77B8">
<sourceConnName>HIGIA_DEV.FATURAMENTO</sourceConnName>
<sourceObjSchema>FATURAMENTO</sourceObjSchema>
<sourceObjName>COD_CONDICAO_COBRANCA</sourceObjName>
<createdBy>labbe</createdBy>
<createdTime>2017-06-28 18:05:07 UTC</createdTime>
<ownerDesignName>higia</ownerDesignName>
<useDomainConstraints>false</useDomainConstraints>
<use>1</use>
<logicalDatatype>LOGDT019</logicalDatatype>
<dataTypePrecision>*</dataTypePrecision>
<dataTypeScale>0</dataTypeScale>
<ownDataTypeParameters>,*,0</ownDataTypeParameters>
<autoIncrementCycle>false</autoIncrementCycle>
<associations>
<colAssociation fkAssociation="1BECE2CD-1FF2-3706-484F-E025EC663A55" referredColumn="79919A64-3D74-67C3-3E91-F4D82C4DC041"/>
</associations>
</Column>
<Column name="FL_EXECUTA_1A_FATURA" id="DC6D344E-773E-7CE8-F1AA-3A90D5E7D26D">
<sourceConnName>HIGIA_DEV.FATURAMENTO</sourceConnName>
<sourceObjSchema>FATURAMENTO</sourceObjSchema>
<sourceObjName>FL_EXECUTA_1A_FATURA</sourceObjName>
<createdBy>labbe</createdBy>
<createdTime>2017-06-28 18:05:07 UTC</createdTime>
<ownerDesignName>higia</ownerDesignName>
<constraintName>CK_FATURAMENTO_2</constraintName>
<useDomainConstraints>false</useDomainConstraints>
<use>1</use>
<logicalDatatype>LOGDT025</logicalDatatype>
<dataTypeSize>1 BYTE</dataTypeSize>
<listOfValues>
<valueDef value="&apos;N&apos;" description=""/>
<valueDef value="&apos;S&apos;" description=""/>
</listOfValues>
<ownDataTypeParameters>1 BYTE,,</ownDataTypeParameters>
<autoIncrementCycle>false</autoIncrementCycle>
</Column>
<Column name="COD_STATUS_CADASTRO" id="AB6A1B28-A715-8971-9F36-19A7828D8C30">
<sourceConnName>HIGIA_DEV.FATURAMENTO</sourceConnName>
<sourceObjSchema>FATURAMENTO</sourceObjSchema>
<sourceObjName>COD_STATUS_CADASTRO</sourceObjName>
<createdBy>labbe</createdBy>
<createdTime>2017-06-28 18:05:07 UTC</createdTime>
<ownerDesignName>higia</ownerDesignName>
<useDomainConstraints>false</useDomainConstraints>
<use>1</use>
<logicalDatatype>LOGDT019</logicalDatatype>
<dataTypePrecision>*</dataTypePrecision>
<dataTypeScale>0</dataTypeScale>
<defaultValue>1</defaultValue>
<ownDataTypeParameters>,*,0</ownDataTypeParameters>
<autoIncrementCycle>false</autoIncrementCycle>
</Column>
<Column name="FL_VALIDO" id="72E8F492-1244-4AAB-A797-717A13B54C2A">
<sourceConnName>HIGIA_DEV.FATURAMENTO</sourceConnName>
<sourceObjSchema>FATURAMENTO</sourceObjSchema>
<sourceObjName>FL_VALIDO</sourceObjName>
<createdBy>labbe</createdBy>
<createdTime>2017-06-28 18:05:07 UTC</createdTime>
<ownerDesignName>higia</ownerDesignName>
<constraintName>CK_FATURAMENTO_3</constraintName>
<useDomainConstraints>false</useDomainConstraints>
<use>1</use>
<logicalDatatype>LOGDT025</logicalDatatype>
<dataTypeSize>1 BYTE</dataTypeSize>
<listOfValues>
<valueDef value="&apos;N&apos;" description=""/>
<valueDef value="&apos;S&apos;" description=""/>
</listOfValues>
<defaultValue>&apos;N&apos;</defaultValue>
<ownDataTypeParameters>1 BYTE,,</ownDataTypeParameters>
<autoIncrementCycle>false</autoIncrementCycle>
</Column>
</columns>
<indexes itemClass="oracle.dbtools.crest.model.design.relational.Index">
<ind_PK_UK id="26755402-A12D-D51F-58AE-524962F37250" name="PK_FATURAMENTO">
<sourceConnName>HIGIA_DEV.FATURAMENTO</sourceConnName>
<sourceObjSchema>FATURAMENTO</sourceObjSchema>
<sourceObjName>PK_FATURAMENTO</sourceObjName>
<createdBy>labbe</createdBy>
<createdTime>2017-06-28 18:05:33 UTC</createdTime>
<ownerDesignName>higia</ownerDesignName>
<pk>true</pk>
<indexState>Primary Constraint</indexState>
<isSurrogateKey>false</isSurrogateKey>
<indexColumnUsage>
<colUsage columnID="0FD06E3F-02D2-56CE-4FC4-903367F3C330"/>
</indexColumnUsage>
</ind_PK_UK>
<ind_PK_UK id="BD0BDB9F-2D39-40D9-9AED-CDE8E8B7454B" schemaObject="72384F93-8CCD-F9D8-FFD6-CFA26CE5980E" name="PK_FATURAMENTO">
<sourceConnName>HIGIA_DEV.FATURAMENTO</sourceConnName>
<sourceObjSchema>FATURAMENTO</sourceObjSchema>
<sourceObjName>PK_FATURAMENTO</sourceObjName>
<createdBy>labbe</createdBy>
<createdTime>2017-06-28 18:05:16 UTC</createdTime>
<ownerDesignName>higia</ownerDesignName>
<indexState>Unique Plain Index</indexState>
<isSurrogateKey>false</isSurrogateKey>
<indexColumnUsage>
<colUsage columnID="0FD06E3F-02D2-56CE-4FC4-903367F3C330"/>
</indexColumnUsage>
</ind_PK_UK>
<ind_PK_UK id="408B7517-F5C2-B56B-9E8F-73AF669C298E" name="FK_FATURAMENTO_2">
<createdBy>labbe</createdBy>
<createdTime>2017-06-28 18:05:47 UTC</createdTime>
<ownerDesignName>higia</ownerDesignName>
<indexState>Foreign Key</indexState>
<isSurrogateKey>false</isSurrogateKey>
<indexColumnUsage>
<colUsage columnID="66999073-955C-9A76-9B82-B5561B668668"/>
</indexColumnUsage>
</ind_PK_UK>
<ind_PK_UK id="5373376F-9C9E-99EC-8B7A-251F63E0907C" name="FK_FATURAMENTO_3">
<createdBy>labbe</createdBy>
<createdTime>2017-06-28 18:05:47 UTC</createdTime>
<ownerDesignName>higia</ownerDesignName>
<indexState>Foreign Key</indexState>
<isSurrogateKey>false</isSurrogateKey>
<indexColumnUsage>
<colUsage columnID="033DDD66-8F1B-1060-E86D-8BD733BE77B8"/>
</indexColumnUsage>
</ind_PK_UK>
<ind_PK_UK id="59006FB8-A203-2277-63EA-442A16D719E2" name="FK_FATURAMENTO_4">
<createdBy>labbe</createdBy>
<createdTime>2017-06-28 18:05:47 UTC</createdTime>
<ownerDesignName>higia</ownerDesignName>
<indexState>Foreign Key</indexState>
<isSurrogateKey>false</isSurrogateKey>
<indexColumnUsage>
<colUsage columnID="0DDFE689-102A-0067-BA25-D2558D4EF189"/>
</indexColumnUsage>
</ind_PK_UK>
</indexes>
</Table>