<?xml version = '1.0' encoding = 'UTF-8'?>
<Table class="oracle.dbtools.crest.model.design.relational.Table" directorySegmentName="seg_0" id="DE9AE131-F1E5-F605-85B7-AF2B302EA6EC" name="PUBLICO_ACRESCIMO_DESCONTO">
<createdBy>labbe</createdBy>
<createdTime>2017-08-10 18:04:37 UTC</createdTime>
<ownerDesignName>higia</ownerDesignName>
<ordsAlias>table_13</ordsAlias>
<allowColumnReorder>false</allowColumnReorder>
<existDependencyGenerateInDDl>true</existDependencyGenerateInDDl>
<parsed>true</parsed>
<columns itemClass="oracle.dbtools.crest.model.design.relational.Column">
<Column name="COD_PUBLICO_ACRESCIMO_DESCONTO" id="B37749B0-98C8-C654-8970-8CA990CE01DA">
<createdBy>labbe</createdBy>
<createdTime>2017-08-10 18:10:42 UTC</createdTime>
<ownerDesignName>higia</ownerDesignName>
<useDomainConstraints>false</useDomainConstraints>
<use>1</use>
<logicalDatatype>LOGDT019</logicalDatatype>
<ownDataTypeParameters>,,</ownDataTypeParameters>
<autoIncrementColumn>true</autoIncrementColumn>
<autoIncrementCycle>false</autoIncrementCycle>
<autoIncrementSequenceName>SQ_PUBLICO_ACRESCIMO_DESCONTO</autoIncrementSequenceName>
<autoIncrementGenerateTrigger>false</autoIncrementGenerateTrigger>
</Column>
<Column name="NM_PUBLICO_ACRESCIMO_DESCONTO" id="77AEB982-23FA-1192-054B-ABC03A6CB1AA">
<createdBy>labbe</createdBy>
<createdTime>2017-08-10 18:10:42 UTC</createdTime>
<ownerDesignName>higia</ownerDesignName>
<useDomainConstraints>false</useDomainConstraints>
<use>1</use>
<logicalDatatype>LOGDT024</logicalDatatype>
<dataTypeSize>50</dataTypeSize>
<ownDataTypeParameters>50,,</ownDataTypeParameters>
<autoIncrementCycle>false</autoIncrementCycle>
</Column>
<Column name="DSC_PUBLICO_ACRESCIMO_DESCONTO" id="A9A57135-1552-80F1-A811-EB2452EEA591">
<createdBy>labbe</createdBy>
<createdTime>2017-08-10 18:10:42 UTC</createdTime>
<ownerDesignName>higia</ownerDesignName>
<useDomainConstraints>false</useDomainConstraints>
<use>1</use>
<logicalDatatype>LOGDT024</logicalDatatype>
<dataTypeSize>200</dataTypeSize>
<ownDataTypeParameters>200,,</ownDataTypeParameters>
<autoIncrementCycle>false</autoIncrementCycle>
</Column>
</columns>
<indexes itemClass="oracle.dbtools.crest.model.design.relational.Index">
<ind_PK_UK id="170B18B8-6D4B-B92F-F242-58DBAF88045E" name="PK_PUBLICO_ACRESCIMO_DESCONTO">
<createdBy>labbe</createdBy>
<createdTime>2017-08-10 18:10:42 UTC</createdTime>
<ownerDesignName>higia</ownerDesignName>
<pk>true</pk>
<indexState>Primary Constraint</indexState>
<isSurrogateKey>false</isSurrogateKey>
<indexColumnUsage>
<colUsage columnID="B37749B0-98C8-C654-8970-8CA990CE01DA"/>
</indexColumnUsage>
</ind_PK_UK>
</indexes>
</Table>