<?xml version = '1.0' encoding = 'UTF-8'?>
<Table class="oracle.dbtools.crest.model.design.relational.Table" directorySegmentName="seg_0" id="F994E307-28D9-3FFB-7D7A-1967FF2B4BC3" schemaObject="72384F93-8CCD-F9D8-FFD6-CFA26CE5980E" name="CONDICAO_COBRANCA">
<sourceConnName>HIGIA_DEV.FATURAMENTO</sourceConnName>
<sourceObjSchema>FATURAMENTO</sourceObjSchema>
<sourceObjName>CONDICAO_COBRANCA</sourceObjName>
<createdBy>labbe</createdBy>
<createdTime>2017-06-28 18:04:52 UTC</createdTime>
<ownerDesignName>higia</ownerDesignName>
<allowColumnReorder>false</allowColumnReorder>
<existDependencyGenerateInDDl>true</existDependencyGenerateInDDl>
<parsed>true</parsed>
<columns itemClass="oracle.dbtools.crest.model.design.relational.Column">
<Column name="COD_CONDICAO_COBRANCA" id="79919A64-3D74-67C3-3E91-F4D82C4DC041">
<sourceConnName>HIGIA_DEV.FATURAMENTO</sourceConnName>
<sourceObjSchema>CONDICAO_COBRANCA</sourceObjSchema>
<sourceObjName>COD_CONDICAO_COBRANCA</sourceObjName>
<createdBy>labbe</createdBy>
<createdTime>2017-06-28 18:05:00 UTC</createdTime>
<ownerDesignName>higia</ownerDesignName>
<useDomainConstraints>false</useDomainConstraints>
<use>1</use>
<logicalDatatype>LOGDT019</logicalDatatype>
<dataTypePrecision>*</dataTypePrecision>
<dataTypeScale>0</dataTypeScale>
<ownDataTypeParameters>,*,0</ownDataTypeParameters>
<autoIncrementCycle>false</autoIncrementCycle>
</Column>
<Column name="DSC_CONDICAO_COBRANCA" id="469049B0-C054-AD9E-EAE8-CF4C251E7B38">
<sourceConnName>HIGIA_DEV.FATURAMENTO</sourceConnName>
<sourceObjSchema>CONDICAO_COBRANCA</sourceObjSchema>
<sourceObjName>DSC_CONDICAO_COBRANCA</sourceObjName>
<createdBy>labbe</createdBy>
<createdTime>2017-06-28 18:05:00 UTC</createdTime>
<ownerDesignName>higia</ownerDesignName>
<useDomainConstraints>false</useDomainConstraints>
<use>1</use>
<logicalDatatype>LOGDT024</logicalDatatype>
<dataTypeSize>50 BYTE</dataTypeSize>
<ownDataTypeParameters>50 BYTE,,</ownDataTypeParameters>
<autoIncrementCycle>false</autoIncrementCycle>
</Column>
<Column name="NM_CONDICAO_COBRANCA" id="6977E3EB-16B3-E461-5480-EAC1394FF2E9">
<sourceConnName>HIGIA_DEV.FATURAMENTO</sourceConnName>
<sourceObjSchema>CONDICAO_COBRANCA</sourceObjSchema>
<sourceObjName>NM_CONDICAO_COBRANCA</sourceObjName>
<createdBy>labbe</createdBy>
<createdTime>2017-06-28 18:05:00 UTC</createdTime>
<ownerDesignName>higia</ownerDesignName>
<useDomainConstraints>false</useDomainConstraints>
<use>1</use>
<logicalDatatype>LOGDT024</logicalDatatype>
<dataTypeSize>200 BYTE</dataTypeSize>
<ownDataTypeParameters>200 BYTE,,</ownDataTypeParameters>
<autoIncrementCycle>false</autoIncrementCycle>
</Column>
</columns>
<indexes itemClass="oracle.dbtools.crest.model.design.relational.Index">
<ind_PK_UK id="7D2EB111-9F96-3E28-1BD9-8E7B00A0A1EA" name="PK_CONDICAO_COBRANCA">
<sourceConnName>HIGIA_DEV.FATURAMENTO</sourceConnName>
<sourceObjSchema>FATURAMENTO</sourceObjSchema>
<sourceObjName>PK_CONDICAO_COBRANCA</sourceObjName>
<createdBy>labbe</createdBy>
<createdTime>2017-06-28 18:05:24 UTC</createdTime>
<ownerDesignName>higia</ownerDesignName>
<pk>true</pk>
<indexState>Primary Constraint</indexState>
<isSurrogateKey>false</isSurrogateKey>
<indexColumnUsage>
<colUsage columnID="79919A64-3D74-67C3-3E91-F4D82C4DC041"/>
</indexColumnUsage>
</ind_PK_UK>
<ind_PK_UK id="594DF245-2050-9F33-8FA3-041DAB06E3AE" name="UN_CONDICAO_COBRANCA_1">
<sourceConnName>HIGIA_DEV.FATURAMENTO</sourceConnName>
<sourceObjSchema>FATURAMENTO</sourceObjSchema>
<sourceObjName>UN_CONDICAO_COBRANCA_1</sourceObjName>
<createdBy>labbe</createdBy>
<createdTime>2017-06-28 18:05:24 UTC</createdTime>
<ownerDesignName>higia</ownerDesignName>
<indexState>Unique Constraint</indexState>
<isSurrogateKey>false</isSurrogateKey>
<indexColumnUsage>
<colUsage columnID="6977E3EB-16B3-E461-5480-EAC1394FF2E9"/>
</indexColumnUsage>
</ind_PK_UK>
<ind_PK_UK id="1D7BBDC7-1B9B-79C5-6C6F-689F1977B898" schemaObject="72384F93-8CCD-F9D8-FFD6-CFA26CE5980E" name="PK_CONDICAO_COBRANCA">
<sourceConnName>HIGIA_DEV.FATURAMENTO</sourceConnName>
<sourceObjSchema>FATURAMENTO</sourceObjSchema>
<sourceObjName>PK_CONDICAO_COBRANCA</sourceObjName>
<createdBy>labbe</createdBy>
<createdTime>2017-06-28 18:05:15 UTC</createdTime>
<ownerDesignName>higia</ownerDesignName>
<indexState>Unique Plain Index</indexState>
<isSurrogateKey>false</isSurrogateKey>
<indexColumnUsage>
<colUsage columnID="79919A64-3D74-67C3-3E91-F4D82C4DC041"/>
</indexColumnUsage>
</ind_PK_UK>
<ind_PK_UK id="56421C62-015C-150D-F6C0-2A3F819000F0" schemaObject="72384F93-8CCD-F9D8-FFD6-CFA26CE5980E" name="UN_CONDICAO_COBRANCA_1">
<sourceConnName>HIGIA_DEV.FATURAMENTO</sourceConnName>
<sourceObjSchema>FATURAMENTO</sourceObjSchema>
<sourceObjName>UN_CONDICAO_COBRANCA_1</sourceObjName>
<createdBy>labbe</createdBy>
<createdTime>2017-06-28 18:05:15 UTC</createdTime>
<ownerDesignName>higia</ownerDesignName>
<indexState>Unique Plain Index</indexState>
<isSurrogateKey>false</isSurrogateKey>
<indexColumnUsage>
<colUsage columnID="6977E3EB-16B3-E461-5480-EAC1394FF2E9"/>
</indexColumnUsage>
</ind_PK_UK>
</indexes>
</Table>