<?xml version = '1.0' encoding = 'UTF-8'?>
<Table class="oracle.dbtools.crest.model.design.relational.Table" directorySegmentName="seg_0" id="FA03346F-138C-6C0A-C462-ECD355643B31" schemaObject="72384F93-8CCD-F9D8-FFD6-CFA26CE5980E" name="CONTA_CORRENTE">
<sourceConnName>HIGIA_DEV.FATURAMENTO</sourceConnName>
<sourceObjSchema>FATURAMENTO</sourceObjSchema>
<sourceObjName>CONTA_CORRENTE</sourceObjName>
<createdBy>labbe</createdBy>
<createdTime>2017-06-28 18:04:52 UTC</createdTime>
<ownerDesignName>higia</ownerDesignName>
<allowColumnReorder>false</allowColumnReorder>
<existDependencyGenerateInDDl>true</existDependencyGenerateInDDl>
<parsed>true</parsed>
<columns itemClass="oracle.dbtools.crest.model.design.relational.Column">
<Column name="COD_CONTA_CORRENTE" id="B91834EF-7C16-BAAC-115F-BAB5D3A5979A">
<sourceConnName>HIGIA_DEV.FATURAMENTO</sourceConnName>
<sourceObjSchema>CONTA_CORRENTE</sourceObjSchema>
<sourceObjName>COD_CONTA_CORRENTE</sourceObjName>
<createdBy>labbe</createdBy>
<createdTime>2017-06-28 18:05:01 UTC</createdTime>
<ownerDesignName>higia</ownerDesignName>
<useDomainConstraints>false</useDomainConstraints>
<use>1</use>
<logicalDatatype>LOGDT019</logicalDatatype>
<dataTypePrecision>*</dataTypePrecision>
<dataTypeScale>0</dataTypeScale>
<ownDataTypeParameters>,*,0</ownDataTypeParameters>
<autoIncrementCycle>false</autoIncrementCycle>
</Column>
<Column name="COD_BANCO" id="B8CBD303-8B54-3C11-35BD-F08726245AD7">
<sourceConnName>HIGIA_DEV.FATURAMENTO</sourceConnName>
<sourceObjSchema>CONTA_CORRENTE</sourceObjSchema>
<sourceObjName>COD_BANCO</sourceObjName>
<createdBy>labbe</createdBy>
<createdTime>2017-06-28 18:05:01 UTC</createdTime>
<ownerDesignName>higia</ownerDesignName>
<useDomainConstraints>false</useDomainConstraints>
<use>1</use>
<logicalDatatype>LOGDT019</logicalDatatype>
<dataTypePrecision>*</dataTypePrecision>
<dataTypeScale>0</dataTypeScale>
<ownDataTypeParameters>,*,0</ownDataTypeParameters>
<autoIncrementCycle>false</autoIncrementCycle>
<associations>
<colAssociation fkAssociation="9A402DFD-256D-2C1C-C269-110E3F4127B4" referredColumn="FC46CFB6-9DC3-2C2D-3DFC-59B0C84CA927"/>
</associations>
</Column>
<Column name="NRO_AGENCIA" id="FE3C58CF-043D-C78E-DC8D-74CD8170E377">
<sourceConnName>HIGIA_DEV.FATURAMENTO</sourceConnName>
<sourceObjSchema>CONTA_CORRENTE</sourceObjSchema>
<sourceObjName>NRO_AGENCIA</sourceObjName>
<createdBy>labbe</createdBy>
<createdTime>2017-06-28 18:05:01 UTC</createdTime>
<ownerDesignName>higia</ownerDesignName>
<useDomainConstraints>false</useDomainConstraints>
<use>1</use>
<logicalDatatype>LOGDT024</logicalDatatype>
<dataTypeSize>4 BYTE</dataTypeSize>
<ownDataTypeParameters>4 BYTE,,</ownDataTypeParameters>
<autoIncrementCycle>false</autoIncrementCycle>
</Column>
<Column name="TP_DOCUMENTO" id="9611EA38-A67B-C885-0407-FA4892736B9B">
<sourceConnName>HIGIA_DEV.FATURAMENTO</sourceConnName>
<sourceObjSchema>CONTA_CORRENTE</sourceObjSchema>
<sourceObjName>TP_DOCUMENTO</sourceObjName>
<createdBy>labbe</createdBy>
<createdTime>2017-06-28 18:05:01 UTC</createdTime>
<ownerDesignName>higia</ownerDesignName>
<constraintName>CK_CONTA_CORRENTE_1</constraintName>
<useDomainConstraints>false</useDomainConstraints>
<use>1</use>
<logicalDatatype>LOGDT024</logicalDatatype>
<dataTypeSize>4 BYTE</dataTypeSize>
<listOfValues>
<valueDef value="&apos;CNPJ&apos;" description=""/>
<valueDef value="&apos;CPF&apos;" description=""/>
</listOfValues>
<ownDataTypeParameters>4 BYTE,,</ownDataTypeParameters>
<autoIncrementCycle>false</autoIncrementCycle>
</Column>
<Column name="COD_DOCUMENTO" id="8008E52B-5751-2A6D-C22F-E68F13BCC661">
<sourceConnName>HIGIA_DEV.FATURAMENTO</sourceConnName>
<sourceObjSchema>CONTA_CORRENTE</sourceObjSchema>
<sourceObjName>COD_DOCUMENTO</sourceObjName>
<createdBy>labbe</createdBy>
<createdTime>2017-06-28 18:05:02 UTC</createdTime>
<ownerDesignName>higia</ownerDesignName>
<useDomainConstraints>false</useDomainConstraints>
<use>1</use>
<logicalDatatype>LOGDT024</logicalDatatype>
<dataTypeSize>14 BYTE</dataTypeSize>
<ownDataTypeParameters>14 BYTE,,</ownDataTypeParameters>
<autoIncrementCycle>false</autoIncrementCycle>
</Column>
<Column name="NM_TITULAR" id="15E6271D-C257-1FA9-2E65-F015E50E8141">
<sourceConnName>HIGIA_DEV.FATURAMENTO</sourceConnName>
<sourceObjSchema>CONTA_CORRENTE</sourceObjSchema>
<sourceObjName>NM_TITULAR</sourceObjName>
<createdBy>labbe</createdBy>
<createdTime>2017-06-28 18:05:02 UTC</createdTime>
<ownerDesignName>higia</ownerDesignName>
<useDomainConstraints>false</useDomainConstraints>
<use>1</use>
<logicalDatatype>LOGDT024</logicalDatatype>
<dataTypeSize>60 BYTE</dataTypeSize>
<ownDataTypeParameters>60 BYTE,,</ownDataTypeParameters>
<autoIncrementCycle>false</autoIncrementCycle>
</Column>
<Column name="NRO_TELEFONE_FIXO" id="4F91C3B7-E4AA-2340-51B6-3219033F81A7">
<sourceConnName>HIGIA_DEV.FATURAMENTO</sourceConnName>
<sourceObjSchema>CONTA_CORRENTE</sourceObjSchema>
<sourceObjName>NRO_TELEFONE_FIXO</sourceObjName>
<createdBy>labbe</createdBy>
<createdTime>2017-06-28 18:05:02 UTC</createdTime>
<ownerDesignName>higia</ownerDesignName>
<nullsAllowed>true</nullsAllowed>
<useDomainConstraints>false</useDomainConstraints>
<use>1</use>
<logicalDatatype>LOGDT024</logicalDatatype>
<dataTypeSize>20 BYTE</dataTypeSize>
<ownDataTypeParameters>20 BYTE,,</ownDataTypeParameters>
<autoIncrementCycle>false</autoIncrementCycle>
</Column>
<Column name="NRO_TELEFONE_CELULAR" id="6E452349-2CDD-06D7-5D97-3A30189121BF">
<sourceConnName>HIGIA_DEV.FATURAMENTO</sourceConnName>
<sourceObjSchema>CONTA_CORRENTE</sourceObjSchema>
<sourceObjName>NRO_TELEFONE_CELULAR</sourceObjName>
<createdBy>labbe</createdBy>
<createdTime>2017-06-28 18:05:02 UTC</createdTime>
<ownerDesignName>higia</ownerDesignName>
<nullsAllowed>true</nullsAllowed>
<useDomainConstraints>false</useDomainConstraints>
<use>1</use>
<logicalDatatype>LOGDT024</logicalDatatype>
<dataTypeSize>20 BYTE</dataTypeSize>
<ownDataTypeParameters>20 BYTE,,</ownDataTypeParameters>
<autoIncrementCycle>false</autoIncrementCycle>
</Column>
<Column name="DT_VIGENCIA_DE" id="1F60AF96-8A6D-6E2A-4C52-D697C5B0C173">
<sourceConnName>HIGIA_DEV.FATURAMENTO</sourceConnName>
<sourceObjSchema>CONTA_CORRENTE</sourceObjSchema>
<sourceObjName>DT_VIGENCIA_DE</sourceObjName>
<createdBy>labbe</createdBy>
<createdTime>2017-06-28 18:05:02 UTC</createdTime>
<ownerDesignName>higia</ownerDesignName>
<useDomainConstraints>false</useDomainConstraints>
<use>1</use>
<logicalDatatype>LOGDT007</logicalDatatype>
<dataTypeSize>7</dataTypeSize>
<ownDataTypeParameters>7,,</ownDataTypeParameters>
<autoIncrementCycle>false</autoIncrementCycle>
</Column>
<Column name="DT_VIGENCIA_ATE" id="0AF726C1-BC30-653E-9794-7F1E27835036">
<sourceConnName>HIGIA_DEV.FATURAMENTO</sourceConnName>
<sourceObjSchema>CONTA_CORRENTE</sourceObjSchema>
<sourceObjName>DT_VIGENCIA_ATE</sourceObjName>
<createdBy>labbe</createdBy>
<createdTime>2017-06-28 18:05:03 UTC</createdTime>
<ownerDesignName>higia</ownerDesignName>
<nullsAllowed>true</nullsAllowed>
<useDomainConstraints>false</useDomainConstraints>
<use>1</use>
<logicalDatatype>LOGDT007</logicalDatatype>
<dataTypeSize>7</dataTypeSize>
<ownDataTypeParameters>7,,</ownDataTypeParameters>
<autoIncrementCycle>false</autoIncrementCycle>
</Column>
<Column name="COD_CONTA" id="F973C892-E0AD-8365-C03E-8728BEA88F91">
<sourceConnName>HIGIA_DEV.FATURAMENTO</sourceConnName>
<sourceObjSchema>CONTA_CORRENTE</sourceObjSchema>
<sourceObjName>COD_CONTA</sourceObjName>
<createdBy>labbe</createdBy>
<createdTime>2017-06-28 18:05:03 UTC</createdTime>
<ownerDesignName>higia</ownerDesignName>
<useDomainConstraints>false</useDomainConstraints>
<use>1</use>
<logicalDatatype>LOGDT024</logicalDatatype>
<dataTypeSize>20 BYTE</dataTypeSize>
<ownDataTypeParameters>20 BYTE,,</ownDataTypeParameters>
<autoIncrementCycle>false</autoIncrementCycle>
</Column>
</columns>
<indexes itemClass="oracle.dbtools.crest.model.design.relational.Index">
<ind_PK_UK id="7FA79368-9581-05F1-266D-8F4D426E8CF5" name="PK_CONTA_CORRENTE">
<sourceConnName>HIGIA_DEV.FATURAMENTO</sourceConnName>
<sourceObjSchema>FATURAMENTO</sourceObjSchema>
<sourceObjName>PK_CONTA_CORRENTE</sourceObjName>
<createdBy>labbe</createdBy>
<createdTime>2017-06-28 18:05:26 UTC</createdTime>
<ownerDesignName>higia</ownerDesignName>
<pk>true</pk>
<indexState>Primary Constraint</indexState>
<isSurrogateKey>false</isSurrogateKey>
<indexColumnUsage>
<colUsage columnID="B91834EF-7C16-BAAC-115F-BAB5D3A5979A"/>
</indexColumnUsage>
</ind_PK_UK>
<ind_PK_UK id="4A554ABC-F942-C0C5-802A-EF8665EB608B" schemaObject="72384F93-8CCD-F9D8-FFD6-CFA26CE5980E" name="PK_CONTA_CORRENTE">
<sourceConnName>HIGIA_DEV.FATURAMENTO</sourceConnName>
<sourceObjSchema>FATURAMENTO</sourceObjSchema>
<sourceObjName>PK_CONTA_CORRENTE</sourceObjName>
<createdBy>labbe</createdBy>
<createdTime>2017-06-28 18:05:16 UTC</createdTime>
<ownerDesignName>higia</ownerDesignName>
<indexState>Unique Plain Index</indexState>
<isSurrogateKey>false</isSurrogateKey>
<indexColumnUsage>
<colUsage columnID="B91834EF-7C16-BAAC-115F-BAB5D3A5979A"/>
</indexColumnUsage>
</ind_PK_UK>
<ind_PK_UK id="51948D0D-F66D-A786-4DAC-31F9068BDA67" name="FK_CONTA_CORRENTE_1">
<createdBy>labbe</createdBy>
<createdTime>2017-06-28 18:05:47 UTC</createdTime>
<ownerDesignName>higia</ownerDesignName>
<indexState>Foreign Key</indexState>
<isSurrogateKey>false</isSurrogateKey>
<indexColumnUsage>
<colUsage columnID="B8CBD303-8B54-3C11-35BD-F08726245AD7"/>
</indexColumnUsage>
</ind_PK_UK>
</indexes>
</Table>