<?xml version = '1.0' encoding = 'UTF-8'?>
<Diagram class="oracle.dbtools.crest.swingui.relational.DPVRelational" name="12. IMPORTACAO_VIDA" id="82A0EFE0-534C-0BEA-01CD-1EB7C64F9F5B">
<createdBy>labbe</createdBy>
<modifiedBy>labbe</modifiedBy>
<createdTime>2017-06-28 18:53:34 UTC</createdTime>
<autoRoute>false</autoRoute>
<boxInbox>true</boxInbox>
<showLegend>false</showLegend>
<showLabels>false</showLabels>
<showRelAttributes>false</showRelAttributes>
<gridEnabled>false</gridEnabled>
<showGrid>false</showGrid>
<diagramColor>-1</diagramColor>
<display>false</display>
<notation>1</notation>
<objectViews>
<OView class="oracle.dbtools.crest.swingui.relational.TVTable" oid="1F8DCE19-DABB-9F00-27B1-62A830562BA3" otype="Table" vid="363EE7D9-30BD-A1E7-1C02-AAA008FD485F">
<hideElementsInCurrentOnly>false</hideElementsInCurrentOnly>
<bounds x="20" y="464" width="297" height="150"/>
</OView>
<OView class="oracle.dbtools.crest.swingui.relational.TVTable" oid="2F1C1DC7-BB7C-A72C-FB89-3C5D68AF60AD" otype="Table" vid="08FF7D06-0C18-E069-2492-D230D1BDBAC3">
<hideElementsInCurrentOnly>false</hideElementsInCurrentOnly>
<bounds x="367" y="464" width="423" height="290"/>
</OView>
<OView class="oracle.dbtools.crest.swingui.relational.TVView" oid="3DD82933-B52D-3A37-D752-6F7060A66EEF" otype="View" vid="052284C9-E614-066D-D540-C80EA2CDC704">
<hideElementsInCurrentOnly>false</hideElementsInCurrentOnly>
<bounds x="361" y="20" width="338" height="252"/>
</OView>
<OView class="oracle.dbtools.crest.swingui.relational.TVView" oid="B90BEFB6-7086-25F2-8B99-A86F04FC18E0" otype="View" vid="9EFBD4FE-A88B-4048-50B0-52326B9E4656">
<hideElementsInCurrentOnly>false</hideElementsInCurrentOnly>
<bounds x="20" y="20" width="291" height="182"/>
</OView>
<OView class="oracle.dbtools.crest.swingui.relational.TVView" oid="D0D0C300-B2E3-1FC7-DBD4-5E92CFBE69C2" otype="View" vid="35DD543A-A005-4635-BB6F-7CE17A341986">
<hideElementsInCurrentOnly>false</hideElementsInCurrentOnly>
<bounds x="749" y="20" width="349" height="294"/>
</OView>
<OView class="oracle.dbtools.crest.swingui.relational.TVTable" oid="D4C2BA6C-13D7-14AA-64BC-BD1F97035D69" otype="Table" vid="BE611F4B-D47A-B1A7-28C2-EAE24ED04BF1">
<hideElementsInCurrentOnly>false</hideElementsInCurrentOnly>
<bounds x="1148" y="20" width="362" height="248"/>
</OView>
</objectViews>
</Diagram>