<?xml version = '1.0' encoding = 'UTF-8'?>
<RoleOraclev10g class="oracle.dbtools.crest.model.design.storage.oracle.v10g.RoleOraclev10g" name="SERVICO_ENDERECO" directorySegmentName="seg_0" id="E6736964-88B2-C423-00B4-BEBD030C74CD">
<sourceConnName>HIGIA_DEV.ENDERECO</sourceConnName>
<sourceObjName>SERVICO_ENDERECO</sourceObjName>
<createdBy>labbe</createdBy>
<createdTime>2017-06-28 18:28:40 UTC</createdTime>
<ownerDesignName>higia</ownerDesignName>
<permissions>
<Permission class="oracle.dbtools.crest.model.design.storage.oracle.v10g.PermissionsOraclev10g" name="Permissions1" id="B862CD76-3EC3-1E70-6953-B232D9672E8D">
<createdBy>labbe</createdBy>
<createdTime>2017-06-28 18:28:40 UTC</createdTime>
<ownerDesignName>higia</ownerDesignName>
<privileges>SELECT</privileges>
<sequence>D606734A-040E-44AE-77E4-F09965F878BF</sequence>
</Permission>
<Permission class="oracle.dbtools.crest.model.design.storage.oracle.v10g.PermissionsOraclev10g" name="Permissions10" id="5361F652-A5D6-1D63-0C7A-C4C8C60103B1">
<createdBy>labbe</createdBy>
<createdTime>2017-06-28 18:28:43 UTC</createdTime>
<ownerDesignName>higia</ownerDesignName>
<privileges>DELETE, INSERT, SELECT, UPDATE</privileges>
<table>C126F92A-8B28-B330-42AF-7DA663632169</table>
</Permission>
<Permission class="oracle.dbtools.crest.model.design.storage.oracle.v10g.PermissionsOraclev10g" name="Permissions11" id="2F802CCF-3A45-B9DA-2FC4-F118D4EBAF61">
<createdBy>labbe</createdBy>
<createdTime>2017-06-28 18:28:44 UTC</createdTime>
<ownerDesignName>higia</ownerDesignName>
<privileges>DELETE, INSERT, SELECT, UPDATE</privileges>
<table>6803775D-5E2B-CDB1-F1AC-A2EE6E20B35D</table>
</Permission>
<Permission class="oracle.dbtools.crest.model.design.storage.oracle.v10g.PermissionsOraclev10g" name="Permissions12" id="F6B348F4-2658-9A20-EAFC-B5EEE92C8FB0">
<createdBy>labbe</createdBy>
<createdTime>2017-06-28 18:28:44 UTC</createdTime>
<ownerDesignName>higia</ownerDesignName>
<privileges>DELETE, INSERT, SELECT, UPDATE</privileges>
<table>43B6A34C-0F38-9E41-1E8B-344563739171</table>
</Permission>
<Permission class="oracle.dbtools.crest.model.design.storage.oracle.v10g.PermissionsOraclev10g" name="Permissions13" id="FC3C9DB8-C8E9-B6AE-B0F2-87153C17B623">
<createdBy>labbe</createdBy>
<createdTime>2017-06-28 18:28:45 UTC</createdTime>
<ownerDesignName>higia</ownerDesignName>
<privileges>DELETE, INSERT, SELECT, UPDATE</privileges>
<table>D93F181D-DA4E-89D8-D80D-DD0B7A62A2D4</table>
</Permission>
<Permission class="oracle.dbtools.crest.model.design.storage.oracle.v10g.PermissionsOraclev10g" name="Permissions14" id="73E0B5B4-5FCB-718C-0BEC-10CB44F826BB">
<createdBy>labbe</createdBy>
<createdTime>2017-06-28 18:28:45 UTC</createdTime>
<ownerDesignName>higia</ownerDesignName>
<privileges>DELETE, INSERT, SELECT, UPDATE</privileges>
<table>3C2D6D53-5CF2-8986-2858-6E5264727E1F</table>
</Permission>
<Permission class="oracle.dbtools.crest.model.design.storage.oracle.v10g.PermissionsOraclev10g" name="Permissions15" id="62717675-20EB-3696-FA57-191CAB67FA60">
<createdBy>labbe</createdBy>
<createdTime>2017-06-28 18:28:45 UTC</createdTime>
<ownerDesignName>higia</ownerDesignName>
<privileges>DELETE, INSERT, SELECT, UPDATE</privileges>
<table>2F08A12E-9D7C-BBF6-26CD-87337CCD64C6</table>
</Permission>
<Permission class="oracle.dbtools.crest.model.design.storage.oracle.v10g.PermissionsOraclev10g" name="Permissions16" id="B2743F9D-275F-AF2B-E3B6-7D526109CB00">
<createdBy>labbe</createdBy>
<createdTime>2017-06-28 18:28:46 UTC</createdTime>
<ownerDesignName>higia</ownerDesignName>
<privileges>DELETE, INSERT, SELECT, UPDATE</privileges>
<table>C1BF6B39-31B7-6CAD-0FF5-9D51A309FDD9</table>
</Permission>
<Permission class="oracle.dbtools.crest.model.design.storage.oracle.v10g.PermissionsOraclev10g" name="Permissions17" id="CD1A88D5-0E93-F37B-C006-44C41280E338">
<createdBy>labbe</createdBy>
<createdTime>2017-06-28 18:28:46 UTC</createdTime>
<ownerDesignName>higia</ownerDesignName>
<privileges>DELETE, INSERT, SELECT, UPDATE</privileges>
<table>739CEE90-1A85-FEB7-2C91-4820783FEDFD</table>
</Permission>
<Permission class="oracle.dbtools.crest.model.design.storage.oracle.v10g.PermissionsOraclev10g" name="Permissions18" id="D40D0C4C-43E1-685A-33B0-CC493836F74E">
<createdBy>labbe</createdBy>
<createdTime>2017-06-28 18:28:47 UTC</createdTime>
<ownerDesignName>higia</ownerDesignName>
<privileges>DELETE, INSERT, SELECT, UPDATE</privileges>
<table>1EEE7321-6F45-1359-D276-F7FD623DB53D</table>
</Permission>
<Permission class="oracle.dbtools.crest.model.design.storage.oracle.v10g.PermissionsOraclev10g" name="Permissions19" id="19555054-018C-2D70-F0B8-C2732D271185">
<createdBy>labbe</createdBy>
<createdTime>2017-06-28 18:28:47 UTC</createdTime>
<ownerDesignName>higia</ownerDesignName>
<privileges>DELETE, INSERT, SELECT, UPDATE</privileges>
<table>7DB2F71D-0240-4E72-15FC-6000C77100F1</table>
</Permission>
<Permission class="oracle.dbtools.crest.model.design.storage.oracle.v10g.PermissionsOraclev10g" name="Permissions2" id="BD201ACA-A499-EE70-6916-A07E29BD40E4">
<createdBy>labbe</createdBy>
<createdTime>2017-06-28 18:28:40 UTC</createdTime>
<ownerDesignName>higia</ownerDesignName>
<privileges>SELECT</privileges>
<sequence>21F6480D-AB4E-5848-BB37-E695101DAFC4</sequence>
</Permission>
<Permission class="oracle.dbtools.crest.model.design.storage.oracle.v10g.PermissionsOraclev10g" name="Permissions20" id="2840634D-71F9-2DB3-8AF6-C1B619AAB6D8">
<createdBy>labbe</createdBy>
<createdTime>2017-06-28 18:28:47 UTC</createdTime>
<ownerDesignName>higia</ownerDesignName>
<privileges>DELETE, INSERT, SELECT, UPDATE</privileges>
<table>6E66DDDF-7E48-F6DD-FCF7-DB4F5B73CFB4</table>
</Permission>
<Permission class="oracle.dbtools.crest.model.design.storage.oracle.v10g.PermissionsOraclev10g" name="Permissions21" id="A2DA8196-A9BA-443B-8D79-B7B9E6A800D8">
<createdBy>labbe</createdBy>
<createdTime>2017-06-28 18:28:48 UTC</createdTime>
<ownerDesignName>higia</ownerDesignName>
<privileges>DELETE, INSERT, SELECT, UPDATE</privileges>
<table>0EFF47C0-9DFD-F9C5-F8E7-8127301AB20D</table>
</Permission>
<Permission class="oracle.dbtools.crest.model.design.storage.oracle.v10g.PermissionsOraclev10g" name="Permissions22" id="2C5F0751-5F10-0132-08D0-57440F700029">
<createdBy>labbe</createdBy>
<createdTime>2017-06-28 18:28:48 UTC</createdTime>
<ownerDesignName>higia</ownerDesignName>
<privileges>DELETE, INSERT, SELECT, UPDATE</privileges>
<table>E4ED0886-158E-EEA7-1A38-75371E2D75B1</table>
</Permission>
<Permission class="oracle.dbtools.crest.model.design.storage.oracle.v10g.PermissionsOraclev10g" name="Permissions23" id="E7180CEA-F237-3B0D-97DC-A599B8BE7A81">
<createdBy>labbe</createdBy>
<createdTime>2017-06-28 18:28:49 UTC</createdTime>
<ownerDesignName>higia</ownerDesignName>
<privileges>DELETE, INSERT, SELECT, UPDATE</privileges>
<table>40E529CA-464D-6F5D-FA8E-E56586FDDA06</table>
</Permission>
<Permission class="oracle.dbtools.crest.model.design.storage.oracle.v10g.PermissionsOraclev10g" name="Permissions24" id="5ABFC45D-091A-C571-D773-0C4BEEB27AD5">
<createdBy>labbe</createdBy>
<createdTime>2017-06-28 18:28:49 UTC</createdTime>
<ownerDesignName>higia</ownerDesignName>
<privileges>DELETE, INSERT, SELECT, UPDATE</privileges>
<table>6836E010-5E95-0C5C-B1C3-3438ACD73BD7</table>
</Permission>
<Permission class="oracle.dbtools.crest.model.design.storage.oracle.v10g.PermissionsOraclev10g" name="Permissions25" id="10A29C30-8F61-5174-6079-57F8D109E424">
<createdBy>labbe</createdBy>
<createdTime>2017-06-28 18:28:49 UTC</createdTime>
<ownerDesignName>higia</ownerDesignName>
<privileges>DELETE, INSERT, SELECT, UPDATE</privileges>
<table>0F5B43C7-1BA4-FD2A-1D16-A3F378314FAE</table>
</Permission>
<Permission class="oracle.dbtools.crest.model.design.storage.oracle.v10g.PermissionsOraclev10g" name="Permissions26" id="11C76C49-2472-CA97-2137-8AB13DBA2B09">
<createdBy>labbe</createdBy>
<createdTime>2017-06-28 18:28:50 UTC</createdTime>
<ownerDesignName>higia</ownerDesignName>
<privileges>DELETE, INSERT, SELECT, UPDATE</privileges>
<table>8BC1542F-47B5-44FB-5281-66B4037F40F8</table>
</Permission>
<Permission class="oracle.dbtools.crest.model.design.storage.oracle.v10g.PermissionsOraclev10g" name="Permissions27" id="AF897DAA-2090-93BA-4FED-5C1A082D7EA1">
<createdBy>labbe</createdBy>
<createdTime>2017-06-28 18:28:50 UTC</createdTime>
<ownerDesignName>higia</ownerDesignName>
<privileges>DELETE, INSERT, SELECT, UPDATE</privileges>
<table>8E65C5FB-4BD0-E34E-2FBE-AF211CE23118</table>
</Permission>
<Permission class="oracle.dbtools.crest.model.design.storage.oracle.v10g.PermissionsOraclev10g" name="Permissions28" id="8F1A01FA-2A1E-8355-91C2-CE5DB2FBB08C">
<createdBy>labbe</createdBy>
<createdTime>2017-06-28 18:28:51 UTC</createdTime>
<ownerDesignName>higia</ownerDesignName>
<privileges>DELETE, INSERT, SELECT, UPDATE</privileges>
<table>DC04A00A-804D-046D-36BE-C816730FB779</table>
</Permission>
<Permission class="oracle.dbtools.crest.model.design.storage.oracle.v10g.PermissionsOraclev10g" name="Permissions29" id="FB4276E3-0A08-0823-D77B-EA2444746251">
<createdBy>labbe</createdBy>
<createdTime>2017-06-28 18:28:51 UTC</createdTime>
<ownerDesignName>higia</ownerDesignName>
<privileges>DELETE, INSERT, SELECT, UPDATE</privileges>
<table>6F1C9649-B0CE-6E1E-262A-F17080573AC4</table>
</Permission>
<Permission class="oracle.dbtools.crest.model.design.storage.oracle.v10g.PermissionsOraclev10g" name="Permissions3" id="EF156E7A-C7E2-E958-2698-F2ACFAFEFFE1">
<createdBy>labbe</createdBy>
<createdTime>2017-06-28 18:28:41 UTC</createdTime>
<ownerDesignName>higia</ownerDesignName>
<privileges>DELETE, INSERT, SELECT, UPDATE</privileges>
<table>5310728D-2629-1664-AE6E-CE3B3A651FD7</table>
</Permission>
<Permission class="oracle.dbtools.crest.model.design.storage.oracle.v10g.PermissionsOraclev10g" name="Permissions4" id="F24E850B-7DEF-4212-7E94-024D6E158739">
<createdBy>labbe</createdBy>
<createdTime>2017-06-28 18:28:41 UTC</createdTime>
<ownerDesignName>higia</ownerDesignName>
<privileges>DELETE, INSERT, SELECT, UPDATE</privileges>
<table>BA6EDD8B-2AC0-A5FA-C71B-08C0EB21FBF9</table>
</Permission>
<Permission class="oracle.dbtools.crest.model.design.storage.oracle.v10g.PermissionsOraclev10g" name="Permissions5" id="0BD3B4F8-70C2-947F-EFD2-82649968CC30">
<createdBy>labbe</createdBy>
<createdTime>2017-06-28 18:28:41 UTC</createdTime>
<ownerDesignName>higia</ownerDesignName>
<privileges>DELETE, INSERT, SELECT, UPDATE</privileges>
<table>EF9FFDFD-C263-5090-47B6-002A9EB40586</table>
</Permission>
<Permission class="oracle.dbtools.crest.model.design.storage.oracle.v10g.PermissionsOraclev10g" name="Permissions6" id="2506F67B-3697-486C-5DC7-C5C4EF40B2B8">
<createdBy>labbe</createdBy>
<createdTime>2017-06-28 18:28:42 UTC</createdTime>
<ownerDesignName>higia</ownerDesignName>
<privileges>DELETE, INSERT, SELECT, UPDATE</privileges>
<table>177AB3E1-B95B-8B7C-BBFB-122DF6A3D27B</table>
</Permission>
<Permission class="oracle.dbtools.crest.model.design.storage.oracle.v10g.PermissionsOraclev10g" name="Permissions7" id="F8C60D4F-42CE-639F-5E92-DC8D4C87CE5F">
<createdBy>labbe</createdBy>
<createdTime>2017-06-28 18:28:42 UTC</createdTime>
<ownerDesignName>higia</ownerDesignName>
<privileges>DELETE, INSERT, SELECT, UPDATE</privileges>
<table>4EC7BAB0-3ABE-DE38-EA04-5CBA5C1863F1</table>
</Permission>
<Permission class="oracle.dbtools.crest.model.design.storage.oracle.v10g.PermissionsOraclev10g" name="Permissions8" id="09D83B81-40C2-D211-8B27-140F36CF7DE8">
<createdBy>labbe</createdBy>
<createdTime>2017-06-28 18:28:43 UTC</createdTime>
<ownerDesignName>higia</ownerDesignName>
<privileges>DELETE, INSERT, SELECT, UPDATE</privileges>
<table>FF92675E-1917-4963-FA0C-BA8970CEAC9C</table>
</Permission>
<Permission class="oracle.dbtools.crest.model.design.storage.oracle.v10g.PermissionsOraclev10g" name="Permissions9" id="EAC71FB8-ED94-A2B3-A82E-DC41CDDC2BD0">
<createdBy>labbe</createdBy>
<createdTime>2017-06-28 18:28:43 UTC</createdTime>
<ownerDesignName>higia</ownerDesignName>
<privileges>DELETE, INSERT, SELECT, UPDATE</privileges>
<table>3E406F43-5ED0-4F4A-620E-4A65FB28ABEA</table>
</Permission>
</permissions>
</RoleOraclev10g>