<?xml version = '1.0' encoding = 'UTF-8'?>
<RoleOraclev10g class="oracle.dbtools.crest.model.design.storage.oracle.v10g.RoleOraclev10g" name="SERVICO_FATURAMENTO" directorySegmentName="seg_0" id="B24A8C0A-B234-87C2-254A-9DBA845E851D">
<sourceConnName>HIGIA_DEV.FATURAMENTO</sourceConnName>
<sourceObjName>SERVICO_FATURAMENTO</sourceObjName>
<createdBy>labbe</createdBy>
<createdTime>2017-06-28 18:05:53 UTC</createdTime>
<ownerDesignName>higia</ownerDesignName>
<permissions>
<Permission class="oracle.dbtools.crest.model.design.storage.oracle.v10g.PermissionsOraclev10g" name="Permissions1" id="C76153FA-406C-8D41-152E-8359A0E7E907">
<createdBy>labbe</createdBy>
<createdTime>2017-06-28 18:05:53 UTC</createdTime>
<ownerDesignName>higia</ownerDesignName>
<privileges>SELECT</privileges>
<sequence>F40E3B8B-2BEF-257F-02D8-7000B7890681</sequence>
</Permission>
<Permission class="oracle.dbtools.crest.model.design.storage.oracle.v10g.PermissionsOraclev10g" name="Permissions10" id="466B9C3F-C4D8-A786-791B-032C6D291F08">
<createdBy>labbe</createdBy>
<createdTime>2017-06-28 18:05:55 UTC</createdTime>
<ownerDesignName>higia</ownerDesignName>
<privileges>SELECT</privileges>
<sequence>A38E210D-44CB-6361-C09E-DAB0ADE9FF0C</sequence>
</Permission>
<Permission class="oracle.dbtools.crest.model.design.storage.oracle.v10g.PermissionsOraclev10g" name="Permissions11" id="DC5FAF0F-6C3D-E9E0-D415-2ECD1616B3A2">
<createdBy>labbe</createdBy>
<createdTime>2017-06-28 18:05:55 UTC</createdTime>
<ownerDesignName>higia</ownerDesignName>
<privileges>SELECT</privileges>
<sequence>321E2AE5-2CB3-CC04-090B-80C843C01E08</sequence>
</Permission>
<Permission class="oracle.dbtools.crest.model.design.storage.oracle.v10g.PermissionsOraclev10g" name="Permissions12" id="92BDA73E-A879-C8B2-A898-B98BAD3D2414">
<createdBy>labbe</createdBy>
<createdTime>2017-06-28 18:05:55 UTC</createdTime>
<ownerDesignName>higia</ownerDesignName>
<privileges>SELECT</privileges>
<sequence>087F9C84-54DF-7018-1A76-52DECDF5A11D</sequence>
</Permission>
<Permission class="oracle.dbtools.crest.model.design.storage.oracle.v10g.PermissionsOraclev10g" name="Permissions13" id="344171E5-3952-4D2F-BCEB-407F0ABD5261">
<createdBy>labbe</createdBy>
<createdTime>2017-06-28 18:05:55 UTC</createdTime>
<ownerDesignName>higia</ownerDesignName>
<privileges>DELETE, INSERT, SELECT, UPDATE</privileges>
<table>4CCB1D67-A436-9DAC-4FCA-3552610A3192</table>
</Permission>
<Permission class="oracle.dbtools.crest.model.design.storage.oracle.v10g.PermissionsOraclev10g" name="Permissions14" id="14DF48C7-81AE-C992-59AF-006BECD94C05">
<createdBy>labbe</createdBy>
<createdTime>2017-06-28 18:05:56 UTC</createdTime>
<ownerDesignName>higia</ownerDesignName>
<privileges>DELETE, INSERT, SELECT, UPDATE</privileges>
<table>1419D54F-BB37-4035-1F78-1DA49EEDD6F5</table>
</Permission>
<Permission class="oracle.dbtools.crest.model.design.storage.oracle.v10g.PermissionsOraclev10g" name="Permissions15" id="A50BDEEB-2655-2C75-3254-B5AB02393A41">
<createdBy>labbe</createdBy>
<createdTime>2017-06-28 18:05:56 UTC</createdTime>
<ownerDesignName>higia</ownerDesignName>
<privileges>DELETE, INSERT, SELECT, UPDATE</privileges>
<table>706A4C50-EE94-92C8-3A8B-EFA72F43FA88</table>
</Permission>
<Permission class="oracle.dbtools.crest.model.design.storage.oracle.v10g.PermissionsOraclev10g" name="Permissions16" id="6E1B78D6-5176-9AB6-FC4A-894B274B008E">
<createdBy>labbe</createdBy>
<createdTime>2017-06-28 18:05:57 UTC</createdTime>
<ownerDesignName>higia</ownerDesignName>
<privileges>DELETE, INSERT, SELECT, UPDATE</privileges>
<table>F994E307-28D9-3FFB-7D7A-1967FF2B4BC3</table>
</Permission>
<Permission class="oracle.dbtools.crest.model.design.storage.oracle.v10g.PermissionsOraclev10g" name="Permissions17" id="0E167B57-2615-2FA6-62CC-B1DD47E507C6">
<createdBy>labbe</createdBy>
<createdTime>2017-06-28 18:05:57 UTC</createdTime>
<ownerDesignName>higia</ownerDesignName>
<privileges>DELETE, INSERT, SELECT, UPDATE</privileges>
<table>FA03346F-138C-6C0A-C462-ECD355643B31</table>
</Permission>
<Permission class="oracle.dbtools.crest.model.design.storage.oracle.v10g.PermissionsOraclev10g" name="Permissions18" id="46081F39-BD5C-E8EA-A853-F05675EC40B6">
<createdBy>labbe</createdBy>
<createdTime>2017-06-28 18:05:58 UTC</createdTime>
<ownerDesignName>higia</ownerDesignName>
<privileges>DELETE, INSERT, SELECT, UPDATE</privileges>
<table>2471C8B6-AA1D-EDDA-F354-2C0BF3CF8B14</table>
</Permission>
<Permission class="oracle.dbtools.crest.model.design.storage.oracle.v10g.PermissionsOraclev10g" name="Permissions19" id="45883974-560E-2F59-119F-EF4D0B11EB2D">
<createdBy>labbe</createdBy>
<createdTime>2017-06-28 18:05:58 UTC</createdTime>
<ownerDesignName>higia</ownerDesignName>
<privileges>DELETE, INSERT, SELECT, UPDATE</privileges>
<table>CFB0DE67-8B27-8F91-6BCC-402CBF5C0F37</table>
</Permission>
<Permission class="oracle.dbtools.crest.model.design.storage.oracle.v10g.PermissionsOraclev10g" name="Permissions2" id="AC972A23-97EB-CA29-5481-BC0AFFB7F8E3">
<createdBy>labbe</createdBy>
<createdTime>2017-06-28 18:05:53 UTC</createdTime>
<ownerDesignName>higia</ownerDesignName>
<privileges>SELECT</privileges>
<sequence>5CCE83E0-A23A-180F-CAF9-9470C8C48ECB</sequence>
</Permission>
<Permission class="oracle.dbtools.crest.model.design.storage.oracle.v10g.PermissionsOraclev10g" name="Permissions20" id="E50A0E9C-A29D-4474-B609-8B6ECFCFFC64">
<createdBy>labbe</createdBy>
<createdTime>2017-06-28 18:05:58 UTC</createdTime>
<ownerDesignName>higia</ownerDesignName>
<privileges>DELETE, INSERT, SELECT, UPDATE</privileges>
<table>78A6FDCE-0EE3-E91A-5FCA-78329301EFDD</table>
</Permission>
<Permission class="oracle.dbtools.crest.model.design.storage.oracle.v10g.PermissionsOraclev10g" name="Permissions21" id="A7561840-026A-9409-844A-CBD1374037EC">
<createdBy>labbe</createdBy>
<createdTime>2017-06-28 18:05:59 UTC</createdTime>
<ownerDesignName>higia</ownerDesignName>
<privileges>DELETE, INSERT, SELECT, UPDATE</privileges>
<table>258A0F7F-BACC-1702-A6FC-29546666851F</table>
</Permission>
<Permission class="oracle.dbtools.crest.model.design.storage.oracle.v10g.PermissionsOraclev10g" name="Permissions22" id="74723D5D-9571-D45D-0A9E-3FAFBF030987">
<createdBy>labbe</createdBy>
<createdTime>2017-06-28 18:05:59 UTC</createdTime>
<ownerDesignName>higia</ownerDesignName>
<privileges>DELETE, INSERT, SELECT, UPDATE</privileges>
<table>C591A9AB-F946-A01D-1FCF-FF562AEE3F9E</table>
</Permission>
<Permission class="oracle.dbtools.crest.model.design.storage.oracle.v10g.PermissionsOraclev10g" name="Permissions23" id="FBFD6130-3148-CBD7-DEF3-323912BBF960">
<createdBy>labbe</createdBy>
<createdTime>2017-06-28 18:06:00 UTC</createdTime>
<ownerDesignName>higia</ownerDesignName>
<privileges>DELETE, INSERT, SELECT, UPDATE</privileges>
<table>884185AB-3C54-0800-484D-329E857FB742</table>
</Permission>
<Permission class="oracle.dbtools.crest.model.design.storage.oracle.v10g.PermissionsOraclev10g" name="Permissions24" id="C98AAE00-6F43-8197-32D8-0D58F53E202C">
<createdBy>labbe</createdBy>
<createdTime>2017-06-28 18:06:00 UTC</createdTime>
<ownerDesignName>higia</ownerDesignName>
<privileges>DELETE, INSERT, SELECT, UPDATE</privileges>
<table>972A3150-7071-4E80-ACBE-09AC3A3DBC5B</table>
</Permission>
<Permission class="oracle.dbtools.crest.model.design.storage.oracle.v10g.PermissionsOraclev10g" name="Permissions3" id="5E047B55-C72A-8D90-4D03-596A020F51D0">
<createdBy>labbe</createdBy>
<createdTime>2017-06-28 18:05:53 UTC</createdTime>
<ownerDesignName>higia</ownerDesignName>
<privileges>SELECT</privileges>
<sequence>4012DE78-A9B7-8D03-E9AF-820ADDEC8292</sequence>
</Permission>
<Permission class="oracle.dbtools.crest.model.design.storage.oracle.v10g.PermissionsOraclev10g" name="Permissions4" id="CEC5DCC3-5682-AC0E-377E-90981B6FCC9D">
<createdBy>labbe</createdBy>
<createdTime>2017-06-28 18:05:54 UTC</createdTime>
<ownerDesignName>higia</ownerDesignName>
<privileges>SELECT</privileges>
<sequence>E65FC63C-27A6-971F-587E-41230C69C3B6</sequence>
</Permission>
<Permission class="oracle.dbtools.crest.model.design.storage.oracle.v10g.PermissionsOraclev10g" name="Permissions5" id="D613201D-F3DB-A7D5-A8FB-BB7D56061DED">
<createdBy>labbe</createdBy>
<createdTime>2017-06-28 18:05:54 UTC</createdTime>
<ownerDesignName>higia</ownerDesignName>
<privileges>SELECT</privileges>
<sequence>E9BC228F-5C06-80C8-828C-8342F975E14D</sequence>
</Permission>
<Permission class="oracle.dbtools.crest.model.design.storage.oracle.v10g.PermissionsOraclev10g" name="Permissions6" id="497C3B40-AEC7-374D-4882-3BFAB4580ABF">
<createdBy>labbe</createdBy>
<createdTime>2017-06-28 18:05:54 UTC</createdTime>
<ownerDesignName>higia</ownerDesignName>
<privileges>SELECT</privileges>
<sequence>8F47554E-3047-CEFC-E5F2-1A4B5E26080B</sequence>
</Permission>
<Permission class="oracle.dbtools.crest.model.design.storage.oracle.v10g.PermissionsOraclev10g" name="Permissions7" id="31DA4B17-3030-8FA5-AC14-7484F33AEC5D">
<createdBy>labbe</createdBy>
<createdTime>2017-06-28 18:05:54 UTC</createdTime>
<ownerDesignName>higia</ownerDesignName>
<privileges>SELECT</privileges>
<sequence>824A4E2F-79AC-DCE6-B016-39D8C762E9B7</sequence>
</Permission>
<Permission class="oracle.dbtools.crest.model.design.storage.oracle.v10g.PermissionsOraclev10g" name="Permissions8" id="D32FF22B-AA59-66F9-2B9C-51506997E057">
<createdBy>labbe</createdBy>
<createdTime>2017-06-28 18:05:54 UTC</createdTime>
<ownerDesignName>higia</ownerDesignName>
<privileges>SELECT</privileges>
<sequence>D05DB214-7211-69CC-E1F0-552382E790F8</sequence>
</Permission>
<Permission class="oracle.dbtools.crest.model.design.storage.oracle.v10g.PermissionsOraclev10g" name="Permissions9" id="27F34897-049F-9D91-9726-294FC5717D8F">
<createdBy>labbe</createdBy>
<createdTime>2017-06-28 18:05:55 UTC</createdTime>
<ownerDesignName>higia</ownerDesignName>
<privileges>SELECT</privileges>
<sequence>C87AD489-D1F7-0B6A-8062-9B1E8C068098</sequence>
</Permission>
</permissions>
</RoleOraclev10g>