<?xml version = '1.0' encoding = 'UTF-8'?>
<Table class="oracle.dbtools.crest.model.design.relational.Table" directorySegmentName="seg_0" id="0EFF47C0-9DFD-F9C5-F8E7-8127301AB20D" schemaObject="98BF7BAD-6E06-AAA5-C899-4E17FCC779A9" name="LOG_LOCALIDADE">
<sourceConnName>HIGIA_DEV.ENDERECO</sourceConnName>
<sourceObjSchema>ENDERECO</sourceObjSchema>
<sourceObjName>LOG_LOCALIDADE</sourceObjName>
<createdBy>labbe</createdBy>
<createdTime>2017-06-28 18:27:12 UTC</createdTime>
<commentInRDBMS>Localidade&lt;br/&gt;O arquivo LOG_LOCALIDADE contempla os municípios, distritos e povoados do Brasil.&lt;br/&gt;Os CEPs presentes neste arquivo valem para todos os logradouros da cidade, não necessitando consulta nos demais arquivos.</commentInRDBMS>
<ownerDesignName>higia</ownerDesignName>
<allowColumnReorder>false</allowColumnReorder>
<existDependencyGenerateInDDl>true</existDependencyGenerateInDDl>
<parsed>true</parsed>
<columns itemClass="oracle.dbtools.crest.model.design.relational.Column">
<Column name="LOC_NU" id="AE5EA858-CE3C-1996-FD73-49CFC9057AFD">
<sourceConnName>HIGIA_DEV.ENDERECO</sourceConnName>
<sourceObjSchema>LOG_LOCALIDADE</sourceObjSchema>
<sourceObjName>LOC_NU</sourceObjName>
<createdBy>labbe</createdBy>
<createdTime>2017-06-28 18:27:33 UTC</createdTime>
<commentInRDBMS>chave da localidade</commentInRDBMS>
<ownerDesignName>higia</ownerDesignName>
<useDomainConstraints>false</useDomainConstraints>
<use>1</use>
<logicalDatatype>LOGDT019</logicalDatatype>
<ownDataTypeParameters>,,</ownDataTypeParameters>
<autoIncrementCycle>false</autoIncrementCycle>
</Column>
<Column name="UFE_SG" id="3582B22B-30CD-D7DE-5DC8-E8B623C1EBCA">
<sourceConnName>HIGIA_DEV.ENDERECO</sourceConnName>
<sourceObjSchema>LOG_LOCALIDADE</sourceObjSchema>
<sourceObjName>UFE_SG</sourceObjName>
<createdBy>labbe</createdBy>
<createdTime>2017-06-28 18:27:33 UTC</createdTime>
<commentInRDBMS>sigla da UF</commentInRDBMS>
<ownerDesignName>higia</ownerDesignName>
<useDomainConstraints>false</useDomainConstraints>
<use>1</use>
<logicalDatatype>LOGDT025</logicalDatatype>
<dataTypeSize>2 BYTE</dataTypeSize>
<ownDataTypeParameters>2 BYTE,,</ownDataTypeParameters>
<autoIncrementCycle>false</autoIncrementCycle>
</Column>
<Column name="LOC_NO" id="AC2DD7E8-5DC8-6594-2286-82B3515C8688">
<sourceConnName>HIGIA_DEV.ENDERECO</sourceConnName>
<sourceObjSchema>LOG_LOCALIDADE</sourceObjSchema>
<sourceObjName>LOC_NO</sourceObjName>
<createdBy>labbe</createdBy>
<createdTime>2017-06-28 18:27:33 UTC</createdTime>
<commentInRDBMS>nome da localidade</commentInRDBMS>
<ownerDesignName>higia</ownerDesignName>
<useDomainConstraints>false</useDomainConstraints>
<use>1</use>
<logicalDatatype>LOGDT024</logicalDatatype>
<dataTypeSize>72 BYTE</dataTypeSize>
<ownDataTypeParameters>72 BYTE,,</ownDataTypeParameters>
<autoIncrementCycle>false</autoIncrementCycle>
</Column>
<Column name="CEP" id="05AAA677-11A8-E789-142D-9B834F20A1C1">
<sourceConnName>HIGIA_DEV.ENDERECO</sourceConnName>
<sourceObjSchema>LOG_LOCALIDADE</sourceObjSchema>
<sourceObjName>CEP</sourceObjName>
<createdBy>labbe</createdBy>
<createdTime>2017-06-28 18:27:33 UTC</createdTime>
<commentInRDBMS>CEP da localidade (para  localidade  não codificada, ou seja loc_in_sit = 0) (opcional)</commentInRDBMS>
<ownerDesignName>higia</ownerDesignName>
<nullsAllowed>true</nullsAllowed>
<useDomainConstraints>false</useDomainConstraints>
<use>1</use>
<logicalDatatype>LOGDT025</logicalDatatype>
<dataTypeSize>8 BYTE</dataTypeSize>
<ownDataTypeParameters>8 BYTE,,</ownDataTypeParameters>
<autoIncrementCycle>false</autoIncrementCycle>
</Column>
<Column name="LOC_IN_SIT" id="80FC5385-ECDD-3809-1E5E-20ABC8C50FE6">
<sourceConnName>HIGIA_DEV.ENDERECO</sourceConnName>
<sourceObjSchema>LOG_LOCALIDADE</sourceObjSchema>
<sourceObjName>LOC_IN_SIT</sourceObjName>
<createdBy>labbe</createdBy>
<createdTime>2017-06-28 18:27:34 UTC</createdTime>
<commentInRDBMS>situação da localidade:&lt;br/&gt;0 = não codificada em nível de Logradouro,&lt;br/&gt;1 = Localidade codificada em nível de Logradouro e&lt;br/&gt;2 = Distrito ou Povoado inserido na codificação em nível de Logradouro.</commentInRDBMS>
<ownerDesignName>higia</ownerDesignName>
<useDomainConstraints>false</useDomainConstraints>
<use>1</use>
<logicalDatatype>LOGDT025</logicalDatatype>
<dataTypeSize>1 BYTE</dataTypeSize>
<ownDataTypeParameters>1 BYTE,,</ownDataTypeParameters>
<autoIncrementCycle>false</autoIncrementCycle>
</Column>
<Column name="LOC_IN_TIPO_LOC" id="36A93AE5-A3B9-4045-48A0-17B0616BAB32">
<sourceConnName>HIGIA_DEV.ENDERECO</sourceConnName>
<sourceObjSchema>LOG_LOCALIDADE</sourceObjSchema>
<sourceObjName>LOC_IN_TIPO_LOC</sourceObjName>
<createdBy>labbe</createdBy>
<createdTime>2017-06-28 18:27:34 UTC</createdTime>
<commentInRDBMS>tipo de localidade:&lt;br/&gt;D – Distrito,&lt;br/&gt;M – Município,&lt;br/&gt;P – Povoado.</commentInRDBMS>
<ownerDesignName>higia</ownerDesignName>
<useDomainConstraints>false</useDomainConstraints>
<use>1</use>
<logicalDatatype>LOGDT025</logicalDatatype>
<dataTypeSize>1 BYTE</dataTypeSize>
<ownDataTypeParameters>1 BYTE,,</ownDataTypeParameters>
<autoIncrementCycle>false</autoIncrementCycle>
</Column>
<Column name="LOC_NU_SUB" id="6CB1C94C-9E99-0DEB-C91D-1835A0BFBACD">
<sourceConnName>HIGIA_DEV.ENDERECO</sourceConnName>
<sourceObjSchema>LOG_LOCALIDADE</sourceObjSchema>
<sourceObjName>LOC_NU_SUB</sourceObjName>
<createdBy>labbe</createdBy>
<createdTime>2017-06-28 18:27:34 UTC</createdTime>
<commentInRDBMS>chave da localidade de subordinação (opcional)</commentInRDBMS>
<ownerDesignName>higia</ownerDesignName>
<nullsAllowed>true</nullsAllowed>
<useDomainConstraints>false</useDomainConstraints>
<use>1</use>
<logicalDatatype>LOGDT019</logicalDatatype>
<ownDataTypeParameters>,,</ownDataTypeParameters>
<autoIncrementCycle>false</autoIncrementCycle>
</Column>
<Column name="LOC_NO_ABREV" id="8DE8D061-B10D-8538-A5C5-844E6AACEAE6">
<sourceConnName>HIGIA_DEV.ENDERECO</sourceConnName>
<sourceObjSchema>LOG_LOCALIDADE</sourceObjSchema>
<sourceObjName>LOC_NO_ABREV</sourceObjName>
<createdBy>labbe</createdBy>
<createdTime>2017-06-28 18:27:34 UTC</createdTime>
<commentInRDBMS>abreviatura do nome da localidade (opcional)</commentInRDBMS>
<ownerDesignName>higia</ownerDesignName>
<nullsAllowed>true</nullsAllowed>
<useDomainConstraints>false</useDomainConstraints>
<use>1</use>
<logicalDatatype>LOGDT024</logicalDatatype>
<dataTypeSize>36 BYTE</dataTypeSize>
<ownDataTypeParameters>36 BYTE,,</ownDataTypeParameters>
<autoIncrementCycle>false</autoIncrementCycle>
</Column>
<Column name="MUN_NU" id="87D8191D-899C-BFA2-D3E0-C64B90102F5E">
<sourceConnName>HIGIA_DEV.ENDERECO</sourceConnName>
<sourceObjSchema>LOG_LOCALIDADE</sourceObjSchema>
<sourceObjName>MUN_NU</sourceObjName>
<createdBy>labbe</createdBy>
<createdTime>2017-06-28 18:27:34 UTC</createdTime>
<commentInRDBMS>Código do município IBGE (opcional)</commentInRDBMS>
<ownerDesignName>higia</ownerDesignName>
<nullsAllowed>true</nullsAllowed>
<useDomainConstraints>false</useDomainConstraints>
<use>1</use>
<logicalDatatype>LOGDT025</logicalDatatype>
<dataTypeSize>7 BYTE</dataTypeSize>
<ownDataTypeParameters>7 BYTE,,</ownDataTypeParameters>
<autoIncrementCycle>false</autoIncrementCycle>
</Column>
</columns>
<indexes itemClass="oracle.dbtools.crest.model.design.relational.Index">
<ind_PK_UK id="B06D40D9-8AA5-5D76-FE3E-B140C29E44D3" name="PK_LOG_LOCALIDADE">
<sourceConnName>HIGIA_DEV.ENDERECO</sourceConnName>
<sourceObjSchema>ENDERECO</sourceObjSchema>
<sourceObjName>PK_LOG_LOCALIDADE</sourceObjName>
<createdBy>labbe</createdBy>
<createdTime>2017-06-28 18:28:14 UTC</createdTime>
<ownerDesignName>higia</ownerDesignName>
<pk>true</pk>
<indexState>Primary Constraint</indexState>
<isSurrogateKey>false</isSurrogateKey>
<indexColumnUsage>
<colUsage columnID="AE5EA858-CE3C-1996-FD73-49CFC9057AFD"/>
</indexColumnUsage>
</ind_PK_UK>
<ind_PK_UK id="1B111C16-1871-4311-59FA-14DA5642EE24" schemaObject="98BF7BAD-6E06-AAA5-C899-4E17FCC779A9" name="PK_LOG_LOCALIDADE">
<sourceConnName>HIGIA_DEV.ENDERECO</sourceConnName>
<sourceObjSchema>ENDERECO</sourceObjSchema>
<sourceObjName>PK_LOG_LOCALIDADE</sourceObjName>
<createdBy>labbe</createdBy>
<createdTime>2017-06-28 18:27:48 UTC</createdTime>
<ownerDesignName>higia</ownerDesignName>
<indexState>Unique Plain Index</indexState>
<isSurrogateKey>false</isSurrogateKey>
<indexColumnUsage>
<colUsage columnID="AE5EA858-CE3C-1996-FD73-49CFC9057AFD"/>
</indexColumnUsage>
</ind_PK_UK>
</indexes>
</Table>