<?xml version = '1.0' encoding = 'UTF-8'?>
<Table class="oracle.dbtools.crest.model.design.relational.Table" directorySegmentName="seg_0" id="0F5B43C7-1BA4-FD2A-1D16-A3F378314FAE" schemaObject="98BF7BAD-6E06-AAA5-C899-4E17FCC779A9" name="LOG_VAR_BAI">
<sourceConnName>HIGIA_DEV.ENDERECO</sourceConnName>
<sourceObjSchema>ENDERECO</sourceObjSchema>
<sourceObjName>LOG_VAR_BAI</sourceObjName>
<createdBy>labbe</createdBy>
<createdTime>2017-06-28 18:27:13 UTC</createdTime>
<commentInRDBMS>Outras denominações do Bairro Localidade (denominação popular, denominação anterior)</commentInRDBMS>
<ownerDesignName>higia</ownerDesignName>
<allowColumnReorder>false</allowColumnReorder>
<existDependencyGenerateInDDl>true</existDependencyGenerateInDDl>
<parsed>true</parsed>
<columns itemClass="oracle.dbtools.crest.model.design.relational.Column">
<Column name="BAI_NU" id="0F67C6B4-BBBE-F566-D249-AB81F90C198D">
<sourceConnName>HIGIA_DEV.ENDERECO</sourceConnName>
<sourceObjSchema>LOG_VAR_BAI</sourceObjSchema>
<sourceObjName>BAI_NU</sourceObjName>
<createdBy>labbe</createdBy>
<createdTime>2017-06-28 18:27:41 UTC</createdTime>
<commentInRDBMS>chave do bairro</commentInRDBMS>
<ownerDesignName>higia</ownerDesignName>
<useDomainConstraints>false</useDomainConstraints>
<use>1</use>
<logicalDatatype>LOGDT019</logicalDatatype>
<ownDataTypeParameters>,,</ownDataTypeParameters>
<autoIncrementCycle>false</autoIncrementCycle>
</Column>
<Column name="VDB_NU" id="64DCA4D3-9091-5882-3047-918F1D24E2B1">
<sourceConnName>HIGIA_DEV.ENDERECO</sourceConnName>
<sourceObjSchema>LOG_VAR_BAI</sourceObjSchema>
<sourceObjName>VDB_NU</sourceObjName>
<createdBy>labbe</createdBy>
<createdTime>2017-06-28 18:27:41 UTC</createdTime>
<commentInRDBMS>ordem da denominação</commentInRDBMS>
<ownerDesignName>higia</ownerDesignName>
<useDomainConstraints>false</useDomainConstraints>
<use>1</use>
<logicalDatatype>LOGDT019</logicalDatatype>
<ownDataTypeParameters>,,</ownDataTypeParameters>
<autoIncrementCycle>false</autoIncrementCycle>
</Column>
<Column name="VDB_TX" id="B9DB50FF-5CEB-8B00-F70B-7A433955CE32">
<sourceConnName>HIGIA_DEV.ENDERECO</sourceConnName>
<sourceObjSchema>LOG_VAR_BAI</sourceObjSchema>
<sourceObjName>VDB_TX</sourceObjName>
<createdBy>labbe</createdBy>
<createdTime>2017-06-28 18:27:41 UTC</createdTime>
<commentInRDBMS>Denominação</commentInRDBMS>
<ownerDesignName>higia</ownerDesignName>
<useDomainConstraints>false</useDomainConstraints>
<use>1</use>
<logicalDatatype>LOGDT024</logicalDatatype>
<dataTypeSize>72 BYTE</dataTypeSize>
<ownDataTypeParameters>72 BYTE,,</ownDataTypeParameters>
<autoIncrementCycle>false</autoIncrementCycle>
</Column>
</columns>
<indexes itemClass="oracle.dbtools.crest.model.design.relational.Index">
<ind_PK_UK id="A18E5F73-A9C5-DD12-30B0-6944AC976DA4" name="PK_LOG_VAR_BAI">
<sourceConnName>HIGIA_DEV.ENDERECO</sourceConnName>
<sourceObjSchema>ENDERECO</sourceObjSchema>
<sourceObjName>PK_LOG_VAR_BAI</sourceObjName>
<createdBy>labbe</createdBy>
<createdTime>2017-06-28 18:28:21 UTC</createdTime>
<ownerDesignName>higia</ownerDesignName>
<pk>true</pk>
<indexState>Primary Constraint</indexState>
<isSurrogateKey>false</isSurrogateKey>
<indexColumnUsage>
<colUsage columnID="0F67C6B4-BBBE-F566-D249-AB81F90C198D"/>
<colUsage columnID="64DCA4D3-9091-5882-3047-918F1D24E2B1"/>
</indexColumnUsage>
</ind_PK_UK>
<ind_PK_UK id="0833048A-2546-C4A8-1A87-3038781A6F77" schemaObject="98BF7BAD-6E06-AAA5-C899-4E17FCC779A9" name="PK_LOG_VAR_BAI">
<sourceConnName>HIGIA_DEV.ENDERECO</sourceConnName>
<sourceObjSchema>ENDERECO</sourceObjSchema>
<sourceObjName>PK_LOG_VAR_BAI</sourceObjName>
<createdBy>labbe</createdBy>
<createdTime>2017-06-28 18:27:49 UTC</createdTime>
<ownerDesignName>higia</ownerDesignName>
<indexState>Unique Plain Index</indexState>
<isSurrogateKey>false</isSurrogateKey>
<indexColumnUsage>
<colUsage columnID="0F67C6B4-BBBE-F566-D249-AB81F90C198D"/>
<colUsage columnID="64DCA4D3-9091-5882-3047-918F1D24E2B1"/>
</indexColumnUsage>
</ind_PK_UK>
</indexes>
</Table>