<?xml version = '1.0' encoding = 'UTF-8'?>
<Table class="oracle.dbtools.crest.model.design.relational.Table" directorySegmentName="seg_0" id="177AB3E1-B95B-8B7C-BBFB-122DF6A3D27B" schemaObject="98BF7BAD-6E06-AAA5-C899-4E17FCC779A9" name="EMPRESA_ENDERECO">
<sourceConnName>HIGIA_DEV.ENDERECO</sourceConnName>
<sourceObjSchema>ENDERECO</sourceObjSchema>
<sourceObjName>EMPRESA_ENDERECO</sourceObjName>
<createdBy>labbe</createdBy>
<createdTime>2017-06-28 18:27:05 UTC</createdTime>
<ownerDesignName>higia</ownerDesignName>
<allowColumnReorder>false</allowColumnReorder>
<existDependencyGenerateInDDl>true</existDependencyGenerateInDDl>
<parsed>true</parsed>
<columns itemClass="oracle.dbtools.crest.model.design.relational.Column">
<Column name="COD_ENDERECO" id="87EB2E56-D105-3FF4-7029-EA37F131625B">
<sourceConnName>HIGIA_DEV.ENDERECO</sourceConnName>
<sourceObjSchema>EMPRESA_ENDERECO</sourceObjSchema>
<sourceObjName>COD_ENDERECO</sourceObjName>
<createdBy>labbe</createdBy>
<createdTime>2017-06-28 18:27:18 UTC</createdTime>
<ownerDesignName>higia</ownerDesignName>
<useDomainConstraints>false</useDomainConstraints>
<use>1</use>
<logicalDatatype>LOGDT019</logicalDatatype>
<dataTypePrecision>*</dataTypePrecision>
<dataTypeScale>0</dataTypeScale>
<ownDataTypeParameters>,*,0</ownDataTypeParameters>
<autoIncrementCycle>false</autoIncrementCycle>
<associations>
<colAssociation fkAssociation="6D634595-A8B2-C5BB-0BF5-A440385506A3" referredColumn="65AA8B92-DDCF-D1CE-C0A4-8CC7487C3B59"/>
</associations>
</Column>
<Column name="COD_EMPRESA" id="DC452FAB-0B22-6373-BD47-19FA715D7C7B">
<sourceConnName>HIGIA_DEV.ENDERECO</sourceConnName>
<sourceObjSchema>EMPRESA_ENDERECO</sourceObjSchema>
<sourceObjName>COD_EMPRESA</sourceObjName>
<createdBy>labbe</createdBy>
<createdTime>2017-06-28 18:27:18 UTC</createdTime>
<ownerDesignName>higia</ownerDesignName>
<useDomainConstraints>false</useDomainConstraints>
<use>1</use>
<logicalDatatype>LOGDT019</logicalDatatype>
<dataTypePrecision>*</dataTypePrecision>
<dataTypeScale>0</dataTypeScale>
<ownDataTypeParameters>,*,0</ownDataTypeParameters>
<autoIncrementCycle>false</autoIncrementCycle>
</Column>
</columns>
<indexes itemClass="oracle.dbtools.crest.model.design.relational.Index">
<ind_PK_UK id="E44001B3-EE97-19D6-539A-245B14CEB15D" name="PK_EMPRESA_ENDERECO">
<sourceConnName>HIGIA_DEV.ENDERECO</sourceConnName>
<sourceObjSchema>ENDERECO</sourceObjSchema>
<sourceObjName>PK_EMPRESA_ENDERECO</sourceObjName>
<createdBy>labbe</createdBy>
<createdTime>2017-06-28 18:27:55 UTC</createdTime>
<ownerDesignName>higia</ownerDesignName>
<pk>true</pk>
<indexState>Primary Constraint</indexState>
<isSurrogateKey>false</isSurrogateKey>
<indexColumnUsage>
<colUsage columnID="87EB2E56-D105-3FF4-7029-EA37F131625B"/>
</indexColumnUsage>
</ind_PK_UK>
<ind_PK_UK id="68E91856-3AB1-8124-F55A-D54D14614534" schemaObject="98BF7BAD-6E06-AAA5-C899-4E17FCC779A9" name="PK_EMPRESA_ENDERECO">
<sourceConnName>HIGIA_DEV.ENDERECO</sourceConnName>
<sourceObjSchema>ENDERECO</sourceObjSchema>
<sourceObjName>PK_EMPRESA_ENDERECO</sourceObjName>
<createdBy>labbe</createdBy>
<createdTime>2017-06-28 18:27:45 UTC</createdTime>
<ownerDesignName>higia</ownerDesignName>
<indexState>Unique Plain Index</indexState>
<isSurrogateKey>false</isSurrogateKey>
<indexColumnUsage>
<colUsage columnID="87EB2E56-D105-3FF4-7029-EA37F131625B"/>
</indexColumnUsage>
</ind_PK_UK>
<ind_PK_UK id="2EEB201E-6784-F661-7CDA-2A4578A870B6" name="FK_ENDERECO_EMPRESA_1">
<createdBy>labbe</createdBy>
<createdTime>2017-06-28 18:28:27 UTC</createdTime>
<ownerDesignName>higia</ownerDesignName>
<indexState>Foreign Key</indexState>
<isSurrogateKey>false</isSurrogateKey>
<indexColumnUsage>
<colUsage columnID="87EB2E56-D105-3FF4-7029-EA37F131625B"/>
</indexColumnUsage>
</ind_PK_UK>
</indexes>
</Table>