<?xml version = '1.0' encoding = 'UTF-8'?>
<Table class="oracle.dbtools.crest.model.design.relational.Table" directorySegmentName="seg_0" id="1EEE7321-6F45-1359-D276-F7FD623DB53D" schemaObject="98BF7BAD-6E06-AAA5-C899-4E17FCC779A9" name="LOG_FAIXA_UF">
<sourceConnName>HIGIA_DEV.ENDERECO</sourceConnName>
<sourceObjSchema>ENDERECO</sourceObjSchema>
<sourceObjName>LOG_FAIXA_UF</sourceObjName>
<createdBy>labbe</createdBy>
<createdTime>2017-06-28 18:27:10 UTC</createdTime>
<commentInRDBMS>Faixa de CEP de UF</commentInRDBMS>
<ownerDesignName>higia</ownerDesignName>
<allowColumnReorder>false</allowColumnReorder>
<existDependencyGenerateInDDl>true</existDependencyGenerateInDDl>
<parsed>true</parsed>
<columns itemClass="oracle.dbtools.crest.model.design.relational.Column">
<Column name="UFE_SG" id="FE5D057D-0777-F574-0B36-BDBD100DB956">
<sourceConnName>HIGIA_DEV.ENDERECO</sourceConnName>
<sourceObjSchema>LOG_FAIXA_UF</sourceObjSchema>
<sourceObjName>UFE_SG</sourceObjName>
<createdBy>labbe</createdBy>
<createdTime>2017-06-28 18:27:29 UTC</createdTime>
<commentInRDBMS>sigla da UF</commentInRDBMS>
<ownerDesignName>higia</ownerDesignName>
<useDomainConstraints>false</useDomainConstraints>
<use>1</use>
<logicalDatatype>LOGDT025</logicalDatatype>
<dataTypeSize>2 BYTE</dataTypeSize>
<ownDataTypeParameters>2 BYTE,,</ownDataTypeParameters>
<autoIncrementCycle>false</autoIncrementCycle>
</Column>
<Column name="UFE_CEP_INI" id="20523F91-F921-98AD-8CD6-029A4A3EB7B8">
<sourceConnName>HIGIA_DEV.ENDERECO</sourceConnName>
<sourceObjSchema>LOG_FAIXA_UF</sourceObjSchema>
<sourceObjName>UFE_CEP_INI</sourceObjName>
<createdBy>labbe</createdBy>
<createdTime>2017-06-28 18:27:29 UTC</createdTime>
<commentInRDBMS>CEP inicial da UF</commentInRDBMS>
<ownerDesignName>higia</ownerDesignName>
<useDomainConstraints>false</useDomainConstraints>
<use>1</use>
<logicalDatatype>LOGDT025</logicalDatatype>
<dataTypeSize>8 BYTE</dataTypeSize>
<ownDataTypeParameters>8 BYTE,,</ownDataTypeParameters>
<autoIncrementCycle>false</autoIncrementCycle>
</Column>
<Column name="UFE_CEP_FIM" id="02254346-96DD-D65C-F39D-BC8552AE7853">
<sourceConnName>HIGIA_DEV.ENDERECO</sourceConnName>
<sourceObjSchema>LOG_FAIXA_UF</sourceObjSchema>
<sourceObjName>UFE_CEP_FIM</sourceObjName>
<createdBy>labbe</createdBy>
<createdTime>2017-06-28 18:27:29 UTC</createdTime>
<commentInRDBMS>final da UF</commentInRDBMS>
<ownerDesignName>higia</ownerDesignName>
<useDomainConstraints>false</useDomainConstraints>
<use>1</use>
<logicalDatatype>LOGDT025</logicalDatatype>
<dataTypeSize>8 BYTE</dataTypeSize>
<ownDataTypeParameters>8 BYTE,,</ownDataTypeParameters>
<autoIncrementCycle>false</autoIncrementCycle>
</Column>
</columns>
<indexes itemClass="oracle.dbtools.crest.model.design.relational.Index">
<ind_PK_UK id="1455FEFE-F603-8416-AF42-E41A811175C6" name="PK_LOG_FAIXA_UF">
<sourceConnName>HIGIA_DEV.ENDERECO</sourceConnName>
<sourceObjSchema>ENDERECO</sourceObjSchema>
<sourceObjName>PK_LOG_FAIXA_UF</sourceObjName>
<createdBy>labbe</createdBy>
<createdTime>2017-06-28 18:28:09 UTC</createdTime>
<ownerDesignName>higia</ownerDesignName>
<pk>true</pk>
<indexState>Primary Constraint</indexState>
<isSurrogateKey>false</isSurrogateKey>
<indexColumnUsage>
<colUsage columnID="FE5D057D-0777-F574-0B36-BDBD100DB956"/>
<colUsage columnID="20523F91-F921-98AD-8CD6-029A4A3EB7B8"/>
</indexColumnUsage>
</ind_PK_UK>
<ind_PK_UK id="8932E034-ADBF-BD9F-E9CF-EE1A433D8B9F" schemaObject="98BF7BAD-6E06-AAA5-C899-4E17FCC779A9" name="PK_LOG_FAIXA_UF">
<sourceConnName>HIGIA_DEV.ENDERECO</sourceConnName>
<sourceObjSchema>ENDERECO</sourceObjSchema>
<sourceObjName>PK_LOG_FAIXA_UF</sourceObjName>
<createdBy>labbe</createdBy>
<createdTime>2017-06-28 18:27:47 UTC</createdTime>
<ownerDesignName>higia</ownerDesignName>
<indexState>Unique Plain Index</indexState>
<isSurrogateKey>false</isSurrogateKey>
<indexColumnUsage>
<colUsage columnID="FE5D057D-0777-F574-0B36-BDBD100DB956"/>
<colUsage columnID="20523F91-F921-98AD-8CD6-029A4A3EB7B8"/>
</indexColumnUsage>
</ind_PK_UK>
</indexes>
</Table>