<?xml version = '1.0' encoding = 'UTF-8'?>
<Table class="oracle.dbtools.crest.model.design.relational.Table" directorySegmentName="seg_0" id="2F08A12E-9D7C-BBF6-26CD-87337CCD64C6" schemaObject="98BF7BAD-6E06-AAA5-C899-4E17FCC779A9" name="LOG_FAIXA_BAIRRO">
<sourceConnName>HIGIA_DEV.ENDERECO</sourceConnName>
<sourceObjSchema>ENDERECO</sourceObjSchema>
<sourceObjName>LOG_FAIXA_BAIRRO</sourceObjName>
<createdBy>labbe</createdBy>
<createdTime>2017-06-28 18:27:09 UTC</createdTime>
<commentInRDBMS>Faixa de CEP de Bairro</commentInRDBMS>
<ownerDesignName>higia</ownerDesignName>
<allowColumnReorder>false</allowColumnReorder>
<existDependencyGenerateInDDl>true</existDependencyGenerateInDDl>
<parsed>true</parsed>
<columns itemClass="oracle.dbtools.crest.model.design.relational.Column">
<Column name="BAI_NU" id="1A540213-73FF-65E8-33F5-5BA1DCB6A920">
<sourceConnName>HIGIA_DEV.ENDERECO</sourceConnName>
<sourceObjSchema>LOG_FAIXA_BAIRRO</sourceObjSchema>
<sourceObjName>BAI_NU</sourceObjName>
<createdBy>labbe</createdBy>
<createdTime>2017-06-28 18:27:26 UTC</createdTime>
<commentInRDBMS>chave do bairro</commentInRDBMS>
<ownerDesignName>higia</ownerDesignName>
<useDomainConstraints>false</useDomainConstraints>
<use>1</use>
<logicalDatatype>LOGDT019</logicalDatatype>
<ownDataTypeParameters>,,</ownDataTypeParameters>
<autoIncrementCycle>false</autoIncrementCycle>
</Column>
<Column name="FCB_CEP_INI" id="195037C5-2B70-D3BF-9A55-0804C5A5D849">
<sourceConnName>HIGIA_DEV.ENDERECO</sourceConnName>
<sourceObjSchema>LOG_FAIXA_BAIRRO</sourceObjSchema>
<sourceObjName>FCB_CEP_INI</sourceObjName>
<createdBy>labbe</createdBy>
<createdTime>2017-06-28 18:27:27 UTC</createdTime>
<commentInRDBMS>CEP inicial do bairro</commentInRDBMS>
<ownerDesignName>higia</ownerDesignName>
<useDomainConstraints>false</useDomainConstraints>
<use>1</use>
<logicalDatatype>LOGDT025</logicalDatatype>
<dataTypeSize>8 BYTE</dataTypeSize>
<ownDataTypeParameters>8 BYTE,,</ownDataTypeParameters>
<autoIncrementCycle>false</autoIncrementCycle>
</Column>
<Column name="FCB_CEP_FIM" id="34C3B8F4-37E0-DFDC-113B-B81B3FB52CB7">
<sourceConnName>HIGIA_DEV.ENDERECO</sourceConnName>
<sourceObjSchema>LOG_FAIXA_BAIRRO</sourceObjSchema>
<sourceObjName>FCB_CEP_FIM</sourceObjName>
<createdBy>labbe</createdBy>
<createdTime>2017-06-28 18:27:27 UTC</createdTime>
<commentInRDBMS>CEP final do bairro</commentInRDBMS>
<ownerDesignName>higia</ownerDesignName>
<useDomainConstraints>false</useDomainConstraints>
<use>1</use>
<logicalDatatype>LOGDT025</logicalDatatype>
<dataTypeSize>8 BYTE</dataTypeSize>
<ownDataTypeParameters>8 BYTE,,</ownDataTypeParameters>
<autoIncrementCycle>false</autoIncrementCycle>
</Column>
</columns>
<indexes itemClass="oracle.dbtools.crest.model.design.relational.Index">
<ind_PK_UK id="DA2E2473-34A1-AF85-6AE0-E2F4262D30ED" name="PK_LOG_FAIXA_BAIRRO">
<sourceConnName>HIGIA_DEV.ENDERECO</sourceConnName>
<sourceObjSchema>ENDERECO</sourceObjSchema>
<sourceObjName>PK_LOG_FAIXA_BAIRRO</sourceObjName>
<createdBy>labbe</createdBy>
<createdTime>2017-06-28 18:28:05 UTC</createdTime>
<ownerDesignName>higia</ownerDesignName>
<pk>true</pk>
<indexState>Primary Constraint</indexState>
<isSurrogateKey>false</isSurrogateKey>
<indexColumnUsage>
<colUsage columnID="1A540213-73FF-65E8-33F5-5BA1DCB6A920"/>
<colUsage columnID="195037C5-2B70-D3BF-9A55-0804C5A5D849"/>
</indexColumnUsage>
</ind_PK_UK>
<ind_PK_UK id="FA713153-32DB-C79D-9FBF-A2A1283884ED" schemaObject="98BF7BAD-6E06-AAA5-C899-4E17FCC779A9" name="PK_LOG_FAIXA_BAIRRO">
<sourceConnName>HIGIA_DEV.ENDERECO</sourceConnName>
<sourceObjSchema>ENDERECO</sourceObjSchema>
<sourceObjName>PK_LOG_FAIXA_BAIRRO</sourceObjName>
<createdBy>labbe</createdBy>
<createdTime>2017-06-28 18:27:47 UTC</createdTime>
<ownerDesignName>higia</ownerDesignName>
<indexState>Unique Plain Index</indexState>
<isSurrogateKey>false</isSurrogateKey>
<indexColumnUsage>
<colUsage columnID="1A540213-73FF-65E8-33F5-5BA1DCB6A920"/>
<colUsage columnID="195037C5-2B70-D3BF-9A55-0804C5A5D849"/>
</indexColumnUsage>
</ind_PK_UK>
</indexes>
</Table>