<?xml version = '1.0' encoding = 'UTF-8'?>
<Table class="oracle.dbtools.crest.model.design.relational.Table" directorySegmentName="seg_0" id="3C2D6D53-5CF2-8986-2858-6E5264727E1F" schemaObject="98BF7BAD-6E06-AAA5-C899-4E17FCC779A9" name="LOG_CPC">
<sourceConnName>HIGIA_DEV.ENDERECO</sourceConnName>
<sourceObjSchema>ENDERECO</sourceObjSchema>
<sourceObjName>LOG_CPC</sourceObjName>
<createdBy>labbe</createdBy>
<createdTime>2017-06-28 18:27:09 UTC</createdTime>
<commentInRDBMS>Caixa Postal Comunitária(CPC) - são áreas rurais e/ou urbanas periféricas não atendidas pela distribuição domiciliária.</commentInRDBMS>
<ownerDesignName>higia</ownerDesignName>
<allowColumnReorder>false</allowColumnReorder>
<existDependencyGenerateInDDl>true</existDependencyGenerateInDDl>
<parsed>true</parsed>
<columns itemClass="oracle.dbtools.crest.model.design.relational.Column">
<Column name="CPC_NU" id="351A343D-B5A4-EE44-25FD-8F01915805C5">
<sourceConnName>HIGIA_DEV.ENDERECO</sourceConnName>
<sourceObjSchema>LOG_CPC</sourceObjSchema>
<sourceObjName>CPC_NU</sourceObjName>
<createdBy>labbe</createdBy>
<createdTime>2017-06-28 18:27:25 UTC</createdTime>
<commentInRDBMS>chave da caixa postal comunitária</commentInRDBMS>
<ownerDesignName>higia</ownerDesignName>
<useDomainConstraints>false</useDomainConstraints>
<use>1</use>
<logicalDatatype>LOGDT019</logicalDatatype>
<ownDataTypeParameters>,,</ownDataTypeParameters>
<autoIncrementCycle>false</autoIncrementCycle>
</Column>
<Column name="UFE_SG" id="716DF102-1D12-A195-5840-ABCAD3F4A9F0">
<sourceConnName>HIGIA_DEV.ENDERECO</sourceConnName>
<sourceObjSchema>LOG_CPC</sourceObjSchema>
<sourceObjName>UFE_SG</sourceObjName>
<createdBy>labbe</createdBy>
<createdTime>2017-06-28 18:27:25 UTC</createdTime>
<commentInRDBMS>sigla da UF</commentInRDBMS>
<ownerDesignName>higia</ownerDesignName>
<useDomainConstraints>false</useDomainConstraints>
<use>1</use>
<logicalDatatype>LOGDT025</logicalDatatype>
<dataTypeSize>2 BYTE</dataTypeSize>
<ownDataTypeParameters>2 BYTE,,</ownDataTypeParameters>
<autoIncrementCycle>false</autoIncrementCycle>
</Column>
<Column name="LOC_NU" id="663D48F8-3986-B98B-5D75-743CAE5D03C9">
<sourceConnName>HIGIA_DEV.ENDERECO</sourceConnName>
<sourceObjSchema>LOG_CPC</sourceObjSchema>
<sourceObjName>LOC_NU</sourceObjName>
<createdBy>labbe</createdBy>
<createdTime>2017-06-28 18:27:25 UTC</createdTime>
<commentInRDBMS>chave da localidade</commentInRDBMS>
<ownerDesignName>higia</ownerDesignName>
<useDomainConstraints>false</useDomainConstraints>
<use>1</use>
<logicalDatatype>LOGDT019</logicalDatatype>
<ownDataTypeParameters>,,</ownDataTypeParameters>
<autoIncrementCycle>false</autoIncrementCycle>
</Column>
<Column name="CPC_NO" id="566701A9-E5B0-56F8-80CF-FFE3E776A140">
<sourceConnName>HIGIA_DEV.ENDERECO</sourceConnName>
<sourceObjSchema>LOG_CPC</sourceObjSchema>
<sourceObjName>CPC_NO</sourceObjName>
<createdBy>labbe</createdBy>
<createdTime>2017-06-28 18:27:26 UTC</createdTime>
<commentInRDBMS>nome da CPC</commentInRDBMS>
<ownerDesignName>higia</ownerDesignName>
<useDomainConstraints>false</useDomainConstraints>
<use>1</use>
<logicalDatatype>LOGDT024</logicalDatatype>
<dataTypeSize>72 BYTE</dataTypeSize>
<ownDataTypeParameters>72 BYTE,,</ownDataTypeParameters>
<autoIncrementCycle>false</autoIncrementCycle>
</Column>
<Column name="CPC_ENDERECO" id="EF2DBF5F-18E8-8F80-DD0F-3E738EDD7314">
<sourceConnName>HIGIA_DEV.ENDERECO</sourceConnName>
<sourceObjSchema>LOG_CPC</sourceObjSchema>
<sourceObjName>CPC_ENDERECO</sourceObjName>
<createdBy>labbe</createdBy>
<createdTime>2017-06-28 18:27:26 UTC</createdTime>
<commentInRDBMS>endereço da CPC</commentInRDBMS>
<ownerDesignName>higia</ownerDesignName>
<useDomainConstraints>false</useDomainConstraints>
<use>1</use>
<logicalDatatype>LOGDT024</logicalDatatype>
<dataTypeSize>100 BYTE</dataTypeSize>
<ownDataTypeParameters>100 BYTE,,</ownDataTypeParameters>
<autoIncrementCycle>false</autoIncrementCycle>
</Column>
<Column name="CEP" id="FB87FEFB-7604-9481-97A5-EE083ECE88ED">
<sourceConnName>HIGIA_DEV.ENDERECO</sourceConnName>
<sourceObjSchema>LOG_CPC</sourceObjSchema>
<sourceObjName>CEP</sourceObjName>
<createdBy>labbe</createdBy>
<createdTime>2017-06-28 18:27:26 UTC</createdTime>
<commentInRDBMS>CEP da CPC</commentInRDBMS>
<ownerDesignName>higia</ownerDesignName>
<useDomainConstraints>false</useDomainConstraints>
<use>1</use>
<logicalDatatype>LOGDT025</logicalDatatype>
<dataTypeSize>8 BYTE</dataTypeSize>
<ownDataTypeParameters>8 BYTE,,</ownDataTypeParameters>
<autoIncrementCycle>false</autoIncrementCycle>
</Column>
</columns>
<indexes itemClass="oracle.dbtools.crest.model.design.relational.Index">
<ind_PK_UK id="A95FEDF0-C169-F744-9147-02B8A0D5ABC6" name="PK_LOG_CPC">
<sourceConnName>HIGIA_DEV.ENDERECO</sourceConnName>
<sourceObjSchema>ENDERECO</sourceObjSchema>
<sourceObjName>PK_LOG_CPC</sourceObjName>
<createdBy>labbe</createdBy>
<createdTime>2017-06-28 18:28:04 UTC</createdTime>
<ownerDesignName>higia</ownerDesignName>
<pk>true</pk>
<indexState>Primary Constraint</indexState>
<isSurrogateKey>false</isSurrogateKey>
<indexColumnUsage>
<colUsage columnID="351A343D-B5A4-EE44-25FD-8F01915805C5"/>
</indexColumnUsage>
</ind_PK_UK>
<ind_PK_UK id="31ADDF7C-81A4-716F-6517-73DB706E9871" schemaObject="98BF7BAD-6E06-AAA5-C899-4E17FCC779A9" name="PK_LOG_CPC">
<sourceConnName>HIGIA_DEV.ENDERECO</sourceConnName>
<sourceObjSchema>ENDERECO</sourceObjSchema>
<sourceObjName>PK_LOG_CPC</sourceObjName>
<createdBy>labbe</createdBy>
<createdTime>2017-06-28 18:27:47 UTC</createdTime>
<ownerDesignName>higia</ownerDesignName>
<indexState>Unique Plain Index</indexState>
<isSurrogateKey>false</isSurrogateKey>
<indexColumnUsage>
<colUsage columnID="351A343D-B5A4-EE44-25FD-8F01915805C5"/>
</indexColumnUsage>
</ind_PK_UK>
</indexes>
</Table>