<?xml version = '1.0' encoding = 'UTF-8'?>
<Table class="oracle.dbtools.crest.model.design.relational.Table" directorySegmentName="seg_0" id="40E529CA-464D-6F5D-FA8E-E56586FDDA06" schemaObject="98BF7BAD-6E06-AAA5-C899-4E17FCC779A9" name="LOG_NUM_SEC">
<sourceConnName>HIGIA_DEV.ENDERECO</sourceConnName>
<sourceObjSchema>ENDERECO</sourceObjSchema>
<sourceObjName>LOG_NUM_SEC</sourceObjName>
<createdBy>labbe</createdBy>
<createdTime>2017-06-28 18:27:12 UTC</createdTime>
<commentInRDBMS>Faixa numérica do seccionamento</commentInRDBMS>
<ownerDesignName>higia</ownerDesignName>
<allowColumnReorder>false</allowColumnReorder>
<existDependencyGenerateInDDl>true</existDependencyGenerateInDDl>
<parsed>true</parsed>
<columns itemClass="oracle.dbtools.crest.model.design.relational.Column">
<Column name="LOG_NU" id="5FD88FEF-F33D-DFBF-974B-4D4A22DE29CB">
<sourceConnName>HIGIA_DEV.ENDERECO</sourceConnName>
<sourceObjSchema>LOG_NUM_SEC</sourceObjSchema>
<sourceObjName>LOG_NU</sourceObjName>
<createdBy>labbe</createdBy>
<createdTime>2017-06-28 18:27:37 UTC</createdTime>
<commentInRDBMS>chave do logradouro</commentInRDBMS>
<ownerDesignName>higia</ownerDesignName>
<useDomainConstraints>false</useDomainConstraints>
<use>1</use>
<logicalDatatype>LOGDT019</logicalDatatype>
<ownDataTypeParameters>,,</ownDataTypeParameters>
<autoIncrementCycle>false</autoIncrementCycle>
</Column>
<Column name="SEC_NU_INI" id="22693774-0F6A-C6EB-456A-579301986F21">
<sourceConnName>HIGIA_DEV.ENDERECO</sourceConnName>
<sourceObjSchema>LOG_NUM_SEC</sourceObjSchema>
<sourceObjName>SEC_NU_INI</sourceObjName>
<createdBy>labbe</createdBy>
<createdTime>2017-06-28 18:27:37 UTC</createdTime>
<commentInRDBMS>número inicial do seccionamento</commentInRDBMS>
<ownerDesignName>higia</ownerDesignName>
<useDomainConstraints>false</useDomainConstraints>
<use>1</use>
<logicalDatatype>LOGDT024</logicalDatatype>
<dataTypeSize>10 BYTE</dataTypeSize>
<ownDataTypeParameters>10 BYTE,,</ownDataTypeParameters>
<autoIncrementCycle>false</autoIncrementCycle>
</Column>
<Column name="SEC_NU_FIM" id="E5CDC2E4-78CC-1514-3B81-5B1391CABD57">
<sourceConnName>HIGIA_DEV.ENDERECO</sourceConnName>
<sourceObjSchema>LOG_NUM_SEC</sourceObjSchema>
<sourceObjName>SEC_NU_FIM</sourceObjName>
<createdBy>labbe</createdBy>
<createdTime>2017-06-28 18:27:38 UTC</createdTime>
<commentInRDBMS>número final do seccionamento</commentInRDBMS>
<ownerDesignName>higia</ownerDesignName>
<useDomainConstraints>false</useDomainConstraints>
<use>1</use>
<logicalDatatype>LOGDT024</logicalDatatype>
<dataTypeSize>10 BYTE</dataTypeSize>
<ownDataTypeParameters>10 BYTE,,</ownDataTypeParameters>
<autoIncrementCycle>false</autoIncrementCycle>
</Column>
<Column name="SEC_IN_LADO" id="A8EF8E13-C7D8-4AA7-83E8-C71FF5E98007">
<sourceConnName>HIGIA_DEV.ENDERECO</sourceConnName>
<sourceObjSchema>LOG_NUM_SEC</sourceObjSchema>
<sourceObjName>SEC_IN_LADO</sourceObjName>
<createdBy>labbe</createdBy>
<createdTime>2017-06-28 18:27:38 UTC</createdTime>
<commentInRDBMS>Indica a paridade/lado do seccionamento&lt;br/&gt;A – ambos,&lt;br/&gt;P – par,&lt;br/&gt;I – ímpar,&lt;br/&gt;D – direito e&lt;br/&gt;E – esquerdo.</commentInRDBMS>
<ownerDesignName>higia</ownerDesignName>
<useDomainConstraints>false</useDomainConstraints>
<use>1</use>
<logicalDatatype>LOGDT025</logicalDatatype>
<dataTypeSize>1 BYTE</dataTypeSize>
<ownDataTypeParameters>1 BYTE,,</ownDataTypeParameters>
<autoIncrementCycle>false</autoIncrementCycle>
</Column>
</columns>
<indexes itemClass="oracle.dbtools.crest.model.design.relational.Index">
<ind_PK_UK id="7F63C6B6-0B1A-01AD-360F-596E528D0692" name="PK_LOG_NUM_SEC">
<sourceConnName>HIGIA_DEV.ENDERECO</sourceConnName>
<sourceObjSchema>ENDERECO</sourceObjSchema>
<sourceObjName>PK_LOG_NUM_SEC</sourceObjName>
<createdBy>labbe</createdBy>
<createdTime>2017-06-28 18:28:17 UTC</createdTime>
<ownerDesignName>higia</ownerDesignName>
<pk>true</pk>
<indexState>Primary Constraint</indexState>
<isSurrogateKey>false</isSurrogateKey>
<indexColumnUsage>
<colUsage columnID="5FD88FEF-F33D-DFBF-974B-4D4A22DE29CB"/>
</indexColumnUsage>
</ind_PK_UK>
<ind_PK_UK id="FC74E7B7-606A-8F39-BEC0-B21761D5CD0C" schemaObject="98BF7BAD-6E06-AAA5-C899-4E17FCC779A9" name="PK_LOG_NUM_SEC">
<sourceConnName>HIGIA_DEV.ENDERECO</sourceConnName>
<sourceObjSchema>ENDERECO</sourceObjSchema>
<sourceObjName>PK_LOG_NUM_SEC</sourceObjName>
<createdBy>labbe</createdBy>
<createdTime>2017-06-28 18:27:49 UTC</createdTime>
<ownerDesignName>higia</ownerDesignName>
<indexState>Unique Plain Index</indexState>
<isSurrogateKey>false</isSurrogateKey>
<indexColumnUsage>
<colUsage columnID="5FD88FEF-F33D-DFBF-974B-4D4A22DE29CB"/>
</indexColumnUsage>
</ind_PK_UK>
</indexes>
</Table>