<?xml version = '1.0' encoding = 'UTF-8'?>
<Table class="oracle.dbtools.crest.model.design.relational.Table" directorySegmentName="seg_0" id="5310728D-2629-1664-AE6E-CE3B3A651FD7" schemaObject="98BF7BAD-6E06-AAA5-C899-4E17FCC779A9" name="BENEFICIARIO_ENDERECO">
<sourceConnName>HIGIA_DEV.ENDERECO</sourceConnName>
<sourceObjSchema>ENDERECO</sourceObjSchema>
<sourceObjName>BENEFICIARIO_ENDERECO</sourceObjName>
<createdBy>labbe</createdBy>
<createdTime>2017-06-28 18:27:04 UTC</createdTime>
<ownerDesignName>higia</ownerDesignName>
<allowColumnReorder>false</allowColumnReorder>
<existDependencyGenerateInDDl>true</existDependencyGenerateInDDl>
<parsed>true</parsed>
<columns itemClass="oracle.dbtools.crest.model.design.relational.Column">
<Column name="COD_ENDERECO" id="138000C3-BE77-965C-50B1-63CE820DFE68">
<sourceConnName>HIGIA_DEV.ENDERECO</sourceConnName>
<sourceObjSchema>BENEFICIARIO_ENDERECO</sourceObjSchema>
<sourceObjName>COD_ENDERECO</sourceObjName>
<createdBy>labbe</createdBy>
<createdTime>2017-06-28 18:27:15 UTC</createdTime>
<ownerDesignName>higia</ownerDesignName>
<useDomainConstraints>false</useDomainConstraints>
<use>1</use>
<logicalDatatype>LOGDT019</logicalDatatype>
<dataTypePrecision>*</dataTypePrecision>
<dataTypeScale>0</dataTypeScale>
<ownDataTypeParameters>,*,0</ownDataTypeParameters>
<autoIncrementCycle>false</autoIncrementCycle>
<associations>
<colAssociation fkAssociation="5CD04652-6B3B-6913-19AB-1D7A72973EF9" referredColumn="65AA8B92-DDCF-D1CE-C0A4-8CC7487C3B59"/>
</associations>
</Column>
<Column name="COD_BENEFICIARIO" id="8F6295BF-B690-48B3-AA5C-3D9CB507DC3C">
<sourceConnName>HIGIA_DEV.ENDERECO</sourceConnName>
<sourceObjSchema>BENEFICIARIO_ENDERECO</sourceObjSchema>
<sourceObjName>COD_BENEFICIARIO</sourceObjName>
<createdBy>labbe</createdBy>
<createdTime>2017-06-28 18:27:16 UTC</createdTime>
<ownerDesignName>higia</ownerDesignName>
<useDomainConstraints>false</useDomainConstraints>
<use>1</use>
<logicalDatatype>LOGDT019</logicalDatatype>
<dataTypePrecision>*</dataTypePrecision>
<dataTypeScale>0</dataTypeScale>
<ownDataTypeParameters>,*,0</ownDataTypeParameters>
<autoIncrementCycle>false</autoIncrementCycle>
</Column>
</columns>
<indexes itemClass="oracle.dbtools.crest.model.design.relational.Index">
<ind_PK_UK id="1DBB7802-5086-743F-3C3E-AD6FC1F841C8" name="BENEFICIARIO_ENDERECO_PK">
<sourceConnName>HIGIA_DEV.ENDERECO</sourceConnName>
<sourceObjSchema>ENDERECO</sourceObjSchema>
<sourceObjName>BENEFICIARIO_ENDERECO_PK</sourceObjName>
<createdBy>labbe</createdBy>
<createdTime>2017-06-28 18:27:50 UTC</createdTime>
<ownerDesignName>higia</ownerDesignName>
<pk>true</pk>
<indexState>Primary Constraint</indexState>
<isSurrogateKey>false</isSurrogateKey>
<indexColumnUsage>
<colUsage columnID="138000C3-BE77-965C-50B1-63CE820DFE68"/>
</indexColumnUsage>
</ind_PK_UK>
<ind_PK_UK id="988F662F-445E-51F3-D070-6978EBD4886C" schemaObject="98BF7BAD-6E06-AAA5-C899-4E17FCC779A9" name="BENEFICIARIO_ENDERECO_PK">
<sourceConnName>HIGIA_DEV.ENDERECO</sourceConnName>
<sourceObjSchema>ENDERECO</sourceObjSchema>
<sourceObjName>BENEFICIARIO_ENDERECO_PK</sourceObjName>
<createdBy>labbe</createdBy>
<createdTime>2017-06-28 18:27:44 UTC</createdTime>
<ownerDesignName>higia</ownerDesignName>
<indexState>Unique Plain Index</indexState>
<isSurrogateKey>false</isSurrogateKey>
<indexColumnUsage>
<colUsage columnID="138000C3-BE77-965C-50B1-63CE820DFE68"/>
</indexColumnUsage>
</ind_PK_UK>
<ind_PK_UK id="6E5BA265-204F-CD1B-720C-DA8DC3323375" name="FK_BENEFICIARIO_ENDERECO_1">
<createdBy>labbe</createdBy>
<createdTime>2017-06-28 18:28:27 UTC</createdTime>
<ownerDesignName>higia</ownerDesignName>
<indexState>Foreign Key</indexState>
<isSurrogateKey>false</isSurrogateKey>
<indexColumnUsage>
<colUsage columnID="138000C3-BE77-965C-50B1-63CE820DFE68"/>
</indexColumnUsage>
</ind_PK_UK>
</indexes>
</Table>