<?xml version = '1.0' encoding = 'UTF-8'?>
<Table class="oracle.dbtools.crest.model.design.relational.Table" directorySegmentName="seg_0" id="6836E010-5E95-0C5C-B1C3-3438ACD73BD7" schemaObject="98BF7BAD-6E06-AAA5-C899-4E17FCC779A9" name="LOG_UNID_OPER">
<sourceConnName>HIGIA_DEV.ENDERECO</sourceConnName>
<sourceObjSchema>ENDERECO</sourceObjSchema>
<sourceObjName>LOG_UNID_OPER</sourceObjName>
<createdBy>labbe</createdBy>
<createdTime>2017-06-28 18:27:13 UTC</createdTime>
<commentInRDBMS>Unidade Operacional dos Correios.&lt;br/&gt;São agências próprias ou terceirizadas, centros de distribuição, etc. O campo LOG_NU está sem conteúdo para as localidades não codificadas(LOC_IN_SIT=0), devendo ser utilizado o campo UOP_ENDEREÇO para endereçamento.</commentInRDBMS>
<ownerDesignName>higia</ownerDesignName>
<allowColumnReorder>false</allowColumnReorder>
<existDependencyGenerateInDDl>true</existDependencyGenerateInDDl>
<parsed>true</parsed>
<columns itemClass="oracle.dbtools.crest.model.design.relational.Column">
<Column name="UOP_NU" id="AB526D2E-750F-623F-7BFE-38F026504A28">
<sourceConnName>HIGIA_DEV.ENDERECO</sourceConnName>
<sourceObjSchema>LOG_UNID_OPER</sourceObjSchema>
<sourceObjName>UOP_NU</sourceObjName>
<createdBy>labbe</createdBy>
<createdTime>2017-06-28 18:27:38 UTC</createdTime>
<commentInRDBMS>chave da UOP</commentInRDBMS>
<ownerDesignName>higia</ownerDesignName>
<useDomainConstraints>false</useDomainConstraints>
<use>1</use>
<logicalDatatype>LOGDT019</logicalDatatype>
<ownDataTypeParameters>,,</ownDataTypeParameters>
<autoIncrementCycle>false</autoIncrementCycle>
</Column>
<Column name="UFE_SG" id="47694F03-FB85-8890-B48F-E9F52782FA72">
<sourceConnName>HIGIA_DEV.ENDERECO</sourceConnName>
<sourceObjSchema>LOG_UNID_OPER</sourceObjSchema>
<sourceObjName>UFE_SG</sourceObjName>
<createdBy>labbe</createdBy>
<createdTime>2017-06-28 18:27:38 UTC</createdTime>
<commentInRDBMS>sigla da UF</commentInRDBMS>
<ownerDesignName>higia</ownerDesignName>
<useDomainConstraints>false</useDomainConstraints>
<use>1</use>
<logicalDatatype>LOGDT025</logicalDatatype>
<dataTypeSize>2 BYTE</dataTypeSize>
<ownDataTypeParameters>2 BYTE,,</ownDataTypeParameters>
<autoIncrementCycle>false</autoIncrementCycle>
</Column>
<Column name="LOC_NU" id="8A798A7B-C536-B206-A54C-C9819D44E853">
<sourceConnName>HIGIA_DEV.ENDERECO</sourceConnName>
<sourceObjSchema>LOG_UNID_OPER</sourceObjSchema>
<sourceObjName>LOC_NU</sourceObjName>
<createdBy>labbe</createdBy>
<createdTime>2017-06-28 18:27:39 UTC</createdTime>
<commentInRDBMS>chave da localidade</commentInRDBMS>
<ownerDesignName>higia</ownerDesignName>
<useDomainConstraints>false</useDomainConstraints>
<use>1</use>
<logicalDatatype>LOGDT019</logicalDatatype>
<ownDataTypeParameters>,,</ownDataTypeParameters>
<autoIncrementCycle>false</autoIncrementCycle>
</Column>
<Column name="BAI_NU" id="D9D3627D-92A0-98E4-F94F-9BFC1730AA30">
<sourceConnName>HIGIA_DEV.ENDERECO</sourceConnName>
<sourceObjSchema>LOG_UNID_OPER</sourceObjSchema>
<sourceObjName>BAI_NU</sourceObjName>
<createdBy>labbe</createdBy>
<createdTime>2017-06-28 18:27:39 UTC</createdTime>
<commentInRDBMS>chave do bairro</commentInRDBMS>
<ownerDesignName>higia</ownerDesignName>
<useDomainConstraints>false</useDomainConstraints>
<use>1</use>
<logicalDatatype>LOGDT019</logicalDatatype>
<ownDataTypeParameters>,,</ownDataTypeParameters>
<autoIncrementCycle>false</autoIncrementCycle>
</Column>
<Column name="LOG_NU" id="F4A74ED7-4E49-1682-B3EE-8F0C4ECBA337">
<sourceConnName>HIGIA_DEV.ENDERECO</sourceConnName>
<sourceObjSchema>LOG_UNID_OPER</sourceObjSchema>
<sourceObjName>LOG_NU</sourceObjName>
<createdBy>labbe</createdBy>
<createdTime>2017-06-28 18:27:39 UTC</createdTime>
<commentInRDBMS>chave do logradouro (opcional)</commentInRDBMS>
<ownerDesignName>higia</ownerDesignName>
<nullsAllowed>true</nullsAllowed>
<useDomainConstraints>false</useDomainConstraints>
<use>1</use>
<logicalDatatype>LOGDT019</logicalDatatype>
<ownDataTypeParameters>,,</ownDataTypeParameters>
<autoIncrementCycle>false</autoIncrementCycle>
</Column>
<Column name="UOP_NO" id="95D49498-6D70-03BC-5333-EF69D9C00F93">
<sourceConnName>HIGIA_DEV.ENDERECO</sourceConnName>
<sourceObjSchema>LOG_UNID_OPER</sourceObjSchema>
<sourceObjName>UOP_NO</sourceObjName>
<createdBy>labbe</createdBy>
<createdTime>2017-06-28 18:27:39 UTC</createdTime>
<commentInRDBMS>nome da UOP</commentInRDBMS>
<ownerDesignName>higia</ownerDesignName>
<useDomainConstraints>false</useDomainConstraints>
<use>1</use>
<logicalDatatype>LOGDT024</logicalDatatype>
<dataTypeSize>100 BYTE</dataTypeSize>
<ownDataTypeParameters>100 BYTE,,</ownDataTypeParameters>
<autoIncrementCycle>false</autoIncrementCycle>
</Column>
<Column name="UOP_ENDERECO" id="12E9E9AE-4060-410E-BD7F-B30B6C93E6DD">
<sourceConnName>HIGIA_DEV.ENDERECO</sourceConnName>
<sourceObjSchema>LOG_UNID_OPER</sourceObjSchema>
<sourceObjName>UOP_ENDERECO</sourceObjName>
<createdBy>labbe</createdBy>
<createdTime>2017-06-28 18:27:39 UTC</createdTime>
<commentInRDBMS>endereço da UOP</commentInRDBMS>
<ownerDesignName>higia</ownerDesignName>
<useDomainConstraints>false</useDomainConstraints>
<use>1</use>
<logicalDatatype>LOGDT024</logicalDatatype>
<dataTypeSize>100 BYTE</dataTypeSize>
<ownDataTypeParameters>100 BYTE,,</ownDataTypeParameters>
<autoIncrementCycle>false</autoIncrementCycle>
</Column>
<Column name="CEP" id="D56F909B-10E1-CD51-91A5-DA1E17A0959D">
<sourceConnName>HIGIA_DEV.ENDERECO</sourceConnName>
<sourceObjSchema>LOG_UNID_OPER</sourceObjSchema>
<sourceObjName>CEP</sourceObjName>
<createdBy>labbe</createdBy>
<createdTime>2017-06-28 18:27:40 UTC</createdTime>
<commentInRDBMS>CEP da UOP</commentInRDBMS>
<ownerDesignName>higia</ownerDesignName>
<useDomainConstraints>false</useDomainConstraints>
<use>1</use>
<logicalDatatype>LOGDT025</logicalDatatype>
<dataTypeSize>8 BYTE</dataTypeSize>
<ownDataTypeParameters>8 BYTE,,</ownDataTypeParameters>
<autoIncrementCycle>false</autoIncrementCycle>
</Column>
<Column name="UOP_IN_CP" id="42ADA8DA-EF32-B2A0-C758-13DB300F4D06">
<sourceConnName>HIGIA_DEV.ENDERECO</sourceConnName>
<sourceObjSchema>LOG_UNID_OPER</sourceObjSchema>
<sourceObjName>UOP_IN_CP</sourceObjName>
<createdBy>labbe</createdBy>
<createdTime>2017-06-28 18:27:40 UTC</createdTime>
<commentInRDBMS>indicador de caixa postal (S ou N)</commentInRDBMS>
<ownerDesignName>higia</ownerDesignName>
<useDomainConstraints>false</useDomainConstraints>
<use>1</use>
<logicalDatatype>LOGDT025</logicalDatatype>
<dataTypeSize>1 BYTE</dataTypeSize>
<ownDataTypeParameters>1 BYTE,,</ownDataTypeParameters>
<autoIncrementCycle>false</autoIncrementCycle>
</Column>
<Column name="UOP_NO_ABREV" id="F2AD43C6-25BE-6CF0-B3CE-380DB4F15E69">
<sourceConnName>HIGIA_DEV.ENDERECO</sourceConnName>
<sourceObjSchema>LOG_UNID_OPER</sourceObjSchema>
<sourceObjName>UOP_NO_ABREV</sourceObjName>
<createdBy>labbe</createdBy>
<createdTime>2017-06-28 18:27:40 UTC</createdTime>
<commentInRDBMS>abreviatura do nome da unid. operacional (opcional)</commentInRDBMS>
<ownerDesignName>higia</ownerDesignName>
<nullsAllowed>true</nullsAllowed>
<useDomainConstraints>false</useDomainConstraints>
<use>1</use>
<logicalDatatype>LOGDT024</logicalDatatype>
<dataTypeSize>36 BYTE</dataTypeSize>
<ownDataTypeParameters>36 BYTE,,</ownDataTypeParameters>
<autoIncrementCycle>false</autoIncrementCycle>
</Column>
</columns>
<indexes itemClass="oracle.dbtools.crest.model.design.relational.Index">
<ind_PK_UK id="F9FDB3E0-F0EE-6894-B222-4CA6346B3E18" name="PK_LOG_UNID_OPER">
<sourceConnName>HIGIA_DEV.ENDERECO</sourceConnName>
<sourceObjSchema>ENDERECO</sourceObjSchema>
<sourceObjName>PK_LOG_UNID_OPER</sourceObjName>
<createdBy>labbe</createdBy>
<createdTime>2017-06-28 18:28:19 UTC</createdTime>
<ownerDesignName>higia</ownerDesignName>
<pk>true</pk>
<indexState>Primary Constraint</indexState>
<isSurrogateKey>false</isSurrogateKey>
<indexColumnUsage>
<colUsage columnID="AB526D2E-750F-623F-7BFE-38F026504A28"/>
</indexColumnUsage>
</ind_PK_UK>
<ind_PK_UK id="6A415FF5-B241-4359-7D2B-0EE504CF649D" schemaObject="98BF7BAD-6E06-AAA5-C899-4E17FCC779A9" name="PK_LOG_UNID_OPER">
<sourceConnName>HIGIA_DEV.ENDERECO</sourceConnName>
<sourceObjSchema>ENDERECO</sourceObjSchema>
<sourceObjName>PK_LOG_UNID_OPER</sourceObjName>
<createdBy>labbe</createdBy>
<createdTime>2017-06-28 18:27:49 UTC</createdTime>
<ownerDesignName>higia</ownerDesignName>
<indexState>Unique Plain Index</indexState>
<isSurrogateKey>false</isSurrogateKey>
<indexColumnUsage>
<colUsage columnID="AB526D2E-750F-623F-7BFE-38F026504A28"/>
</indexColumnUsage>
</ind_PK_UK>
</indexes>
</Table>