<?xml version = '1.0' encoding = 'UTF-8'?>
<Table class="oracle.dbtools.crest.model.design.relational.Table" directorySegmentName="seg_0" id="6E66DDDF-7E48-F6DD-FCF7-DB4F5B73CFB4" schemaObject="98BF7BAD-6E06-AAA5-C899-4E17FCC779A9" name="LOG_GRANDE_USUARIO">
<sourceConnName>HIGIA_DEV.ENDERECO</sourceConnName>
<sourceObjSchema>ENDERECO</sourceObjSchema>
<sourceObjName>LOG_GRANDE_USUARIO</sourceObjName>
<createdBy>labbe</createdBy>
<createdTime>2017-06-28 18:27:11 UTC</createdTime>
<commentInRDBMS>Grande Usuário&lt;br/&gt;São clientes com grande volume postal (empresas, universidades, bancos,  órgãos públicos, etc), O campo LOG_NU está sem conteúdo para as localidades não codificadas(LOC_IN_SIT=0), devendo ser utilizado o campo GRU_ENDEREÇO para  endereçamento.</commentInRDBMS>
<ownerDesignName>higia</ownerDesignName>
<allowColumnReorder>false</allowColumnReorder>
<existDependencyGenerateInDDl>true</existDependencyGenerateInDDl>
<parsed>true</parsed>
<columns itemClass="oracle.dbtools.crest.model.design.relational.Column">
<Column name="GRU_NU" id="309379B7-398E-0B43-9605-78F7C56C1C22">
<sourceConnName>HIGIA_DEV.ENDERECO</sourceConnName>
<sourceObjSchema>LOG_GRANDE_USUARIO</sourceObjSchema>
<sourceObjName>GRU_NU</sourceObjName>
<createdBy>labbe</createdBy>
<createdTime>2017-06-28 18:27:31 UTC</createdTime>
<commentInRDBMS>chave do grande usuário</commentInRDBMS>
<ownerDesignName>higia</ownerDesignName>
<useDomainConstraints>false</useDomainConstraints>
<use>1</use>
<logicalDatatype>LOGDT019</logicalDatatype>
<ownDataTypeParameters>,,</ownDataTypeParameters>
<autoIncrementCycle>false</autoIncrementCycle>
</Column>
<Column name="UFE_SG" id="CB086EB4-365A-6A49-45DF-ACCFA4C2A0A4">
<sourceConnName>HIGIA_DEV.ENDERECO</sourceConnName>
<sourceObjSchema>LOG_GRANDE_USUARIO</sourceObjSchema>
<sourceObjName>UFE_SG</sourceObjName>
<createdBy>labbe</createdBy>
<createdTime>2017-06-28 18:27:31 UTC</createdTime>
<commentInRDBMS>sigla da UF</commentInRDBMS>
<ownerDesignName>higia</ownerDesignName>
<useDomainConstraints>false</useDomainConstraints>
<use>1</use>
<logicalDatatype>LOGDT025</logicalDatatype>
<dataTypeSize>2 BYTE</dataTypeSize>
<ownDataTypeParameters>2 BYTE,,</ownDataTypeParameters>
<autoIncrementCycle>false</autoIncrementCycle>
</Column>
<Column name="LOC_NU" id="0DD6FBE8-11C3-7720-AD74-83DDBC7B7609">
<sourceConnName>HIGIA_DEV.ENDERECO</sourceConnName>
<sourceObjSchema>LOG_GRANDE_USUARIO</sourceObjSchema>
<sourceObjName>LOC_NU</sourceObjName>
<createdBy>labbe</createdBy>
<createdTime>2017-06-28 18:27:31 UTC</createdTime>
<commentInRDBMS>chave da localidade</commentInRDBMS>
<ownerDesignName>higia</ownerDesignName>
<useDomainConstraints>false</useDomainConstraints>
<use>1</use>
<logicalDatatype>LOGDT019</logicalDatatype>
<ownDataTypeParameters>,,</ownDataTypeParameters>
<autoIncrementCycle>false</autoIncrementCycle>
</Column>
<Column name="BAI_NU" id="8E7A2452-66DA-0E0C-B67F-4FCF65AFDF46">
<sourceConnName>HIGIA_DEV.ENDERECO</sourceConnName>
<sourceObjSchema>LOG_GRANDE_USUARIO</sourceObjSchema>
<sourceObjName>BAI_NU</sourceObjName>
<createdBy>labbe</createdBy>
<createdTime>2017-06-28 18:27:31 UTC</createdTime>
<commentInRDBMS>chave do bairro</commentInRDBMS>
<ownerDesignName>higia</ownerDesignName>
<useDomainConstraints>false</useDomainConstraints>
<use>1</use>
<logicalDatatype>LOGDT019</logicalDatatype>
<ownDataTypeParameters>,,</ownDataTypeParameters>
<autoIncrementCycle>false</autoIncrementCycle>
</Column>
<Column name="LOG_NU" id="3A4643E0-5BE7-F3C6-CFD0-0290147ADD9B">
<sourceConnName>HIGIA_DEV.ENDERECO</sourceConnName>
<sourceObjSchema>LOG_GRANDE_USUARIO</sourceObjSchema>
<sourceObjName>LOG_NU</sourceObjName>
<createdBy>labbe</createdBy>
<createdTime>2017-06-28 18:27:31 UTC</createdTime>
<commentInRDBMS>chave do logradouro (opcional)</commentInRDBMS>
<ownerDesignName>higia</ownerDesignName>
<nullsAllowed>true</nullsAllowed>
<useDomainConstraints>false</useDomainConstraints>
<use>1</use>
<logicalDatatype>LOGDT019</logicalDatatype>
<ownDataTypeParameters>,,</ownDataTypeParameters>
<autoIncrementCycle>false</autoIncrementCycle>
</Column>
<Column name="GRU_NO" id="302E30A4-88BF-68EA-939A-C228D6A43D57">
<sourceConnName>HIGIA_DEV.ENDERECO</sourceConnName>
<sourceObjSchema>LOG_GRANDE_USUARIO</sourceObjSchema>
<sourceObjName>GRU_NO</sourceObjName>
<createdBy>labbe</createdBy>
<createdTime>2017-06-28 18:27:32 UTC</createdTime>
<commentInRDBMS>nome do grande usuário</commentInRDBMS>
<ownerDesignName>higia</ownerDesignName>
<useDomainConstraints>false</useDomainConstraints>
<use>1</use>
<logicalDatatype>LOGDT024</logicalDatatype>
<dataTypeSize>72 BYTE</dataTypeSize>
<ownDataTypeParameters>72 BYTE,,</ownDataTypeParameters>
<autoIncrementCycle>false</autoIncrementCycle>
</Column>
<Column name="GRU_ENDERECO" id="9912435E-8BCC-C669-484D-BD2E0CB465F7">
<sourceConnName>HIGIA_DEV.ENDERECO</sourceConnName>
<sourceObjSchema>LOG_GRANDE_USUARIO</sourceObjSchema>
<sourceObjName>GRU_ENDERECO</sourceObjName>
<createdBy>labbe</createdBy>
<createdTime>2017-06-28 18:27:32 UTC</createdTime>
<commentInRDBMS>endereço do grande usuário</commentInRDBMS>
<ownerDesignName>higia</ownerDesignName>
<useDomainConstraints>false</useDomainConstraints>
<use>1</use>
<logicalDatatype>LOGDT024</logicalDatatype>
<dataTypeSize>100 BYTE</dataTypeSize>
<ownDataTypeParameters>100 BYTE,,</ownDataTypeParameters>
<autoIncrementCycle>false</autoIncrementCycle>
</Column>
<Column name="CEP" id="EFAF4A98-35D4-3DBE-D3A8-8104044D1339">
<sourceConnName>HIGIA_DEV.ENDERECO</sourceConnName>
<sourceObjSchema>LOG_GRANDE_USUARIO</sourceObjSchema>
<sourceObjName>CEP</sourceObjName>
<createdBy>labbe</createdBy>
<createdTime>2017-06-28 18:27:32 UTC</createdTime>
<commentInRDBMS>CEP do grande usuário</commentInRDBMS>
<ownerDesignName>higia</ownerDesignName>
<useDomainConstraints>false</useDomainConstraints>
<use>1</use>
<logicalDatatype>LOGDT025</logicalDatatype>
<dataTypeSize>8 BYTE</dataTypeSize>
<ownDataTypeParameters>8 BYTE,,</ownDataTypeParameters>
<autoIncrementCycle>false</autoIncrementCycle>
</Column>
<Column name="GRU_NO_ABREV" id="0CE76B95-F70B-2647-D847-62C51F977028">
<sourceConnName>HIGIA_DEV.ENDERECO</sourceConnName>
<sourceObjSchema>LOG_GRANDE_USUARIO</sourceObjSchema>
<sourceObjName>GRU_NO_ABREV</sourceObjName>
<createdBy>labbe</createdBy>
<createdTime>2017-06-28 18:27:32 UTC</createdTime>
<commentInRDBMS>abreviatura do nome do grande usuário (opcional)</commentInRDBMS>
<ownerDesignName>higia</ownerDesignName>
<nullsAllowed>true</nullsAllowed>
<useDomainConstraints>false</useDomainConstraints>
<use>1</use>
<logicalDatatype>LOGDT024</logicalDatatype>
<dataTypeSize>36 BYTE</dataTypeSize>
<ownDataTypeParameters>36 BYTE,,</ownDataTypeParameters>
<autoIncrementCycle>false</autoIncrementCycle>
</Column>
</columns>
<indexes itemClass="oracle.dbtools.crest.model.design.relational.Index">
<ind_PK_UK id="194EA09D-4AA0-BC12-F2F7-7553AE4CA7B6" name="PK_LOG_GRANDE_USUARIO">
<sourceConnName>HIGIA_DEV.ENDERECO</sourceConnName>
<sourceObjSchema>ENDERECO</sourceObjSchema>
<sourceObjName>PK_LOG_GRANDE_USUARIO</sourceObjName>
<createdBy>labbe</createdBy>
<createdTime>2017-06-28 18:28:12 UTC</createdTime>
<ownerDesignName>higia</ownerDesignName>
<pk>true</pk>
<indexState>Primary Constraint</indexState>
<isSurrogateKey>false</isSurrogateKey>
<indexColumnUsage>
<colUsage columnID="309379B7-398E-0B43-9605-78F7C56C1C22"/>
</indexColumnUsage>
</ind_PK_UK>
<ind_PK_UK id="78E18BAA-A2D4-3558-0447-B189FFA0E652" schemaObject="98BF7BAD-6E06-AAA5-C899-4E17FCC779A9" name="PK_LOG_GRANDE_USUARIO">
<sourceConnName>HIGIA_DEV.ENDERECO</sourceConnName>
<sourceObjSchema>ENDERECO</sourceObjSchema>
<sourceObjName>PK_LOG_GRANDE_USUARIO</sourceObjName>
<createdBy>labbe</createdBy>
<createdTime>2017-06-28 18:27:48 UTC</createdTime>
<ownerDesignName>higia</ownerDesignName>
<indexState>Unique Plain Index</indexState>
<isSurrogateKey>false</isSurrogateKey>
<indexColumnUsage>
<colUsage columnID="309379B7-398E-0B43-9605-78F7C56C1C22"/>
</indexColumnUsage>
</ind_PK_UK>
</indexes>
</Table>