<?xml version = '1.0' encoding = 'UTF-8'?>
<Table class="oracle.dbtools.crest.model.design.relational.Table" directorySegmentName="seg_0" id="6F1C9649-B0CE-6E1E-262A-F17080573AC4" schemaObject="98BF7BAD-6E06-AAA5-C899-4E17FCC779A9" name="USUARIO_SF_ENDERECO">
<sourceConnName>HIGIA_DEV.ENDERECO</sourceConnName>
<sourceObjSchema>ENDERECO</sourceObjSchema>
<sourceObjName>USUARIO_SF_ENDERECO</sourceObjName>
<createdBy>labbe</createdBy>
<createdTime>2017-06-28 18:27:15 UTC</createdTime>
<ownerDesignName>higia</ownerDesignName>
<allowColumnReorder>false</allowColumnReorder>
<existDependencyGenerateInDDl>true</existDependencyGenerateInDDl>
<parsed>true</parsed>
<columns itemClass="oracle.dbtools.crest.model.design.relational.Column">
<Column name="COD_ENDERECO" id="1EDE05E2-4800-FE64-1D02-0630F2309E89">
<sourceConnName>HIGIA_DEV.ENDERECO</sourceConnName>
<sourceObjSchema>USUARIO_SF_ENDERECO</sourceObjSchema>
<sourceObjName>COD_ENDERECO</sourceObjName>
<createdBy>labbe</createdBy>
<createdTime>2017-06-28 18:27:44 UTC</createdTime>
<ownerDesignName>higia</ownerDesignName>
<useDomainConstraints>false</useDomainConstraints>
<use>1</use>
<logicalDatatype>LOGDT019</logicalDatatype>
<dataTypePrecision>*</dataTypePrecision>
<dataTypeScale>0</dataTypeScale>
<ownDataTypeParameters>,*,0</ownDataTypeParameters>
<autoIncrementCycle>false</autoIncrementCycle>
<associations>
<colAssociation fkAssociation="89A444F7-23FE-8FC9-315E-726742116810" referredColumn="65AA8B92-DDCF-D1CE-C0A4-8CC7487C3B59"/>
</associations>
</Column>
<Column name="COD_USUARIO_SF" id="DBCCC3BE-0078-2DCF-0277-265F350556BC">
<sourceConnName>HIGIA_DEV.ENDERECO</sourceConnName>
<sourceObjSchema>USUARIO_SF_ENDERECO</sourceObjSchema>
<sourceObjName>COD_USUARIO_SF</sourceObjName>
<createdBy>labbe</createdBy>
<createdTime>2017-06-28 18:27:44 UTC</createdTime>
<ownerDesignName>higia</ownerDesignName>
<useDomainConstraints>false</useDomainConstraints>
<use>1</use>
<logicalDatatype>LOGDT019</logicalDatatype>
<dataTypePrecision>*</dataTypePrecision>
<dataTypeScale>0</dataTypeScale>
<ownDataTypeParameters>,*,0</ownDataTypeParameters>
<autoIncrementCycle>false</autoIncrementCycle>
</Column>
</columns>
<indexes itemClass="oracle.dbtools.crest.model.design.relational.Index">
<ind_PK_UK id="03DDBC2F-A93D-0C69-7611-51F247707B95" name="PK_USUARIO_SF_ENDERECO">
<sourceConnName>HIGIA_DEV.ENDERECO</sourceConnName>
<sourceObjSchema>ENDERECO</sourceObjSchema>
<sourceObjName>PK_USUARIO_SF_ENDERECO</sourceObjName>
<createdBy>labbe</createdBy>
<createdTime>2017-06-28 18:28:26 UTC</createdTime>
<ownerDesignName>higia</ownerDesignName>
<pk>true</pk>
<indexState>Primary Constraint</indexState>
<isSurrogateKey>false</isSurrogateKey>
<indexColumnUsage>
<colUsage columnID="1EDE05E2-4800-FE64-1D02-0630F2309E89"/>
</indexColumnUsage>
</ind_PK_UK>
<ind_PK_UK id="65E2EEF6-B02B-BF40-FE58-B5D5057F58EC" schemaObject="98BF7BAD-6E06-AAA5-C899-4E17FCC779A9" name="PK_USUARIO_SF_ENDERECO">
<sourceConnName>HIGIA_DEV.ENDERECO</sourceConnName>
<sourceObjSchema>ENDERECO</sourceObjSchema>
<sourceObjName>PK_USUARIO_SF_ENDERECO</sourceObjName>
<createdBy>labbe</createdBy>
<createdTime>2017-06-28 18:27:50 UTC</createdTime>
<ownerDesignName>higia</ownerDesignName>
<indexState>Unique Plain Index</indexState>
<isSurrogateKey>false</isSurrogateKey>
<indexColumnUsage>
<colUsage columnID="1EDE05E2-4800-FE64-1D02-0630F2309E89"/>
</indexColumnUsage>
</ind_PK_UK>
<ind_PK_UK id="BE3E18EB-46E0-1040-E9DD-42477CAF4494" name="FK_USUARIO_SF_ENDERECO_1">
<createdBy>labbe</createdBy>
<createdTime>2017-06-28 18:28:27 UTC</createdTime>
<ownerDesignName>higia</ownerDesignName>
<indexState>Foreign Key</indexState>
<isSurrogateKey>false</isSurrogateKey>
<indexColumnUsage>
<colUsage columnID="1EDE05E2-4800-FE64-1D02-0630F2309E89"/>
</indexColumnUsage>
</ind_PK_UK>
</indexes>
</Table>