<?xml version = '1.0' encoding = 'UTF-8'?>
<Table class="oracle.dbtools.crest.model.design.relational.Table" directorySegmentName="seg_0" id="739CEE90-1A85-FEB7-2C91-4820783FEDFD" schemaObject="98BF7BAD-6E06-AAA5-C899-4E17FCC779A9" name="LOG_FAIXA_LOCALIDADE">
<sourceConnName>HIGIA_DEV.ENDERECO</sourceConnName>
<sourceObjSchema>ENDERECO</sourceObjSchema>
<sourceObjName>LOG_FAIXA_LOCALIDADE</sourceObjName>
<createdBy>labbe</createdBy>
<createdTime>2017-06-28 18:27:10 UTC</createdTime>
<commentInRDBMS>Faixa de CEP das Localidades codificadas por Logradouro, Este arquivo contém faixas de CEPs das localidade codificadas por logradouro(LOC_IN_SIT=1).</commentInRDBMS>
<ownerDesignName>higia</ownerDesignName>
<allowColumnReorder>false</allowColumnReorder>
<existDependencyGenerateInDDl>true</existDependencyGenerateInDDl>
<parsed>true</parsed>
<columns itemClass="oracle.dbtools.crest.model.design.relational.Column">
<Column name="LOC_NU" id="82A28549-BA7C-75F1-F9AD-22C1B89E4F41">
<sourceConnName>HIGIA_DEV.ENDERECO</sourceConnName>
<sourceObjSchema>LOG_FAIXA_LOCALIDADE</sourceObjSchema>
<sourceObjName>LOC_NU</sourceObjName>
<createdBy>labbe</createdBy>
<createdTime>2017-06-28 18:27:28 UTC</createdTime>
<commentInRDBMS>chave da localidade</commentInRDBMS>
<ownerDesignName>higia</ownerDesignName>
<useDomainConstraints>false</useDomainConstraints>
<use>1</use>
<logicalDatatype>LOGDT019</logicalDatatype>
<ownDataTypeParameters>,,</ownDataTypeParameters>
<autoIncrementCycle>false</autoIncrementCycle>
</Column>
<Column name="LOC_CEP_INI" id="8AF85C44-12F6-D9F1-72BA-FCCE95961977">
<sourceConnName>HIGIA_DEV.ENDERECO</sourceConnName>
<sourceObjSchema>LOG_FAIXA_LOCALIDADE</sourceObjSchema>
<sourceObjName>LOC_CEP_INI</sourceObjName>
<createdBy>labbe</createdBy>
<createdTime>2017-06-28 18:27:28 UTC</createdTime>
<commentInRDBMS>CEP inicial da localidade</commentInRDBMS>
<ownerDesignName>higia</ownerDesignName>
<useDomainConstraints>false</useDomainConstraints>
<use>1</use>
<logicalDatatype>LOGDT025</logicalDatatype>
<dataTypeSize>8 BYTE</dataTypeSize>
<ownDataTypeParameters>8 BYTE,,</ownDataTypeParameters>
<autoIncrementCycle>false</autoIncrementCycle>
</Column>
<Column name="LOC_CEP_FIM" id="23369ADF-1DB2-F3D7-AD88-20D048DEF3FB">
<sourceConnName>HIGIA_DEV.ENDERECO</sourceConnName>
<sourceObjSchema>LOG_FAIXA_LOCALIDADE</sourceObjSchema>
<sourceObjName>LOC_CEP_FIM</sourceObjName>
<createdBy>labbe</createdBy>
<createdTime>2017-06-28 18:27:29 UTC</createdTime>
<commentInRDBMS>CEP final da localidade</commentInRDBMS>
<ownerDesignName>higia</ownerDesignName>
<useDomainConstraints>false</useDomainConstraints>
<use>1</use>
<logicalDatatype>LOGDT025</logicalDatatype>
<dataTypeSize>8 BYTE</dataTypeSize>
<ownDataTypeParameters>8 BYTE,,</ownDataTypeParameters>
<autoIncrementCycle>false</autoIncrementCycle>
</Column>
</columns>
<indexes itemClass="oracle.dbtools.crest.model.design.relational.Index">
<ind_PK_UK id="3EEC1B34-45A2-81CD-232C-AB51B306976A" name="PK_LOG_FAIXA_LOCALIDADE">
<sourceConnName>HIGIA_DEV.ENDERECO</sourceConnName>
<sourceObjSchema>ENDERECO</sourceObjSchema>
<sourceObjName>PK_LOG_FAIXA_LOCALIDADE</sourceObjName>
<createdBy>labbe</createdBy>
<createdTime>2017-06-28 18:28:08 UTC</createdTime>
<ownerDesignName>higia</ownerDesignName>
<pk>true</pk>
<indexState>Primary Constraint</indexState>
<isSurrogateKey>false</isSurrogateKey>
<indexColumnUsage>
<colUsage columnID="82A28549-BA7C-75F1-F9AD-22C1B89E4F41"/>
<colUsage columnID="8AF85C44-12F6-D9F1-72BA-FCCE95961977"/>
</indexColumnUsage>
</ind_PK_UK>
<ind_PK_UK id="344C181C-965A-DDDB-376E-B6C9A9709255" schemaObject="98BF7BAD-6E06-AAA5-C899-4E17FCC779A9" name="PK_LOG_FAIXA_LOCALIDADE">
<sourceConnName>HIGIA_DEV.ENDERECO</sourceConnName>
<sourceObjSchema>ENDERECO</sourceObjSchema>
<sourceObjName>PK_LOG_FAIXA_LOCALIDADE</sourceObjName>
<createdBy>labbe</createdBy>
<createdTime>2017-06-28 18:27:47 UTC</createdTime>
<ownerDesignName>higia</ownerDesignName>
<indexState>Unique Plain Index</indexState>
<isSurrogateKey>false</isSurrogateKey>
<indexColumnUsage>
<colUsage columnID="82A28549-BA7C-75F1-F9AD-22C1B89E4F41"/>
<colUsage columnID="8AF85C44-12F6-D9F1-72BA-FCCE95961977"/>
</indexColumnUsage>
</ind_PK_UK>
</indexes>
</Table>