<?xml version = '1.0' encoding = 'UTF-8'?>
<Table class="oracle.dbtools.crest.model.design.relational.Table" directorySegmentName="seg_0" id="7DB2F71D-0240-4E72-15FC-6000C77100F1" schemaObject="98BF7BAD-6E06-AAA5-C899-4E17FCC779A9" name="LOG_FAIXA_UOP">
<sourceConnName>HIGIA_DEV.ENDERECO</sourceConnName>
<sourceObjSchema>ENDERECO</sourceObjSchema>
<sourceObjName>LOG_FAIXA_UOP</sourceObjName>
<createdBy>labbe</createdBy>
<createdTime>2017-06-28 18:27:11 UTC</createdTime>
<commentInRDBMS>Faixa de Caixa Postal – UOP</commentInRDBMS>
<ownerDesignName>higia</ownerDesignName>
<allowColumnReorder>false</allowColumnReorder>
<existDependencyGenerateInDDl>true</existDependencyGenerateInDDl>
<parsed>true</parsed>
<columns itemClass="oracle.dbtools.crest.model.design.relational.Column">
<Column name="UOP_NU" id="8DD31517-647C-8B9B-5758-06B4E4A20AD6">
<sourceConnName>HIGIA_DEV.ENDERECO</sourceConnName>
<sourceObjSchema>LOG_FAIXA_UOP</sourceObjSchema>
<sourceObjName>UOP_NU</sourceObjName>
<createdBy>labbe</createdBy>
<createdTime>2017-06-28 18:27:30 UTC</createdTime>
<commentInRDBMS>chave da UOP</commentInRDBMS>
<ownerDesignName>higia</ownerDesignName>
<useDomainConstraints>false</useDomainConstraints>
<use>1</use>
<logicalDatatype>LOGDT019</logicalDatatype>
<ownDataTypeParameters>,,</ownDataTypeParameters>
<autoIncrementCycle>false</autoIncrementCycle>
</Column>
<Column name="FNC_INICIAL" id="4B84BF80-3E86-34B2-CE47-3D504F091336">
<sourceConnName>HIGIA_DEV.ENDERECO</sourceConnName>
<sourceObjSchema>LOG_FAIXA_UOP</sourceObjSchema>
<sourceObjName>FNC_INICIAL</sourceObjName>
<createdBy>labbe</createdBy>
<createdTime>2017-06-28 18:27:30 UTC</createdTime>
<commentInRDBMS>número inicial da caixa postal</commentInRDBMS>
<ownerDesignName>higia</ownerDesignName>
<useDomainConstraints>false</useDomainConstraints>
<use>1</use>
<logicalDatatype>LOGDT019</logicalDatatype>
<ownDataTypeParameters>,,</ownDataTypeParameters>
<autoIncrementCycle>false</autoIncrementCycle>
</Column>
<Column name="FNC_FINAL" id="00E6CA69-368E-B5F4-C605-5965ABF719FC">
<sourceConnName>HIGIA_DEV.ENDERECO</sourceConnName>
<sourceObjSchema>LOG_FAIXA_UOP</sourceObjSchema>
<sourceObjName>FNC_FINAL</sourceObjName>
<createdBy>labbe</createdBy>
<createdTime>2017-06-28 18:27:30 UTC</createdTime>
<commentInRDBMS>número final da caixa postal</commentInRDBMS>
<ownerDesignName>higia</ownerDesignName>
<useDomainConstraints>false</useDomainConstraints>
<use>1</use>
<logicalDatatype>LOGDT019</logicalDatatype>
<ownDataTypeParameters>,,</ownDataTypeParameters>
<autoIncrementCycle>false</autoIncrementCycle>
</Column>
</columns>
<indexes itemClass="oracle.dbtools.crest.model.design.relational.Index">
<ind_PK_UK id="52A05CE1-52FE-216B-2B16-EDC8C4AD07F6" name="PK_LOG_FAIXA_UOP">
<sourceConnName>HIGIA_DEV.ENDERECO</sourceConnName>
<sourceObjSchema>ENDERECO</sourceObjSchema>
<sourceObjName>PK_LOG_FAIXA_UOP</sourceObjName>
<createdBy>labbe</createdBy>
<createdTime>2017-06-28 18:28:10 UTC</createdTime>
<ownerDesignName>higia</ownerDesignName>
<pk>true</pk>
<indexState>Primary Constraint</indexState>
<isSurrogateKey>false</isSurrogateKey>
<indexColumnUsage>
<colUsage columnID="8DD31517-647C-8B9B-5758-06B4E4A20AD6"/>
<colUsage columnID="4B84BF80-3E86-34B2-CE47-3D504F091336"/>
</indexColumnUsage>
</ind_PK_UK>
<ind_PK_UK id="A8C22B75-6435-7846-2423-02162AE6AFF8" schemaObject="98BF7BAD-6E06-AAA5-C899-4E17FCC779A9" name="PK_LOG_FAIXA_UOP">
<sourceConnName>HIGIA_DEV.ENDERECO</sourceConnName>
<sourceObjSchema>ENDERECO</sourceObjSchema>
<sourceObjName>PK_LOG_FAIXA_UOP</sourceObjName>
<createdBy>labbe</createdBy>
<createdTime>2017-06-28 18:27:48 UTC</createdTime>
<ownerDesignName>higia</ownerDesignName>
<indexState>Unique Plain Index</indexState>
<isSurrogateKey>false</isSurrogateKey>
<indexColumnUsage>
<colUsage columnID="8DD31517-647C-8B9B-5758-06B4E4A20AD6"/>
<colUsage columnID="4B84BF80-3E86-34B2-CE47-3D504F091336"/>
</indexColumnUsage>
</ind_PK_UK>
</indexes>
</Table>