<?xml version = '1.0' encoding = 'UTF-8'?>
<Table class="oracle.dbtools.crest.model.design.relational.Table" directorySegmentName="seg_0" id="8BC1542F-47B5-44FB-5281-66B4037F40F8" schemaObject="98BF7BAD-6E06-AAA5-C899-4E17FCC779A9" name="LOG_VAR_LOC">
<sourceConnName>HIGIA_DEV.ENDERECO</sourceConnName>
<sourceObjSchema>ENDERECO</sourceObjSchema>
<sourceObjName>LOG_VAR_LOC</sourceObjName>
<createdBy>labbe</createdBy>
<createdTime>2017-06-28 18:27:14 UTC</createdTime>
<ownerDesignName>higia</ownerDesignName>
<allowColumnReorder>false</allowColumnReorder>
<existDependencyGenerateInDDl>true</existDependencyGenerateInDDl>
<parsed>true</parsed>
<columns itemClass="oracle.dbtools.crest.model.design.relational.Column">
<Column name="LOC_NU" id="F221799E-7E2A-A706-8A48-543CAEF84E7D">
<sourceConnName>HIGIA_DEV.ENDERECO</sourceConnName>
<sourceObjSchema>LOG_VAR_LOC</sourceObjSchema>
<sourceObjName>LOC_NU</sourceObjName>
<createdBy>labbe</createdBy>
<createdTime>2017-06-28 18:27:41 UTC</createdTime>
<commentInRDBMS>chave da localidade</commentInRDBMS>
<ownerDesignName>higia</ownerDesignName>
<useDomainConstraints>false</useDomainConstraints>
<use>1</use>
<logicalDatatype>LOGDT019</logicalDatatype>
<ownDataTypeParameters>,,</ownDataTypeParameters>
<autoIncrementCycle>false</autoIncrementCycle>
</Column>
<Column name="VAL_NU" id="A092CA6E-157C-7266-B650-90D48EF7CFCB">
<sourceConnName>HIGIA_DEV.ENDERECO</sourceConnName>
<sourceObjSchema>LOG_VAR_LOC</sourceObjSchema>
<sourceObjName>VAL_NU</sourceObjName>
<createdBy>labbe</createdBy>
<createdTime>2017-06-28 18:27:42 UTC</createdTime>
<commentInRDBMS>ordem da denominação</commentInRDBMS>
<ownerDesignName>higia</ownerDesignName>
<useDomainConstraints>false</useDomainConstraints>
<use>1</use>
<logicalDatatype>LOGDT019</logicalDatatype>
<ownDataTypeParameters>,,</ownDataTypeParameters>
<autoIncrementCycle>false</autoIncrementCycle>
</Column>
<Column name="VAL_TX" id="34A6F313-6115-B8D0-46F1-0F2C611FD7DC">
<sourceConnName>HIGIA_DEV.ENDERECO</sourceConnName>
<sourceObjSchema>LOG_VAR_LOC</sourceObjSchema>
<sourceObjName>VAL_TX</sourceObjName>
<createdBy>labbe</createdBy>
<createdTime>2017-06-28 18:27:42 UTC</createdTime>
<commentInRDBMS>Denominação</commentInRDBMS>
<ownerDesignName>higia</ownerDesignName>
<useDomainConstraints>false</useDomainConstraints>
<use>1</use>
<logicalDatatype>LOGDT024</logicalDatatype>
<dataTypeSize>72 BYTE</dataTypeSize>
<ownDataTypeParameters>72 BYTE,,</ownDataTypeParameters>
<autoIncrementCycle>false</autoIncrementCycle>
</Column>
</columns>
<indexes itemClass="oracle.dbtools.crest.model.design.relational.Index">
<ind_PK_UK id="FB22382D-08D1-520E-CFF9-6C28C4FD3F3C" name="PK_LOG_VAR_LOC">
<sourceConnName>HIGIA_DEV.ENDERECO</sourceConnName>
<sourceObjSchema>ENDERECO</sourceObjSchema>
<sourceObjName>PK_LOG_VAR_LOC</sourceObjName>
<createdBy>labbe</createdBy>
<createdTime>2017-06-28 18:28:22 UTC</createdTime>
<ownerDesignName>higia</ownerDesignName>
<pk>true</pk>
<indexState>Primary Constraint</indexState>
<isSurrogateKey>false</isSurrogateKey>
<indexColumnUsage>
<colUsage columnID="F221799E-7E2A-A706-8A48-543CAEF84E7D"/>
<colUsage columnID="A092CA6E-157C-7266-B650-90D48EF7CFCB"/>
</indexColumnUsage>
</ind_PK_UK>
<ind_PK_UK id="69DD5811-FBAA-D08D-C777-AA353500A6AE" schemaObject="98BF7BAD-6E06-AAA5-C899-4E17FCC779A9" name="PK_LOG_VAR_LOC">
<sourceConnName>HIGIA_DEV.ENDERECO</sourceConnName>
<sourceObjSchema>ENDERECO</sourceObjSchema>
<sourceObjName>PK_LOG_VAR_LOC</sourceObjName>
<createdBy>labbe</createdBy>
<createdTime>2017-06-28 18:27:49 UTC</createdTime>
<ownerDesignName>higia</ownerDesignName>
<indexState>Unique Plain Index</indexState>
<isSurrogateKey>false</isSurrogateKey>
<indexColumnUsage>
<colUsage columnID="F221799E-7E2A-A706-8A48-543CAEF84E7D"/>
<colUsage columnID="A092CA6E-157C-7266-B650-90D48EF7CFCB"/>
</indexColumnUsage>
</ind_PK_UK>
</indexes>
</Table>