<?xml version = '1.0' encoding = 'UTF-8'?>
<Table class="oracle.dbtools.crest.model.design.relational.Table" directorySegmentName="seg_0" id="8E65C5FB-4BD0-E34E-2FBE-AF211CE23118" schemaObject="98BF7BAD-6E06-AAA5-C899-4E17FCC779A9" name="LOG_VAR_LOG">
<sourceConnName>HIGIA_DEV.ENDERECO</sourceConnName>
<sourceObjSchema>ENDERECO</sourceObjSchema>
<sourceObjName>LOG_VAR_LOG</sourceObjName>
<createdBy>labbe</createdBy>
<createdTime>2017-06-28 18:27:14 UTC</createdTime>
<commentInRDBMS>Outras denominações do logradouro(denominação popular, denominação anterior)</commentInRDBMS>
<ownerDesignName>higia</ownerDesignName>
<allowColumnReorder>false</allowColumnReorder>
<existDependencyGenerateInDDl>true</existDependencyGenerateInDDl>
<parsed>true</parsed>
<columns itemClass="oracle.dbtools.crest.model.design.relational.Column">
<Column name="LOG_NU" id="3EFF339F-6606-1E09-8A27-DC6EF12BB892">
<sourceConnName>HIGIA_DEV.ENDERECO</sourceConnName>
<sourceObjSchema>LOG_VAR_LOG</sourceObjSchema>
<sourceObjName>LOG_NU</sourceObjName>
<createdBy>labbe</createdBy>
<createdTime>2017-06-28 18:27:42 UTC</createdTime>
<commentInRDBMS>chave do logradouro</commentInRDBMS>
<ownerDesignName>higia</ownerDesignName>
<useDomainConstraints>false</useDomainConstraints>
<use>1</use>
<logicalDatatype>LOGDT019</logicalDatatype>
<ownDataTypeParameters>,,</ownDataTypeParameters>
<autoIncrementCycle>false</autoIncrementCycle>
</Column>
<Column name="VLO_NU" id="47931A89-1404-C05D-460F-EFE8DECF04FB">
<sourceConnName>HIGIA_DEV.ENDERECO</sourceConnName>
<sourceObjSchema>LOG_VAR_LOG</sourceObjSchema>
<sourceObjName>VLO_NU</sourceObjName>
<createdBy>labbe</createdBy>
<createdTime>2017-06-28 18:27:42 UTC</createdTime>
<commentInRDBMS>ordem da denominação</commentInRDBMS>
<ownerDesignName>higia</ownerDesignName>
<useDomainConstraints>false</useDomainConstraints>
<use>1</use>
<logicalDatatype>LOGDT019</logicalDatatype>
<ownDataTypeParameters>,,</ownDataTypeParameters>
<autoIncrementCycle>false</autoIncrementCycle>
</Column>
<Column name="TLO_TX" id="7D332BA0-62AA-4FFC-2EDE-409A8C8171FF">
<sourceConnName>HIGIA_DEV.ENDERECO</sourceConnName>
<sourceObjSchema>LOG_VAR_LOG</sourceObjSchema>
<sourceObjName>TLO_TX</sourceObjName>
<createdBy>labbe</createdBy>
<createdTime>2017-06-28 18:27:43 UTC</createdTime>
<commentInRDBMS>tipo de logradouro da variação</commentInRDBMS>
<ownerDesignName>higia</ownerDesignName>
<useDomainConstraints>false</useDomainConstraints>
<use>1</use>
<logicalDatatype>LOGDT024</logicalDatatype>
<dataTypeSize>36 BYTE</dataTypeSize>
<ownDataTypeParameters>36 BYTE,,</ownDataTypeParameters>
<autoIncrementCycle>false</autoIncrementCycle>
</Column>
<Column name="VLO_TX" id="DDC23992-2D68-654B-E263-35CE84855161">
<sourceConnName>HIGIA_DEV.ENDERECO</sourceConnName>
<sourceObjSchema>LOG_VAR_LOG</sourceObjSchema>
<sourceObjName>VLO_TX</sourceObjName>
<createdBy>labbe</createdBy>
<createdTime>2017-06-28 18:27:43 UTC</createdTime>
<commentInRDBMS>nome da variação do logradouro</commentInRDBMS>
<ownerDesignName>higia</ownerDesignName>
<useDomainConstraints>false</useDomainConstraints>
<use>1</use>
<logicalDatatype>LOGDT024</logicalDatatype>
<dataTypeSize>150 BYTE</dataTypeSize>
<ownDataTypeParameters>150 BYTE,,</ownDataTypeParameters>
<autoIncrementCycle>false</autoIncrementCycle>
</Column>
</columns>
<indexes itemClass="oracle.dbtools.crest.model.design.relational.Index">
<ind_PK_UK id="D9A94E88-43FF-B5AF-CDA7-189CD5B2D72E" name="PK_LOG_VAR_LOG">
<sourceConnName>HIGIA_DEV.ENDERECO</sourceConnName>
<sourceObjSchema>ENDERECO</sourceObjSchema>
<sourceObjName>PK_LOG_VAR_LOG</sourceObjName>
<createdBy>labbe</createdBy>
<createdTime>2017-06-28 18:28:23 UTC</createdTime>
<ownerDesignName>higia</ownerDesignName>
<pk>true</pk>
<indexState>Primary Constraint</indexState>
<isSurrogateKey>false</isSurrogateKey>
<indexColumnUsage>
<colUsage columnID="3EFF339F-6606-1E09-8A27-DC6EF12BB892"/>
<colUsage columnID="47931A89-1404-C05D-460F-EFE8DECF04FB"/>
</indexColumnUsage>
</ind_PK_UK>
<ind_PK_UK id="CB44AE67-A69E-2D45-719E-4D80E1538B58" schemaObject="98BF7BAD-6E06-AAA5-C899-4E17FCC779A9" name="PK_LOG_VAR_LOG">
<sourceConnName>HIGIA_DEV.ENDERECO</sourceConnName>
<sourceObjSchema>ENDERECO</sourceObjSchema>
<sourceObjName>PK_LOG_VAR_LOG</sourceObjName>
<createdBy>labbe</createdBy>
<createdTime>2017-06-28 18:27:49 UTC</createdTime>
<ownerDesignName>higia</ownerDesignName>
<indexState>Unique Plain Index</indexState>
<isSurrogateKey>false</isSurrogateKey>
<indexColumnUsage>
<colUsage columnID="3EFF339F-6606-1E09-8A27-DC6EF12BB892"/>
<colUsage columnID="47931A89-1404-C05D-460F-EFE8DECF04FB"/>
</indexColumnUsage>
</ind_PK_UK>
</indexes>
</Table>