<?xml version = '1.0' encoding = 'UTF-8'?>
<Table class="oracle.dbtools.crest.model.design.relational.Table" directorySegmentName="seg_0" id="C1BF6B39-31B7-6CAD-0FF5-9D51A309FDD9" schemaObject="98BF7BAD-6E06-AAA5-C899-4E17FCC779A9" name="LOG_FAIXA_CPC">
<sourceConnName>HIGIA_DEV.ENDERECO</sourceConnName>
<sourceObjSchema>ENDERECO</sourceObjSchema>
<sourceObjName>LOG_FAIXA_CPC</sourceObjName>
<createdBy>labbe</createdBy>
<createdTime>2017-06-28 18:27:09 UTC</createdTime>
<commentInRDBMS>Faixa de Caixa Postal Comunitária</commentInRDBMS>
<ownerDesignName>higia</ownerDesignName>
<allowColumnReorder>false</allowColumnReorder>
<existDependencyGenerateInDDl>true</existDependencyGenerateInDDl>
<parsed>true</parsed>
<columns itemClass="oracle.dbtools.crest.model.design.relational.Column">
<Column name="CPC_NU" id="75C04542-98A0-72E9-54A7-C024D69566D1">
<sourceConnName>HIGIA_DEV.ENDERECO</sourceConnName>
<sourceObjSchema>LOG_FAIXA_CPC</sourceObjSchema>
<sourceObjName>CPC_NU</sourceObjName>
<createdBy>labbe</createdBy>
<createdTime>2017-06-28 18:27:27 UTC</createdTime>
<commentInRDBMS>chave da caixa postal comunitária</commentInRDBMS>
<ownerDesignName>higia</ownerDesignName>
<useDomainConstraints>false</useDomainConstraints>
<use>1</use>
<logicalDatatype>LOGDT019</logicalDatatype>
<ownDataTypeParameters>,,</ownDataTypeParameters>
<autoIncrementCycle>false</autoIncrementCycle>
</Column>
<Column name="CPC_INICIAL" id="28C74289-4886-D9DB-8D1F-C0A14B97B1EE">
<sourceConnName>HIGIA_DEV.ENDERECO</sourceConnName>
<sourceObjSchema>LOG_FAIXA_CPC</sourceObjSchema>
<sourceObjName>CPC_INICIAL</sourceObjName>
<createdBy>labbe</createdBy>
<createdTime>2017-06-28 18:27:28 UTC</createdTime>
<commentInRDBMS>número inicial da caixa postal comunitária</commentInRDBMS>
<ownerDesignName>higia</ownerDesignName>
<useDomainConstraints>false</useDomainConstraints>
<use>1</use>
<logicalDatatype>LOGDT024</logicalDatatype>
<dataTypeSize>6 BYTE</dataTypeSize>
<ownDataTypeParameters>6 BYTE,,</ownDataTypeParameters>
<autoIncrementCycle>false</autoIncrementCycle>
</Column>
<Column name="CPC_FINAL" id="A8B3E9FE-A578-D89E-2784-EC711D8D230A">
<sourceConnName>HIGIA_DEV.ENDERECO</sourceConnName>
<sourceObjSchema>LOG_FAIXA_CPC</sourceObjSchema>
<sourceObjName>CPC_FINAL</sourceObjName>
<createdBy>labbe</createdBy>
<createdTime>2017-06-28 18:27:28 UTC</createdTime>
<commentInRDBMS>número final da caixa postal comunitária</commentInRDBMS>
<ownerDesignName>higia</ownerDesignName>
<useDomainConstraints>false</useDomainConstraints>
<use>1</use>
<logicalDatatype>LOGDT024</logicalDatatype>
<dataTypeSize>6 BYTE</dataTypeSize>
<ownDataTypeParameters>6 BYTE,,</ownDataTypeParameters>
<autoIncrementCycle>false</autoIncrementCycle>
</Column>
</columns>
<indexes itemClass="oracle.dbtools.crest.model.design.relational.Index">
<ind_PK_UK id="13F9C363-E0E3-AAC4-7BF6-793B66D66123" name="PK_LOG_FAIXA_CPC">
<sourceConnName>HIGIA_DEV.ENDERECO</sourceConnName>
<sourceObjSchema>ENDERECO</sourceObjSchema>
<sourceObjName>PK_LOG_FAIXA_CPC</sourceObjName>
<createdBy>labbe</createdBy>
<createdTime>2017-06-28 18:28:07 UTC</createdTime>
<ownerDesignName>higia</ownerDesignName>
<pk>true</pk>
<indexState>Primary Constraint</indexState>
<isSurrogateKey>false</isSurrogateKey>
<indexColumnUsage>
<colUsage columnID="75C04542-98A0-72E9-54A7-C024D69566D1"/>
<colUsage columnID="28C74289-4886-D9DB-8D1F-C0A14B97B1EE"/>
</indexColumnUsage>
</ind_PK_UK>
<ind_PK_UK id="B7805F25-E7C2-5F9B-E6AD-12768B130685" schemaObject="98BF7BAD-6E06-AAA5-C899-4E17FCC779A9" name="PK_LOG_FAIXA_CPC">
<sourceConnName>HIGIA_DEV.ENDERECO</sourceConnName>
<sourceObjSchema>ENDERECO</sourceObjSchema>
<sourceObjName>PK_LOG_FAIXA_CPC</sourceObjName>
<createdBy>labbe</createdBy>
<createdTime>2017-06-28 18:27:47 UTC</createdTime>
<ownerDesignName>higia</ownerDesignName>
<indexState>Unique Plain Index</indexState>
<isSurrogateKey>false</isSurrogateKey>
<indexColumnUsage>
<colUsage columnID="75C04542-98A0-72E9-54A7-C024D69566D1"/>
<colUsage columnID="28C74289-4886-D9DB-8D1F-C0A14B97B1EE"/>
</indexColumnUsage>
</ind_PK_UK>
</indexes>
</Table>