<?xml version = '1.0' encoding = 'UTF-8'?>
<Table class="oracle.dbtools.crest.model.design.relational.Table" directorySegmentName="seg_0" id="DC04A00A-804D-046D-36BE-C816730FB779" schemaObject="98BF7BAD-6E06-AAA5-C899-4E17FCC779A9" name="RESP_FINANCEIRO_ENDERECO">
<sourceConnName>HIGIA_DEV.ENDERECO</sourceConnName>
<sourceObjSchema>ENDERECO</sourceObjSchema>
<sourceObjName>RESP_FINANCEIRO_ENDERECO</sourceObjName>
<createdBy>labbe</createdBy>
<createdTime>2017-06-28 18:27:14 UTC</createdTime>
<ownerDesignName>higia</ownerDesignName>
<allowColumnReorder>false</allowColumnReorder>
<existDependencyGenerateInDDl>true</existDependencyGenerateInDDl>
<parsed>true</parsed>
<columns itemClass="oracle.dbtools.crest.model.design.relational.Column">
<Column name="COD_RESPONSAVEL_FINANCEIRO" id="74E3FA57-B50E-B076-F367-5222E14AA3FF">
<sourceConnName>HIGIA_DEV.ENDERECO</sourceConnName>
<sourceObjSchema>RESP_FINANCEIRO_ENDERECO</sourceObjSchema>
<sourceObjName>COD_RESPONSAVEL_FINANCEIRO</sourceObjName>
<createdBy>labbe</createdBy>
<createdTime>2017-06-28 18:27:43 UTC</createdTime>
<ownerDesignName>higia</ownerDesignName>
<useDomainConstraints>false</useDomainConstraints>
<use>1</use>
<logicalDatatype>LOGDT019</logicalDatatype>
<dataTypePrecision>*</dataTypePrecision>
<dataTypeScale>0</dataTypeScale>
<ownDataTypeParameters>,*,0</ownDataTypeParameters>
<autoIncrementCycle>false</autoIncrementCycle>
</Column>
<Column name="COD_ENDERECO" id="31D9F257-7905-4FA5-81E1-86CE318F3C03">
<sourceConnName>HIGIA_DEV.ENDERECO</sourceConnName>
<sourceObjSchema>RESP_FINANCEIRO_ENDERECO</sourceObjSchema>
<sourceObjName>COD_ENDERECO</sourceObjName>
<createdBy>labbe</createdBy>
<createdTime>2017-06-28 18:27:43 UTC</createdTime>
<ownerDesignName>higia</ownerDesignName>
<useDomainConstraints>false</useDomainConstraints>
<use>1</use>
<logicalDatatype>LOGDT019</logicalDatatype>
<dataTypePrecision>*</dataTypePrecision>
<dataTypeScale>0</dataTypeScale>
<ownDataTypeParameters>,*,0</ownDataTypeParameters>
<autoIncrementCycle>false</autoIncrementCycle>
<associations>
<colAssociation fkAssociation="5E851155-8371-52A3-096C-2AEAF67317E1" referredColumn="65AA8B92-DDCF-D1CE-C0A4-8CC7487C3B59"/>
</associations>
</Column>
</columns>
<indexes itemClass="oracle.dbtools.crest.model.design.relational.Index">
<ind_PK_UK id="B87CE53A-F5BC-9B46-383F-8B048502AD0E" name="PK_RESP_FINANCEIRO">
<sourceConnName>HIGIA_DEV.ENDERECO</sourceConnName>
<sourceObjSchema>ENDERECO</sourceObjSchema>
<sourceObjName>PK_RESP_FINANCEIRO</sourceObjName>
<createdBy>labbe</createdBy>
<createdTime>2017-06-28 18:28:25 UTC</createdTime>
<ownerDesignName>higia</ownerDesignName>
<pk>true</pk>
<indexState>Primary Constraint</indexState>
<isSurrogateKey>false</isSurrogateKey>
<indexColumnUsage>
<colUsage columnID="31D9F257-7905-4FA5-81E1-86CE318F3C03"/>
</indexColumnUsage>
</ind_PK_UK>
<ind_PK_UK id="AACD390E-ED64-C4B4-CAC0-CF3434CE79AA" schemaObject="98BF7BAD-6E06-AAA5-C899-4E17FCC779A9" name="PK_RESP_FINANCEIRO">
<sourceConnName>HIGIA_DEV.ENDERECO</sourceConnName>
<sourceObjSchema>ENDERECO</sourceObjSchema>
<sourceObjName>PK_RESP_FINANCEIRO</sourceObjName>
<createdBy>labbe</createdBy>
<createdTime>2017-06-28 18:27:50 UTC</createdTime>
<ownerDesignName>higia</ownerDesignName>
<indexState>Unique Plain Index</indexState>
<isSurrogateKey>false</isSurrogateKey>
<indexColumnUsage>
<colUsage columnID="31D9F257-7905-4FA5-81E1-86CE318F3C03"/>
</indexColumnUsage>
</ind_PK_UK>
<ind_PK_UK id="4D4BB901-EDE7-4DE7-5734-B16DDE46F684" name="FK_RESP_FINANCEIRO_1">
<createdBy>labbe</createdBy>
<createdTime>2017-06-28 18:28:27 UTC</createdTime>
<ownerDesignName>higia</ownerDesignName>
<indexState>Foreign Key</indexState>
<isSurrogateKey>false</isSurrogateKey>
<indexColumnUsage>
<colUsage columnID="31D9F257-7905-4FA5-81E1-86CE318F3C03"/>
</indexColumnUsage>
</ind_PK_UK>
</indexes>
</Table>