<?xml version = '1.0' encoding = 'UTF-8'?>
<Table class="oracle.dbtools.crest.model.design.relational.Table" directorySegmentName="seg_0" id="E4ED0886-158E-EEA7-1A38-75371E2D75B1" schemaObject="98BF7BAD-6E06-AAA5-C899-4E17FCC779A9" name="LOG_LOGRADOURO">
<sourceConnName>HIGIA_DEV.ENDERECO</sourceConnName>
<sourceObjSchema>ENDERECO</sourceObjSchema>
<sourceObjName>LOG_LOGRADOURO</sourceObjName>
<createdBy>labbe</createdBy>
<createdTime>2017-06-28 18:27:12 UTC</createdTime>
<commentInRDBMS>Este arquivo contém os registros das localidades codificadas por  logradouro(LOC_IN_SIT=1). Para encontrar o bairro do logradouro, utilize o campo BAI_NU_INI(relacionamento com LOG_BAIRRO, campo BAI_NU) ? o bairro final, campo BAI_NU_FIM, está sendo desativado.</commentInRDBMS>
<ownerDesignName>higia</ownerDesignName>
<allowColumnReorder>false</allowColumnReorder>
<existDependencyGenerateInDDl>true</existDependencyGenerateInDDl>
<parsed>true</parsed>
<columns itemClass="oracle.dbtools.crest.model.design.relational.Column">
<Column name="LOG_NU" id="65B63B8A-37EB-4A69-9D71-977F068DA871">
<sourceConnName>HIGIA_DEV.ENDERECO</sourceConnName>
<sourceObjSchema>LOG_LOGRADOURO</sourceObjSchema>
<sourceObjName>LOG_NU</sourceObjName>
<createdBy>labbe</createdBy>
<createdTime>2017-06-28 18:27:35 UTC</createdTime>
<commentInRDBMS>chave do logradouro</commentInRDBMS>
<ownerDesignName>higia</ownerDesignName>
<useDomainConstraints>false</useDomainConstraints>
<use>1</use>
<logicalDatatype>LOGDT019</logicalDatatype>
<ownDataTypeParameters>,,</ownDataTypeParameters>
<autoIncrementCycle>false</autoIncrementCycle>
</Column>
<Column name="UFE_SG" id="97EB110E-A5BB-05F0-45E2-A9808838078C">
<sourceConnName>HIGIA_DEV.ENDERECO</sourceConnName>
<sourceObjSchema>LOG_LOGRADOURO</sourceObjSchema>
<sourceObjName>UFE_SG</sourceObjName>
<createdBy>labbe</createdBy>
<createdTime>2017-06-28 18:27:35 UTC</createdTime>
<commentInRDBMS>sigla da UF</commentInRDBMS>
<ownerDesignName>higia</ownerDesignName>
<useDomainConstraints>false</useDomainConstraints>
<use>1</use>
<logicalDatatype>LOGDT025</logicalDatatype>
<dataTypeSize>2 BYTE</dataTypeSize>
<ownDataTypeParameters>2 BYTE,,</ownDataTypeParameters>
<autoIncrementCycle>false</autoIncrementCycle>
</Column>
<Column name="LOC_NU" id="A40FD5DD-ACD5-7085-3B8D-802BB849B2DD">
<sourceConnName>HIGIA_DEV.ENDERECO</sourceConnName>
<sourceObjSchema>LOG_LOGRADOURO</sourceObjSchema>
<sourceObjName>LOC_NU</sourceObjName>
<createdBy>labbe</createdBy>
<createdTime>2017-06-28 18:27:35 UTC</createdTime>
<commentInRDBMS>chave da localidade</commentInRDBMS>
<ownerDesignName>higia</ownerDesignName>
<useDomainConstraints>false</useDomainConstraints>
<use>1</use>
<logicalDatatype>LOGDT019</logicalDatatype>
<ownDataTypeParameters>,,</ownDataTypeParameters>
<autoIncrementCycle>false</autoIncrementCycle>
</Column>
<Column name="BAI_NU_INI" id="D51C9D8D-795C-69CA-4724-355A9CB07C7E">
<sourceConnName>HIGIA_DEV.ENDERECO</sourceConnName>
<sourceObjSchema>LOG_LOGRADOURO</sourceObjSchema>
<sourceObjName>BAI_NU_INI</sourceObjName>
<createdBy>labbe</createdBy>
<createdTime>2017-06-28 18:27:35 UTC</createdTime>
<commentInRDBMS>chave do bairro inicial do logradouro</commentInRDBMS>
<ownerDesignName>higia</ownerDesignName>
<useDomainConstraints>false</useDomainConstraints>
<use>1</use>
<logicalDatatype>LOGDT019</logicalDatatype>
<ownDataTypeParameters>,,</ownDataTypeParameters>
<autoIncrementCycle>false</autoIncrementCycle>
</Column>
<Column name="BAI_NU_FIM" id="EFBEECAA-9DAB-2E62-1047-6688DE919BA9">
<sourceConnName>HIGIA_DEV.ENDERECO</sourceConnName>
<sourceObjSchema>LOG_LOGRADOURO</sourceObjSchema>
<sourceObjName>BAI_NU_FIM</sourceObjName>
<createdBy>labbe</createdBy>
<createdTime>2017-06-28 18:27:36 UTC</createdTime>
<commentInRDBMS>chave do bairro final do logradouro (opcional)</commentInRDBMS>
<ownerDesignName>higia</ownerDesignName>
<nullsAllowed>true</nullsAllowed>
<useDomainConstraints>false</useDomainConstraints>
<use>1</use>
<logicalDatatype>LOGDT019</logicalDatatype>
<ownDataTypeParameters>,,</ownDataTypeParameters>
<autoIncrementCycle>false</autoIncrementCycle>
</Column>
<Column name="LOG_NO" id="3B0F1B3D-7508-AD76-92CE-40CB88E338EE">
<sourceConnName>HIGIA_DEV.ENDERECO</sourceConnName>
<sourceObjSchema>LOG_LOGRADOURO</sourceObjSchema>
<sourceObjName>LOG_NO</sourceObjName>
<createdBy>labbe</createdBy>
<createdTime>2017-06-28 18:27:36 UTC</createdTime>
<commentInRDBMS>nome do logradouro</commentInRDBMS>
<ownerDesignName>higia</ownerDesignName>
<useDomainConstraints>false</useDomainConstraints>
<use>1</use>
<logicalDatatype>LOGDT024</logicalDatatype>
<dataTypeSize>100 BYTE</dataTypeSize>
<ownDataTypeParameters>100 BYTE,,</ownDataTypeParameters>
<autoIncrementCycle>false</autoIncrementCycle>
</Column>
<Column name="LOG_COMPLEMENTO" id="6A773964-2937-A5BA-BD6D-F2B08758A092">
<sourceConnName>HIGIA_DEV.ENDERECO</sourceConnName>
<sourceObjSchema>LOG_LOGRADOURO</sourceObjSchema>
<sourceObjName>LOG_COMPLEMENTO</sourceObjName>
<createdBy>labbe</createdBy>
<createdTime>2017-06-28 18:27:36 UTC</createdTime>
<commentInRDBMS>complemento do logradouro (opcional)</commentInRDBMS>
<ownerDesignName>higia</ownerDesignName>
<nullsAllowed>true</nullsAllowed>
<useDomainConstraints>false</useDomainConstraints>
<use>1</use>
<logicalDatatype>LOGDT024</logicalDatatype>
<dataTypeSize>100 BYTE</dataTypeSize>
<ownDataTypeParameters>100 BYTE,,</ownDataTypeParameters>
<autoIncrementCycle>false</autoIncrementCycle>
</Column>
<Column name="CEP" id="9625F41C-6CF8-606D-12BB-CD1D548ACA2D">
<sourceConnName>HIGIA_DEV.ENDERECO</sourceConnName>
<sourceObjSchema>LOG_LOGRADOURO</sourceObjSchema>
<sourceObjName>CEP</sourceObjName>
<createdBy>labbe</createdBy>
<createdTime>2017-06-28 18:27:36 UTC</createdTime>
<commentInRDBMS>CEP do logradouro</commentInRDBMS>
<ownerDesignName>higia</ownerDesignName>
<useDomainConstraints>false</useDomainConstraints>
<use>1</use>
<logicalDatatype>LOGDT025</logicalDatatype>
<dataTypeSize>8 BYTE</dataTypeSize>
<ownDataTypeParameters>8 BYTE,,</ownDataTypeParameters>
<autoIncrementCycle>false</autoIncrementCycle>
</Column>
<Column name="TLO_TX" id="05DA3F2A-AD85-2BA7-DB6B-60A4C7E78EB9">
<sourceConnName>HIGIA_DEV.ENDERECO</sourceConnName>
<sourceObjSchema>LOG_LOGRADOURO</sourceObjSchema>
<sourceObjName>TLO_TX</sourceObjName>
<createdBy>labbe</createdBy>
<createdTime>2017-06-28 18:27:36 UTC</createdTime>
<commentInRDBMS>tipo de logradouro</commentInRDBMS>
<ownerDesignName>higia</ownerDesignName>
<useDomainConstraints>false</useDomainConstraints>
<use>1</use>
<logicalDatatype>LOGDT024</logicalDatatype>
<dataTypeSize>36 BYTE</dataTypeSize>
<ownDataTypeParameters>36 BYTE,,</ownDataTypeParameters>
<autoIncrementCycle>false</autoIncrementCycle>
</Column>
<Column name="LOG_STA_TLO" id="F03FDC1F-F777-7DCF-381C-DE51077B91F7">
<sourceConnName>HIGIA_DEV.ENDERECO</sourceConnName>
<sourceObjSchema>LOG_LOGRADOURO</sourceObjSchema>
<sourceObjName>LOG_STA_TLO</sourceObjName>
<createdBy>labbe</createdBy>
<createdTime>2017-06-28 18:27:37 UTC</createdTime>
<commentInRDBMS>indicador de utilização do tipo de logradouro (S ou N) (opcional)</commentInRDBMS>
<ownerDesignName>higia</ownerDesignName>
<nullsAllowed>true</nullsAllowed>
<useDomainConstraints>false</useDomainConstraints>
<use>1</use>
<logicalDatatype>LOGDT025</logicalDatatype>
<dataTypeSize>1 BYTE</dataTypeSize>
<ownDataTypeParameters>1 BYTE,,</ownDataTypeParameters>
<autoIncrementCycle>false</autoIncrementCycle>
</Column>
<Column name="LOG_NO_ABREV" id="491038D0-5BB0-6300-5527-A61CC6CD7809">
<sourceConnName>HIGIA_DEV.ENDERECO</sourceConnName>
<sourceObjSchema>LOG_LOGRADOURO</sourceObjSchema>
<sourceObjName>LOG_NO_ABREV</sourceObjName>
<createdBy>labbe</createdBy>
<createdTime>2017-06-28 18:27:37 UTC</createdTime>
<commentInRDBMS>abreviatura do nome do logradouro (opcional)</commentInRDBMS>
<ownerDesignName>higia</ownerDesignName>
<nullsAllowed>true</nullsAllowed>
<useDomainConstraints>false</useDomainConstraints>
<use>1</use>
<logicalDatatype>LOGDT024</logicalDatatype>
<dataTypeSize>36 BYTE</dataTypeSize>
<ownDataTypeParameters>36 BYTE,,</ownDataTypeParameters>
<autoIncrementCycle>false</autoIncrementCycle>
</Column>
</columns>
<indexes itemClass="oracle.dbtools.crest.model.design.relational.Index">
<ind_PK_UK id="9797F267-93E2-76F3-C839-BBC2CEF0D4C3" name="PK_LOG_LOGRADOURO">
<sourceConnName>HIGIA_DEV.ENDERECO</sourceConnName>
<sourceObjSchema>ENDERECO</sourceObjSchema>
<sourceObjName>PK_LOG_LOGRADOURO</sourceObjName>
<createdBy>labbe</createdBy>
<createdTime>2017-06-28 18:28:15 UTC</createdTime>
<ownerDesignName>higia</ownerDesignName>
<pk>true</pk>
<indexState>Primary Constraint</indexState>
<isSurrogateKey>false</isSurrogateKey>
<indexColumnUsage>
<colUsage columnID="65B63B8A-37EB-4A69-9D71-977F068DA871"/>
</indexColumnUsage>
</ind_PK_UK>
<ind_PK_UK id="9350F4D8-D5E0-C1CE-F38B-1F8080970ACC" schemaObject="98BF7BAD-6E06-AAA5-C899-4E17FCC779A9" name="PK_LOG_LOGRADOURO">
<sourceConnName>HIGIA_DEV.ENDERECO</sourceConnName>
<sourceObjSchema>ENDERECO</sourceObjSchema>
<sourceObjName>PK_LOG_LOGRADOURO</sourceObjName>
<createdBy>labbe</createdBy>
<createdTime>2017-06-28 18:27:48 UTC</createdTime>
<ownerDesignName>higia</ownerDesignName>
<indexState>Unique Plain Index</indexState>
<isSurrogateKey>false</isSurrogateKey>
<indexColumnUsage>
<colUsage columnID="65B63B8A-37EB-4A69-9D71-977F068DA871"/>
</indexColumnUsage>
</ind_PK_UK>
</indexes>
</Table>