<?xml version = '1.0' encoding = 'UTF-8'?>
<Table class="oracle.dbtools.crest.model.design.relational.Table" directorySegmentName="seg_0" id="EF9FFDFD-C263-5090-47B6-002A9EB40586" schemaObject="98BF7BAD-6E06-AAA5-C899-4E17FCC779A9" name="ECT_PAIS">
<sourceConnName>HIGIA_DEV.ENDERECO</sourceConnName>
<sourceObjSchema>ENDERECO</sourceObjSchema>
<sourceObjName>ECT_PAIS</sourceObjName>
<createdBy>labbe</createdBy>
<createdTime>2017-06-28 18:27:05 UTC</createdTime>
<commentInRDBMS>Relação dos Nomes dos Países, suas siglas e grafias em inglês e francês</commentInRDBMS>
<ownerDesignName>higia</ownerDesignName>
<allowColumnReorder>false</allowColumnReorder>
<existDependencyGenerateInDDl>true</existDependencyGenerateInDDl>
<parsed>true</parsed>
<columns itemClass="oracle.dbtools.crest.model.design.relational.Column">
<Column name="PAI_SG" id="CFA0A7C4-538D-9567-C8C9-5511106B273C">
<sourceConnName>HIGIA_DEV.ENDERECO</sourceConnName>
<sourceObjSchema>ECT_PAIS</sourceObjSchema>
<sourceObjName>PAI_SG</sourceObjName>
<createdBy>labbe</createdBy>
<createdTime>2017-06-28 18:27:17 UTC</createdTime>
<commentInRDBMS>Sigla do País</commentInRDBMS>
<ownerDesignName>higia</ownerDesignName>
<useDomainConstraints>false</useDomainConstraints>
<use>1</use>
<logicalDatatype>LOGDT025</logicalDatatype>
<dataTypeSize>2 BYTE</dataTypeSize>
<ownDataTypeParameters>2 BYTE,,</ownDataTypeParameters>
<autoIncrementCycle>false</autoIncrementCycle>
</Column>
<Column name="PAI_SG_ALTERNATIVA" id="EA43E57E-AB70-D32A-2A6D-51FBA2108C73">
<sourceConnName>HIGIA_DEV.ENDERECO</sourceConnName>
<sourceObjSchema>ECT_PAIS</sourceObjSchema>
<sourceObjName>PAI_SG_ALTERNATIVA</sourceObjName>
<createdBy>labbe</createdBy>
<createdTime>2017-06-28 18:27:17 UTC</createdTime>
<ownerDesignName>higia</ownerDesignName>
<useDomainConstraints>false</useDomainConstraints>
<use>1</use>
<logicalDatatype>LOGDT025</logicalDatatype>
<dataTypeSize>3 BYTE</dataTypeSize>
<ownDataTypeParameters>3 BYTE,,</ownDataTypeParameters>
<autoIncrementCycle>false</autoIncrementCycle>
</Column>
<Column name="PAI_NO_FRANCES" id="93A91A1F-99F5-4403-6F58-A454C4416D70">
<sourceConnName>HIGIA_DEV.ENDERECO</sourceConnName>
<sourceObjSchema>ECT_PAIS</sourceObjSchema>
<sourceObjName>PAI_NO_FRANCES</sourceObjName>
<createdBy>labbe</createdBy>
<createdTime>2017-06-28 18:27:17 UTC</createdTime>
<ownerDesignName>higia</ownerDesignName>
<useDomainConstraints>false</useDomainConstraints>
<use>1</use>
<logicalDatatype>LOGDT024</logicalDatatype>
<dataTypeSize>72 BYTE</dataTypeSize>
<ownDataTypeParameters>72 BYTE,,</ownDataTypeParameters>
<autoIncrementCycle>false</autoIncrementCycle>
</Column>
<Column name="PAI_NO_PORTUGUES" id="D75508DD-D133-813C-F4A7-336B13E9282A">
<sourceConnName>HIGIA_DEV.ENDERECO</sourceConnName>
<sourceObjSchema>ECT_PAIS</sourceObjSchema>
<sourceObjName>PAI_NO_PORTUGUES</sourceObjName>
<createdBy>labbe</createdBy>
<createdTime>2017-06-28 18:27:17 UTC</createdTime>
<commentInRDBMS>número final da caixa postal</commentInRDBMS>
<ownerDesignName>higia</ownerDesignName>
<useDomainConstraints>false</useDomainConstraints>
<use>1</use>
<logicalDatatype>LOGDT024</logicalDatatype>
<dataTypeSize>72 BYTE</dataTypeSize>
<ownDataTypeParameters>72 BYTE,,</ownDataTypeParameters>
<autoIncrementCycle>false</autoIncrementCycle>
</Column>
<Column name="PAI_NO_INGLES" id="48321EF0-5409-4126-1464-188C6AD36CC4">
<sourceConnName>HIGIA_DEV.ENDERECO</sourceConnName>
<sourceObjSchema>ECT_PAIS</sourceObjSchema>
<sourceObjName>PAI_NO_INGLES</sourceObjName>
<createdBy>labbe</createdBy>
<createdTime>2017-06-28 18:27:18 UTC</createdTime>
<ownerDesignName>higia</ownerDesignName>
<useDomainConstraints>false</useDomainConstraints>
<use>1</use>
<logicalDatatype>LOGDT024</logicalDatatype>
<dataTypeSize>72 BYTE</dataTypeSize>
<ownDataTypeParameters>72 BYTE,,</ownDataTypeParameters>
<autoIncrementCycle>false</autoIncrementCycle>
</Column>
<Column name="PAI_ABREVIATURA" id="DD14FCBC-5F51-3C05-0C55-8C844010889C">
<sourceConnName>HIGIA_DEV.ENDERECO</sourceConnName>
<sourceObjSchema>ECT_PAIS</sourceObjSchema>
<sourceObjName>PAI_ABREVIATURA</sourceObjName>
<createdBy>labbe</createdBy>
<createdTime>2017-06-28 18:27:18 UTC</createdTime>
<ownerDesignName>higia</ownerDesignName>
<useDomainConstraints>false</useDomainConstraints>
<use>1</use>
<logicalDatatype>LOGDT024</logicalDatatype>
<dataTypeSize>36 BYTE</dataTypeSize>
<ownDataTypeParameters>36 BYTE,,</ownDataTypeParameters>
<autoIncrementCycle>false</autoIncrementCycle>
</Column>
</columns>
<indexes itemClass="oracle.dbtools.crest.model.design.relational.Index">
<ind_PK_UK id="9C9C6920-0053-0BDC-8263-1E3E1A3DE9C0" name="PK_ECT_PAIS">
<sourceConnName>HIGIA_DEV.ENDERECO</sourceConnName>
<sourceObjSchema>ENDERECO</sourceObjSchema>
<sourceObjName>PK_ECT_PAIS</sourceObjName>
<createdBy>labbe</createdBy>
<createdTime>2017-06-28 18:27:53 UTC</createdTime>
<ownerDesignName>higia</ownerDesignName>
<pk>true</pk>
<indexState>Primary Constraint</indexState>
<isSurrogateKey>false</isSurrogateKey>
<indexColumnUsage>
<colUsage columnID="CFA0A7C4-538D-9567-C8C9-5511106B273C"/>
</indexColumnUsage>
</ind_PK_UK>
<ind_PK_UK id="E407B8F7-9A33-95D8-7333-C583CF77A905" schemaObject="98BF7BAD-6E06-AAA5-C899-4E17FCC779A9" name="PK_ECT_PAIS">
<sourceConnName>HIGIA_DEV.ENDERECO</sourceConnName>
<sourceObjSchema>ENDERECO</sourceObjSchema>
<sourceObjName>PK_ECT_PAIS</sourceObjName>
<createdBy>labbe</createdBy>
<createdTime>2017-06-28 18:27:45 UTC</createdTime>
<ownerDesignName>higia</ownerDesignName>
<indexState>Unique Plain Index</indexState>
<isSurrogateKey>false</isSurrogateKey>
<indexColumnUsage>
<colUsage columnID="CFA0A7C4-538D-9567-C8C9-5511106B273C"/>
</indexColumnUsage>
</ind_PK_UK>
</indexes>
</Table>